prior,prior_label,n_origins,seeds_per_origin,test_mse_mean,test_mse_sd_across_origins,test_mse_min_origin,test_mse_max_origin,mse_rank
no_prior,No Prior,4,3,11110.04121025961,6803.489962111115,2842.5339739944866,18218.68893144841,1
lodes_work_d80,LODES Work,4,3,11366.447231378967,6349.36366177345,3104.025171857554,18170.691234997885,2
adaptive_pwccf,Data-Inferred Network,4,3,11468.460483767498,6295.693736052857,2746.7123502875675,17498.622985435803,3
adjacency_d80,Neighbor Network,4,3,11612.310787952112,6244.207870196953,2762.6775848309794,17224.55432991129,4
distance_d80,Distance,4,3,11694.45376889377,6832.520198246615,2690.7442145166488,18325.406469318874,5
hybrid_d80,Geographic Hybrid,4,3,12052.570103533068,6487.788434491799,2684.9717595424554,17255.29219332254,6
lodes_sym_d80,LODES Symmetric,4,3,12060.590098901743,6701.8880631950915,3024.0420601153687,17264.119175571843,7
lodes_home_d80,LODES Home,4,3,12461.631724326911,7023.053138022914,3186.4362606806267,18624.997277268027,8
identity_fixed,Identity (fixed),4,3,12749.055803678624,7366.293921932289,2869.4904127008194,18654.220594606177,9
lodes_home_permuted_d80,Permuted LODES,4,3,12820.297551120839,7518.165744184371,2449.7956055746913,18904.12978018579,10
wrong_d80,Anti-Distance,4,3,13604.061798321556,8459.31286501204,3141.9223888585075,22025.606243565406,11
