Spatial prior,Test NLL,MAE,MSE
Data-Inferred Transmission Network,6.4530051946640015,109.89825345498544,29937.74652634133
Neighbor Network,6.463871121406555,109.79565836588542,29807.722712868843
Local-Only Network,6.468869129816691,113.2620339817471,31999.24276385919
Mobility-Geography Ensemble Network,6.4803545872370405,114.53024328373095,31788.56972374553
Bidirectional Commuting Network,6.4843244155248,115.44332002710412,32773.64023447743
Neighbor-Distance Network,6.485217610994975,114.17562454718131,31116.72589886808
Home-to-Work Commuting Network,6.4852224588394165,113.73654785862676,31750.99718288501
Distance-Decay Network,6.487695415814717,115.40795009047896,32328.7390011199
Work-to-Home Exposure Network,6.488583445549011,116.13321094159728,33695.57190034369
Shuffled Commuting Control,6.493353764216105,117.22424387048792,34745.88005057843
Farther-County Placebo Network,6.498609860738118,121.58551370479442,37273.160110111385
Unregularized Learned Network,6.548565864562988,121.45883451920967,39720.789818080186
