path,bytes,sha256
.gitignore,730,e191a20f2fa6ff591dac2077a371e1d3222c714320e7a5da5e96d605953f542a
CITATION.cff,343,3bb70539a9de0fc4ad7fab88ba25ac3b52bfd6a89b8a27630edff2cda1c0309d
data/external/cdc_neighbor_states_weekly_cases_2020.csv,5172,b922b612f955c8acb8e3bf48ee1739e6e42aea543bf2d599e14964a144a093e4
data/public_priors/adjacency_binary.csv,17174,943acac222893f68bf58fb648c9e65dcd44398523183032427cb7b25ecc614cb
data/public_priors/adjacency_binary_by_name.csv,17705,a5d79863068a506f025c6dcf1d507d94896d4c4e8f84c08bad29ab83a6ca527e
data/public_priors/adjacency_shared_boundary_length_m.csv,18444,a616b4a353f7c043b6e629b5a046162c3c03dd53ac76d1df2c92abbd7a0b5062
data/public_priors/adjacency_shared_boundary_length_m_by_name.csv,18975,5bc68f1a0b74c0cf2f5a29470da7baa2b99218a70accb95c2dff9adb8c4b6e00
data/public_priors/C0_adjacency_diag80.csv,22463,f75e40e5b45c14ef752712452b3ec1e72433ad081b47ae13f5ce9cefab495cbc
data/public_priors/C0_adjacency_diag80_by_name.csv,22994,9595237ebfd79b42cd3e12f41a5c28bcdfe2f7e647aa2973861d92fc07a00ded
data/public_priors/C0_commute_diag80_2019_JT00.csv,84741,0e890102738d4d14ff2d883018fcfe5cd8f9d8516e61e16826ceacced124962e
data/public_priors/C0_commute_diag80_2019_JT00_by_name.csv,85277,b7d8cb9a887d11ed5aa13eed11a077042b3c287c3f82948ac6582c021b9517fd
data/public_priors/C0_commute_diag80_2019_JT01.csv,84374,bebebedd81fdf728e81c1855e86987708695e5cec73bccaf14f5a424a4fe15ea
data/public_priors/C0_commute_diag80_2019_JT01_by_name.csv,84910,622b6f82447fb99693b6f08c230d8279618c576f0d5dff00bc10211262387f1a
data/public_priors/C0_distance_diag80_scale75km.csv,88348,91cce206eb0ead2b743014bf9cc5110b09a35c2ba586b50fff4f5d022f82f998
data/public_priors/C0_distance_diag80_scale75km_by_name.csv,88879,3d73a3bed37cfdcd840df6cf6e5ecd5058460af4e1dbae08800d62f07376ea8b
data/public_priors/C0_hybrid_distance_adjacency_diag80.csv,89243,068c88836e1a91708735abb440e58da8c096b2883010ea2a1480d55959d941e5
data/public_priors/C0_hybrid_distance_adjacency_diag80_by_name.csv,89774,15cb37a911452e247521307ae3a84e9efd85774086b9ad76522f44b89ee858e0
data/public_priors/C0_hybrid_lodes_diag80_2019_JT00.csv,89597,9b7fc5e45c0c3639e7c683038fcfd875451240cf0e6a14355d6c2657e209f4f1
data/public_priors/C0_hybrid_lodes_diag80_2019_JT00_by_name.csv,90133,e39ceae80502261727b2130aaf5476e6649e9d793029114473679f02bb842627
data/public_priors/C0_hybrid_lodes_diag80_2019_JT01.csv,89411,d489de892a8cda14755dcbfb79c4b1e5cca290484d0b760bb37e734d1fca22aa
data/public_priors/C0_hybrid_lodes_diag80_2019_JT01_by_name.csv,89947,202692db293576d666598b16663e42811a73acf356c9ff88ece182467f44d827
data/public_priors/C0_identity.csv,17174,180a5ce2a2c8ee3e8c54261d02ceb6185c88c3985192610a8dd071e76742f725
data/public_priors/C0_identity_by_name.csv,17705,fa9257cf57c0dd5d76389409583963fbe16a2faee63cf841ded5b2ab3d267cf0
data/public_priors/C0_wrong_antidistance_diag80.csv,88356,709a0377413925d4873c40ab6f1b6bbfb181641a218b8063b560fbff39321674
data/public_priors/C0_wrong_antidistance_diag80_by_name.csv,88887,cb651b24e738638c93821e965f54ba1a702c90f0b2326d9006126033fe613d13
data/public_priors/C0_wrong_permuted_lodes_diag80_2019_JT00.csv,85320,eea051fd18780f622a3ebfa3f8c30133fa1b57b7851262eec59feaeb60bb6a1e
data/public_priors/C0_wrong_permuted_lodes_diag80_2019_JT00_by_name.csv,85856,3e1545fbed20faeb6d362c25eb8d0733b1df9fe682941abcc66fb19a7c01c32d
data/public_priors/C0_wrong_permuted_lodes_diag80_2019_JT01.csv,85066,b9350c0c2726b8c4522d38ed9b5b1258d0ff668928e8469ee4ce09c2aa17cc45
data/public_priors/C0_wrong_permuted_lodes_diag80_2019_JT01_by_name.csv,85602,a70cdfa8f4251275c4026f0e062156b641a2b70133069b5bc3f7d6522797a160
data/public_priors/commute_jobs_work_by_home_LODES2019_JT00.csv,20932,1fa08ba299f19d2d9f9e308c528308ac3421bcd6127e180425fb4823386f2bd5
data/public_priors/commute_jobs_work_by_home_LODES2019_JT00_by_name.csv,21447,16eacdca3b7826b55a54c777fbca38f716d7d5987ce12fa052db39a6c06271cb
data/public_priors/commute_jobs_work_by_home_LODES2019_JT01.csv,20848,9d38e0f6452b9223650f1dce25647ed231856fedef6d9771162bf6259ea5d62f
data/public_priors/commute_jobs_work_by_home_LODES2019_JT01_by_name.csv,21363,f7065c7f171a7300ebd3c16ac23b015d3740c78af48a5dad3f12c95bf012c9cb
data/public_priors/county_metadata_with_centroids.csv,4316,edd5d3566e89c01da90067387a0582a2a65357d3689451384db500bd3a1cdd47
data/public_priors/distance_km.csv,75572,4fb97b4857fc5c998ecbd821d6b34ac5b5df758a987f515292cb69594c7eb688
data/public_priors/distance_km_by_name.csv,76103,5b6faa3ec6863b6938b88fa58a5596928beb40be0e3daaa615b6ae187eeea10b
data/public_priors/lodes_download_manifest.csv,292,4cea24842027f59b7ef97e9dabd48727c044ac48f1bfd6974c5bda881f5a5398
data/public_priors/louisiana_adjacency_edges_from_census2025.csv,23460,3f7729940379bcea4a646661cfa1d5266b5d96b339ee069765322604f0dc15f1
data/public_priors/parish_metadata_with_centroids.csv,3530,1c77b28674036176185645cb8a3f8e04b685bb870c73463520fffdb46d334817
data/public_priors/prior_summary.csv,825,7b72c26e2679319febebb994f4bdba78d70c31964f4df345e60c368c998a446a
data/public_priors/prior_summary_lodes.csv,2509,6f93970fade35772259e2791b90fd1a62e308f653b9271c4173e45823c95baf6
data/public_priors/references.md,1282,ab5c6c23b339a64a51e217532c1bc9a045f88b999f81726599d5f79a83d09451
data/public_priors/references_lodes.md,711,9e616aa8c1dddbd6b58ef1286321965ce5910b7a1e584ad2ef8193372ea63ad3
data/public_priors/source_manifest.csv,997,39aee2cce8cb0351585d9a679f46cc178fe47ed6a5674c08b31ec94941022bec
data/README.md,596,53f80d6fa2b7ac650e1ce6238c26d4ccb025e6dcbeef8db1cb9390e4319bd3ce
DATA_PROVENANCE.md,2619,5738f8d3ffafa0095d5af38540ac6a0df23dff23535ae0d44f48011b86479fdf
experiments/README.md,1113,15062d82cc76998b7ac1180299bf6226ca6b5a087d1c1b19a5181533a19f3de9
experiments/real_data_fair_forecast_spatial_nb_experiment.py,26220,c1e3033a812f7e28b1beccc5b67e9aa893723ea938b866984cff52fb6b3af790
experiments/real_data_geoid_all64_theta2_combined_masked_origin.py,52064,3313e538774bfd158b437ea0f5beb16c6c020e5eb2b3b4dcc1cd3dfa164add26
experiments/real_data_geoid_all64_theta2_neighbor_vs_data_inferred.py,52171,cdd6cacc9e08dcf5b6446bed5b80162b95614d67b92f4b1591dd5ae14edcafe9
experiments/real_data_geoid_all64_theta2_no_geo_updated_training.py,51194,86da7e58b602844a15e9f3653ccbf39a7cc4c365ee54777d043cae245c7f7fab
experiments/real_data_geoid_all64_theta2_updated_prior_experiment.py,52710,c8acc7d68c91f4fd7e71381577a1c31e0066bbceb8fcf933d1739c7dd517f203
experiments/real_data_geoid_phase3_specific_experiment.py,56395,7e529ccdda324133ccf8e7c449f6d4b072953beb127cb1ba167a3bb7b3472f0e
experiments/real_data_geoid_top15_theta2_geo_improvement_windows.py,60355,86b2ce06921c4beacd18e18331dfbbfd30339d033dd32f78b6f734ebd9c24676
experiments/real_data_geoid_top15_theta2_updated_prior_experiment.py,58364,311b2c4983037d81bdbec4c0ccdaee74133f88c3fe797559a2849ea4cbee9479
experiments/real_data_geoid_top15_theta2_updated_unified_experiment.py,52451,4994834d28fdceeb06946ea96de3f9b6fe350adbd5b2c86825323d1db3aa18d1
experiments/run_real_data_fair_forecast_spatial_nb_experiment.py,346,bc1739e3de44ca951fd30b28a879973791cc0a444100f43674ac2dbf81af06ad
figures/paper/idea_framework_vector.pdf,7440304,f1ea80a12ce4cc166404011301561a1566d9528a372e7b956bc9eb32b47b2b10
figures/paper/observation_heatmaps_shared_scale.png,184292,91bdd284d221860fa57e708fdabf168ccddd7a5e92a069b406079b0c3ab86c52
figures/paper/selected6_main_no_geo_nb_ar_trajectories.pdf,30823,317a48333877f85b47624652e202ad9fc2a581da3685829d0570ea3cfb93f623
figures/README.md,446,3bbf3ca5ec1f42788a8091567975bd46c6f577318b92357bf85b89ffce3c68a9
figures/supplementary/data_inferred_minus_neighbor_learned_matrix_heatmap.pdf,26214,059cdc98d319ba0f5a92897a6d060f91795bcda9a1d55f4599382ad8166d187e
figures/supplementary/data_inferred_minus_neighbor_learned_matrix_heatmap.png,352984,dfdf9e421e7312e0626d3af22de0536958425884784df75993ce521ac70b2a50
figures/supplementary/data_inferred_network_learned_matrix_heatmap.pdf,24943,5d78c459333959e484bb7abe026278584420830f0d9f85c0ee63d0ca5bf6d3f8
figures/supplementary/data_inferred_network_learned_matrix_heatmap.png,335052,8f0b014471585edebd4361aa47ff5776bdb65e1c7be9c79a8a0614754c6d7a09
figures/supplementary/data_inferred_network_learned_matrix_offdiagonal_heatmap.pdf,28934,56c0ff289c9b838bc2b9d87e3f36d9798abcc7b6cb8bb3a64321b1d07bfe1595
figures/supplementary/data_inferred_network_learned_matrix_offdiagonal_heatmap.png,346427,10a552ecec692f07a04a106160e607161690811a3f1d92a3255f9414541e7003
figures/supplementary/louisiana_all64_mae_comparison.pdf,19112,222473445978b272361ffcabc2fcb6a6a03df26e7c181640c15d261ea8697536
figures/supplementary/louisiana_all64_mae_comparison.png,91143,8023d732cbe45b7635a0e08eeb7dfdb3bfa71483ff6196a3a7607ca4feac8a84
figures/supplementary/louisiana_all64_mae_comparison_no_values.pdf,14892,4a29cbd9e1b2b5a639134d04ea9ecdf4f23242a00897eda37a08e3ec03fd7891
figures/supplementary/louisiana_all64_mae_comparison_no_values.png,82999,aac20f49dfb13e839a1bab92102ca3507cbb9799c8c6fd1227926b29f44c33cc
figures/supplementary/louisiana_all64_mse_comparison.pdf,20896,f14b78e17fdef62d8775f578193d16effa9160a16efca3c2b35a0b8bcc75a902
figures/supplementary/louisiana_all64_mse_comparison.png,108580,4749398507f4feb5d16e8fbc73408028530bb02046e7357f2891e262e1ff97dc
figures/supplementary/louisiana_all64_mse_comparison_no_values.pdf,16114,4baf67504a47d7d10fcd8ed0ff75c8285971f4de0336c7604d174666ccc226b2
figures/supplementary/louisiana_all64_mse_comparison_no_values.png,98279,1f8d3219c6e5e11ee00191d20d16c6b58fa2a6fe405aa7a0d417494c5bdcfeb2
figures/supplementary/louisiana_all64_neighbor_vs_data_inferred_mae.pdf,14779,80bd0e9b0a7693d876fccd1a20e3f308a3039ecb8904efc7b13a65341e25d840
figures/supplementary/louisiana_all64_neighbor_vs_data_inferred_mae.png,49154,e25a75617f7c22e74a8b6fba6ad431fdfb8a810b9496d221bbb325f4b3408b8d
figures/supplementary/louisiana_all64_neighbor_vs_data_inferred_mae_no_values.pdf,11040,503549c0c88b71321861fbe9b3deb174830a4f9d1d2f8b3900c2dc47294eabf8
figures/supplementary/louisiana_all64_neighbor_vs_data_inferred_mae_no_values.png,43309,b563969fce554fec14ff190616b593420cfbd51305e40c56092522202a8b1019
figures/supplementary/louisiana_all64_neighbor_vs_data_inferred_mse.pdf,14790,43839592afdaaf09b7dde91ccacef4f67a41b1d605e753f284d6449bd076a79a
figures/supplementary/louisiana_all64_neighbor_vs_data_inferred_mse.png,65436,09ce349790e911642df2c05f3daa71832541ec867cd7a56facf18553928f3518
figures/supplementary/louisiana_all64_neighbor_vs_data_inferred_mse_no_values.pdf,11028,8feab881f51db7f9c3ae4851b1b25c7c6ca72f3e9fcbd512d124baf3fab80497
figures/supplementary/louisiana_all64_neighbor_vs_data_inferred_mse_no_values.png,59854,c6c8706dabc4eeb2155ffbacbc8a014999d5d66aef04f245da9dafe22cbb92db
figures/supplementary/louisiana_all64_neighbor_vs_data_inferred_nll.pdf,14946,af396026a23f6f95d62928d45b23f8030598b462d33c0fad49432c087c6f3a4c
figures/supplementary/louisiana_all64_neighbor_vs_data_inferred_nll.png,44837,0bc3bd395a7f37961907ca43a3f42ca9d7a82ece2fee677029d9929fad47bc56
figures/supplementary/louisiana_all64_neighbor_vs_data_inferred_nll_no_values.pdf,11410,a881c29e0d2312919b300f4f9c2ffc7a2a67df16d87cf26b66e689e81bb6fb11
figures/supplementary/louisiana_all64_neighbor_vs_data_inferred_nll_no_values.png,38969,837f8ce2fe07f886cbc3a60d6321b585517a6d60c23b2b7dc4b77ea31d82e50a
figures/supplementary/louisiana_all64_nll_comparison.pdf,19692,0e9d85319459256cd3e0d7385c03ff9d7998a6156cf782b4bfaebd1d351f418b
figures/supplementary/louisiana_all64_nll_comparison.png,81750,279f98c1574eab6728883e54c58e7c98ea4d401042321a7edc7d472d644021b9
figures/supplementary/louisiana_all64_nll_comparison_no_values.pdf,15547,b340eba4279e1a22776b214092a6f33385ccc189e541317ee2ff8ddf23f56c82
figures/supplementary/louisiana_all64_nll_comparison_no_values.png,73036,0f9e15f75e8f0f9cabdc490e93183f676ab8a59e6832dd66edd5f6e77d6e0fca
figures/supplementary/louisiana_all64_prior_mse_comparison.pdf,28492,5173d92fe76bf16c6aa2015cdcfbd65289b8a26cbb52196846790686fbe605d2
figures/supplementary/louisiana_all64_prior_mse_comparison.png,226699,8e665c29229fd2f1f4cd7fadd1ba6ffa5d14ede723dc87abda0cd7f8048963d5
figures/supplementary/neighbor_network_learned_matrix_heatmap.pdf,23683,8929e5ceba002240a0de3227aef78dda8d6566f24b25426c56340d38df0ed388
figures/supplementary/neighbor_network_learned_matrix_heatmap.png,331894,7c6176d4226b8f4c0f9412ab694e90ceb690b477fac05c657e5cfdd8a6982a41
figures/supplementary/neighbor_network_learned_matrix_offdiagonal_heatmap.pdf,26704,9d4b89370ae20c44ff288016c57050181753b86e98757c01daa958b3eeea67a8
figures/supplementary/neighbor_network_learned_matrix_offdiagonal_heatmap.png,337965,4fd0ce02af1a5b7f7e4db52f0a6f2bcd1bacf95c5ab97785b4d80ca66f442abd
figures/supplementary/synthetic_prior_compatible_distance.pdf,20883,caf7de78d946cc1ffd3d03c33e21c8f41d3f5a436c78a2a555b9f61ccddff5e4
figures/supplementary/synthetic_prior_compatible_distance.png,105981,9b70d3a970fdda427e4828798a63ea955b059da02e389cc40c92d83e10198d7c
figures/supplementary/synthetic_prior_no_regularization_initialization.pdf,20171,9951c9121cb663148f3880385a497efe8bc4b12f1d13cb3dcc0ccdedc27788f8
figures/supplementary/synthetic_prior_no_regularization_initialization.png,103705,db86ec607ec3b05269b96bd1660a8f2f1339d1f8dd174998853f06b37f9e1730
figures/supplementary/synthetic_prior_sensitivity_matrices.pdf,26782,918171ecdec3f1e6d624af15ca2d703d519d624fae97fdbc71693d8f32e45e74
figures/supplementary/synthetic_prior_sensitivity_matrices.png,303874,c202cdbe90645880a4ec62407f3e5789fe7a756816cf7110893a335104eb61ca
figures/supplementary/synthetic_prior_strongly_wrong.pdf,20183,a31969a69ae1d5e4a36d0e3b3da51e1516be711802cc8539ff2e7b3b4257d8c3
figures/supplementary/synthetic_prior_strongly_wrong.png,94736,268c5f434b4624d32074cc404b2d96ef6d794d3a1188e3a192589d5bdf5c506b
figures/supplementary/synthetic_three_prior_settings.pdf,25067,7cca1a011fa083d82ac43b09a5a6266d265fdc5ff2426fe0ed8cc1cb09841fb4
figures/supplementary/synthetic_three_prior_settings.png,183663,318b9bdef29469d4f0931a8ec8238ab94b6e96d8932886fbe9376718fee8a808
notebooks/01_all64_model_comparison.ipynb,3283,8f815c0c66793f38bbd613f9009852686b29d19e8045b6e7c7c4796d8294df1b
notebooks/02_spatial_prior_sensitivity.ipynb,2694,f45460c265784b058d9618e4371c5d0ccd28b3344b31af077f0c0393271f2efe
notebooks/03_learned_matrix_comparison.ipynb,3149,d78e3b45e4816a74444d4f47220dc51fc831b7cfff418b48e78d915ae5c4d38e
notebooks/04_paper_results_index.ipynb,1932,008588f6d6dc1a2586ca3050c37f17066221cba42d790590320e5de6a0f42d73
notebooks/05_synthetic_identifiability_experiment.ipynb,48543,f54f8354fac5cd8b336dbcd7ff570beb942f9d53a64f5ce427cbab74a26da39d
notebooks/README.md,681,d078f1c74e30638a0dc5a90d1a17a499547c91ba255648286459dacdb469608e
PUBLIC_RELEASE_AUDIT.md,1454,c92953259ad052329de040256a6d15871a342e7bd6faf8d53da4dd9de8494da0
pyproject.toml,664,ff9ec33531d60145ed63c302e9fd6fef6c172cfad7d109d0da3abba8f9d7263e
README.md,3606,0cf9aa8e82425708b9c395babda9f0655f53abdd37ebda503a472301acfda43f
results/matrices/all64_learned_matrix_distance_summary.csv,1069,4a64b94be25161121478b8accae86c420215e3ba974a24f7f95f5b26dbfe465b
results/matrices/county_fips_lookup.csv,1573,508a788a5306625d5496adcb9b0f2eca133770f29b67cc47ae65b34becabe25a
results/matrices/data_inferred_minus_neighbor_learned_matrix.csv,94006,5e7f2df2019e6d115ae954b10136487984e1402281ad2e84c8bbe30843f9fc9d
results/matrices/data_inferred_network_learned_matrix_mean.csv,87953,937e48f1b1fa9d8a85c2477fcca3d3b624197da897d3c854efc714894ddd2b11
results/matrices/neighbor_network_learned_matrix_mean.csv,88389,d531ddded1b4e5655a811c11858941a6cc5f792e88108e6b34804bc95902c188
results/README.md,524,d2fecfd369ed44aa61e9f3c9298766eaeb0b2282911dda083828f3be4f6c636f
results/tables/table_1_all64_model_progression.csv,683,6bb50f01da0af8ab103452099138c8b5ebb0137145432f5cda895a8a810c6280
results/tables/table_2_top15_training_comparison.csv,740,9b311e847f31ae533b18cd2abe8e7eba3af69446fb2e60936df40f6e6c2c5472
results/tables/table_3_top15_spatial_prior_sensitivity.csv,1042,c364626b94b3f7f0c104d9253363eb11a37ee98207657fa294bae290015b5953
results/tables/table_4_controlled_geography_effect.csv,234,10d8c298c365d34a8cae288555a56c6dcb40eaa64124105d8bbe687a66ae4085
results/tables/table_5_policy_stratified_geography.csv,333,a291108aaf7cda8933bc0633550981f7850fd4512b8c58ef2c97425f789c0e86
results/tables/table_6_all64_three_model_comparison.csv,425,1e0db90b4287164372f1ba8b343d80ada324c559e0af4b83b7ed9eb9474c6c0a
results/tables/table_7_all64_neighbor_vs_data_inferred.csv,408,6f1d62c359fc2fe06e33ec1fef0c9933a27cf4fab20484783660d19ed89d12c5
results/tables/table_8_all64_prior_mse_comparison.csv,1346,fa6f30bb04716042394493b50fbb36eaaf3c28e9b5baa5375310ec908aadaa37
results/tables/table_s1_phase3_sensitivity.csv,526,31ef669ba5dac24de1b825dae25bfe4a12e2364369a66235df91de8a7b796a14
scripts/audit_public_release.py,4723,6b3d268b9a743bc26cfa283bcd62e8b12376ba4df8397052fc5fe36dca37ba52
scripts/execute_release_notebooks.py,1574,f9d5c6678104a5df0e6051e1d0cbb259a95b2c899e2e25c0770756fc0843a0e0
scripts/make_release_notebooks.py,9156,57f838586f58b0f616da2de420a81b1093a3e365d55db91a7cbb014edd417121
scripts/plot_release_matrices.py,2600,f1984a1c8b949fba077cbce9a2d0de23d170bd653f6307115bf00cd58564816e
scripts/plot_release_results.py,3472,e9348cc30c1622c2a2c299873a670f0636711f6e9aea1d80438d57c36f60b9ca
src/geoid_pinn/__init__.py,533,cb28f38f105f0ca4f4e05ca0b5b4c70f9e561c61e458bd59d7cb9f5c2041a33b
src/geoid_pinn/data.py,2661,7ffe76587fbd06664f0213e09f27a0f16238f688ff9183059ad9a65c1ca625d3
src/geoid_pinn/paths.py,1712,0fccb9aaa43c21709a322e4141119ca3c46cc8ab6d604c2c2f4aceeab6720cdd
src/geoid_pinn/priors.py,13904,c575e3a8a82aec12ffec3a4eb365278cf4b7b4025b6c045c88a5677a3f640a97
src/geoid_pinn/significance.py,11219,b8e2599a6c467086a548e5b27de8d8821e5cc9609c70e68698d1390658c30f2f
tests/test_helpers.py,1340,29829764b90419b98d73d18eedea097ab35d9b3238d7769ce6cae0c4e2669e99
tests/test_release_integrity.py,1822,259bab014350800ecbe34de320d07c7c53f9d46dbb5e5ba7ab8208ba6d677efc
