,Acadia,Allen,Ascension,Assumption,Avoyelles,Beauregard,Bienville,Bossier,Caddo,Calcasieu,Caldwell,Cameron,Catahoula,Claiborne,Concordia,De Soto,East Baton Rouge,East Carroll,East Feliciana,Evangeline,Franklin,Grant,Iberia,Iberville,Jackson,Jefferson,Jefferson Davis,Lafayette,Lafourche,La Salle,Lincoln,Livingston,Madison,Morehouse,Natchitoches,Orleans,Ouachita,Plaquemines,Pointe Coupee,Rapides,Red River,Richland,Sabine,St. Bernard,St. Charles,St. Helena,St. James,St. John the Baptist,St. Landry,St. Martin,St. Mary,St. Tammany,Tangipahoa,Tensas,Terrebonne,Union,Vermilion,Vernon,Washington,Webster,West Baton Rouge,West Carroll,West Feliciana,Winn
Acadia,0.8000000000000002,0.002751719824890556,0.0011569731081926204,0.0008130081300813008,0.0008442776735459661,0.0025328330206378985,0.00012507817385866166,0.0013445903689806127,0.002720450281425891,0.007191994996873045,0.00037523452157598494,0.0005315822388993121,0.00018761726078799247,6.253908692933083e-05,0.0003439649781113195,0.0004065040650406504,0.005753595997498436,0.00018761726078799247,0.0005315822388993121,0.012288930581613507,0.0004065040650406504,0.00037523452157598494,0.006222639149468417,0.0006566604127579737,0.00028142589118198874,0.00225140712945591,0.011288305190744216,0.049061913696060035,0.0017198248905565979,0.00028142589118198874,0.0007191994996873045,0.0012195121951219512,0.00018761726078799247,0.0005941213258286428,0.0007504690431519699,0.0013133208255159475,0.0024390243902439024,0.00015634771732332708,0.0005315822388993121,0.003470919324577861,6.253908692933083e-05,0.000687929956222639,0.0002501563477173233,9.380863039399623e-05,0.00037523452157598494,0.00028142589118198874,0.00021888680425265788,0.00021888680425265788,0.03492808005003127,0.005972482801751094,0.003470919324577861,0.0016885553470919322,0.0010631644777986241,3.1269543464665416e-05,0.0018761726078799245,0.0004065040650406504,0.018855534709193246,0.002939337085678549,0.0004065040650406504,0.0005628517823639775,0.0004065040650406504,0.00015634771732332708,0.0005941213258286428,0.00037523452157598494
Allen,0.004946628482166103,0.8000000000000002,0.0002603488674824264,0.00010413954699297057,0.0038531632387399112,0.011976047904191617,0.0002603488674824264,0.001822442072376985,0.003072116636292632,0.022598281697474614,0.0,0.0006769070554543088,0.0004165581879718823,0.00020827909398594114,0.0006769070554543088,0.0004165581879718823,0.0017183025253840144,0.0,0.00010413954699297057,0.031554282738870086,0.0,0.0024472793543348086,0.0017703722988804999,0.0002603488674824264,5.2069773496485286e-05,0.0008331163759437646,0.02926321270502473,0.010101536058318145,0.0005727675084613381,0.0010934652434261912,0.0007810466024472792,0.00015620932048945586,5.2069773496485286e-05,0.00015620932048945586,0.0006769070554543088,0.000364488414475397,0.0009372559229367351,5.2069773496485286e-05,0.00015620932048945586,0.02910700338453527,0.0,0.00020827909398594114,0.0002603488674824264,0.00010413954699297057,0.00010413954699297057,5.2069773496485286e-05,0.00010413954699297057,0.00020827909398594114,0.016870606612861234,0.0006248372819578235,0.0005206977349648528,0.0004165581879718823,0.0004165581879718823,0.0,0.00046862796146836754,5.2069773496485286e-05,0.002551418901327779,0.01192397813069513,5.2069773496485286e-05,0.0006248372819578235,0.0,0.00015620932048945586,0.00020827909398594114,0.0005727675084613381
Ascension,0.0011714512979969626,0.0006652686383686454,0.8,0.007187793766722104,0.00044833321281365237,0.0008749728830718055,7.231180851833103e-05,0.0006218815532576469,0.0012871501916262925,0.005293224383541831,6.508062766649793e-05,0.00012293007448116276,5.7849446814664825e-05,6.508062766649793e-05,0.00020970424470315998,0.00013016125533299585,0.0522308192927905,4.3387085110998615e-05,0.001475160893773953,0.0008894352447754716,0.00016631715959216135,0.0001880107021476607,0.0013739243618482895,0.005423385638874827,0.00015185479788849517,0.014180345650444716,0.0007014245426278109,0.0037529828621013805,0.006204353170872802,0.00015908597874032826,0.00022416660640682618,0.02794851399233494,8.677417022199723e-05,0.00020970424470315998,0.00021693542555499307,0.004353170872803528,0.001475160893773953,0.0005061826596283171,0.002017499457661436,0.003470966808879889,5.7849446814664825e-05,0.00013739243618482894,8.677417022199723e-05,0.0010412900426639668,0.004396557957914526,0.0012003760214042952,0.006819003543278616,0.006218815532576469,0.0024369079470677557,0.0016848651384771128,0.002689999276881914,0.004909971798394678,0.01097693253308265,7.231180851833103e-05,0.003593896883361052,0.00015185479788849517,0.0010268276809603006,0.001475160893773953,0.0009400535107383033,0.0001880107021476607,0.0032540313833248962,9.400535107383034e-05,0.0006218815532576469,0.00020247306385132687
Assumption,0.0007927519818799545,0.00011325028312570779,0.03431483578708946,0.8,0.00011325028312570779,0.00022650056625141558,0.0,0.00011325028312570779,0.00011325028312570779,0.0014722536806342013,0.0,0.0,0.00011325028312570779,0.0,0.00011325028312570779,0.0,0.011551528878822194,0.0,0.0014722536806342013,0.0005662514156285389,0.0,0.0,0.005096262740656851,0.006228765571913928,0.0,0.005096262740656851,0.00022650056625141558,0.004756511891279728,0.04609286523216307,0.00033975084937712337,0.0,0.00770101925254813,0.00011325028312570779,0.0,0.0,0.0049830124575311425,0.00033975084937712337,0.0005662514156285389,0.0011325028312570778,0.0009060022650056623,0.0,0.0,0.0,0.0006795016987542467,0.002718006795016987,0.0006795016987542467,0.00668176670441676,0.002378255945639864,0.001585503963759909,0.005096262740656851,0.016987542468856167,0.004190260475651188,0.003850509626274065,0.0,0.01438278595696489,0.0,0.002604756511891279,0.00011325028312570779,0.0006795016987542467,0.00011325028312570779,0.0020385050962627403,0.00022650056625141558,0.00033975084937712337,0.0
Avoyelles,0.003655846202332177,0.0028994642294358644,0.0018909549322407811,0.0003151591553734635,0.8,0.0020170185943901666,0.0003151591553734635,0.0011345729593444688,0.003592814371257484,0.0037188780334068694,0.0001890954932240781,0.0003781909864481562,0.002836432398361172,0.0003151591553734635,0.0022691459186889376,0.00025212732429877083,0.007752915222187203,0.0005042546485975417,0.001260636621493854,0.011093602269145915,0.0008824456350456979,0.006177119445319885,0.0025843050740624006,0.0020800504254648595,0.0005042546485975417,0.0029624960605105573,0.0027103687362117863,0.011723920579892843,0.0017648912700913958,0.0019539867633154738,0.0006933501418216197,0.0022691459186889376,0.0006933501418216197,0.0019539867633154738,0.0013867002836432394,0.001701859439016703,0.0057358966277970365,0.00012606366214938541,0.006681374093917427,0.054459502048534496,6.303183107469271e-05,0.0010715411282697762,0.000630318310746927,0.00012606366214938541,0.0005042546485975417,0.00044122281752284896,0.00044122281752284896,0.000630318310746927,0.018594390167034347,0.0020800504254648595,0.0015127639457926249,0.0020800504254648595,0.0009454774661203906,0.00044122281752284896,0.0017648912700913958,0.0005672864796722344,0.0022691459186889376,0.004853450992751338,0.00044122281752284896,0.0006933501418216197,0.000630318310746927,0.0005672864796722344,0.0011976047904191614,0.0020170185943901666
Beauregard,0.0012290884260839875,0.0098327074086719,0.00047797883236599514,0.0002731307613519972,0.000887674974393991,0.8,0.00040969614202799584,0.0015022191874359844,0.0030727210652099685,0.03844315466029361,0.00020484807101399792,0.0010925230454079888,0.0002731307613519972,0.00047797883236599514,0.0006145442130419937,0.003414134516899965,0.004028678729941958,0.0,6.82826903379993e-05,0.001775349948787982,0.0001365653806759986,0.00047797883236599514,0.0007511095937179922,0.00047797883236599514,0.00020484807101399792,0.0014339364970979854,0.005121201775349947,0.004643222942983953,0.0012290884260839875,0.00020484807101399792,0.001775349948787982,0.0014339364970979854,0.00020484807101399792,0.00047797883236599514,0.003550699897575964,0.0012973711164219867,0.002799590303857971,0.0,0.000682826903379993,0.004574940252645953,0.0002731307613519972,0.0003414134516899965,0.005599180607715942,0.00020484807101399792,0.0005462615227039944,0.0002731307613519972,6.82826903379993e-05,0.00020484807101399792,0.003004438374871969,0.0010925230454079888,0.00047797883236599514,0.0012290884260839875,0.000682826903379993,6.82826903379993e-05,0.000887674974393991,0.0002731307613519972,0.0010242403550699895,0.08241720723796515,0.0003414134516899965,0.000682826903379993,0.0,6.82826903379993e-05,0.0001365653806759986,0.0005462615227039944
Bienville,0.00036396724294813457,0.00027297543221110096,0.00027297543221110096,9.099181073703364e-05,0.0008189262966333029,9.099181073703364e-05,0.8,0.013011828935395812,0.009281164695177431,0.001273885350318471,0.0006369426751592355,0.0,0.0006369426751592355,0.026205641492265692,0.00018198362147406729,0.002092811646951774,0.0007279344858962691,0.00018198362147406729,9.099181073703364e-05,0.00027297543221110096,0.0010919017288444038,0.0006369426751592355,9.099181073703364e-05,0.0,0.014922656960873517,0.00036396724294813457,0.0006369426751592355,0.0005459508644222019,0.0005459508644222019,0.00036396724294813457,0.05177434030937214,0.00027297543221110096,0.0005459508644222019,0.0009099181073703365,0.005277525022747952,0.0,0.00773430391264786,0.0,0.0,0.0014558689717925383,0.004185623293903548,0.0021838034576888076,0.0030027297543221104,9.099181073703364e-05,0.00027297543221110096,0.0,0.0,9.099181073703364e-05,0.00018198362147406729,9.099181073703364e-05,0.0005459508644222019,0.00027297543221110096,0.0005459508644222019,9.099181073703364e-05,0.00018198362147406729,0.008826205641492264,0.00018198362147406729,0.0009099181073703365,0.0,0.03312101910828025,0.0,0.0007279344858962691,0.0,0.0008189262966333029
Bossier,0.000554272517321016,0.0003510392609699768,0.0006374133949191684,0.000138568129330254,0.0005912240184757504,0.0006836027713625865,0.003140877598152424,0.8,0.12522863741339488,0.0028083140877598143,0.00026789838337182444,9.237875288683601e-05,0.00011085450346420321,0.002429561200923787,0.00026789838337182444,0.006891454965357965,0.0023926096997690526,0.0001662817551963048,8.31408775981524e-05,0.0002586605080831408,0.0003787528868360276,0.0002124711316397228,0.0004249422632794456,0.0002032332563510392,0.0004249422632794456,0.0019122401847575055,0.00043418013856812924,0.0018937644341801383,0.00048036951501154726,0.0001478060046189376,0.003473441108545034,0.0007205542725173209,0.00022170900692840642,0.0006743648960739028,0.0029561200923787522,0.0015612009237875285,0.005274826789838336,0.0001755196304849884,0.0001016166281755196,0.0017090069284064662,0.001570438799076212,0.0005357967667436489,0.0016166281755196302,0.00028637413394919163,0.0005173210161662816,7.39030023094688e-05,0.00018475750577367201,0.0003510392609699768,0.0007020785219399536,0.00036027713625866044,0.0005357967667436489,0.001644341801385681,0.0007113163972286373,9.237875288683601e-05,0.0006558891454965357,0.0004711316397228636,0.00038799076212471127,0.000785219399538106,0.0003787528868360276,0.01700692840646651,9.237875288683601e-05,0.0003048498845265588,7.39030023094688e-05,0.00018475750577367201
Caddo,0.0006885120489608567,0.000520209103659314,0.0009129159760295803,0.00020910365931403797,0.0006936121382124187,0.0006987122274639806,0.003100854264949636,0.10100216753793191,0.8000000000000002,0.0038862680096901693,0.00026520464108121893,0.00013260232054060947,0.00018870330230779037,0.0023001402524544176,0.00040800714012495217,0.018513323983169707,0.0041004717582557694,0.00020910365931403797,0.00011730205278592374,0.00041820731862807594,0.0006120107101874283,0.0002907050873390284,0.00047430830039525685,0.00020910365931403797,0.0003723065153640188,0.0023766415912278463,0.0006834119597092949,0.0026877470355731225,0.0005712099961749331,0.00024480428407497133,0.004360576310085427,0.0010200178503123804,0.00029580517659059035,0.0006732117812061711,0.004243274257299503,0.0026265459645543796,0.007007522631646054,0.00013260232054060947,0.0001734030345531047,0.0028917506056355983,0.002040035700624761,0.0005304092821624379,0.002861150070126227,0.0002499043733265332,0.0004488078541374473,0.00013770240979217135,0.00018360321305622846,0.0002703047303327808,0.0009792171362998853,0.0006987122274639806,0.0006885120489608567,0.0016728292745123038,0.0009027157975264566,0.0001734030345531047,0.0006834119597092949,0.0006069106209358663,0.00041820731862807594,0.0010914190998342471,0.00028560499808746653,0.013760040800714012,0.00019890348081091417,0.00037740660461558074,0.00015810276679841895,0.0002703047303327808
Calcasieu,0.004954934955378946,0.011304000355192469,0.0030102561825689294,0.0008435821160591395,0.000914620610043067,0.03120365848244017,0.00026639435243972826,0.002317630866225636,0.005079252319850819,0.8000000000000002,0.00013319717621986413,0.010975447320516803,0.00026639435243972826,0.0003729520934156196,0.000452870399147538,0.0005949473871153931,0.011073125249744705,0.00015983661146383695,0.000612707010611375,0.0025218665364294276,0.0005150290813834747,0.0004351107756515561,0.0031345735470408023,0.0009412600452870398,0.00034631265817164673,0.006144829729609732,0.028237801358611196,0.013053323269546686,0.002726102206633219,0.00024863472894374637,0.0008524619278071304,0.003365448652488567,0.00026639435243972826,0.0004706300226435199,0.0009323802335390489,0.0031345735470408023,0.0032322514762687026,0.000452870399147538,0.0008879811747990942,0.0070505705279048075,0.00017759623495981885,0.0004084713404075833,0.0003285530346756649,0.0005416685166274475,0.0008169426808151666,0.0003196732229276739,0.00041735115215557427,0.000621586822359366,0.005967233494649914,0.0018736402788260885,0.001944678772810016,0.004111352839319807,0.002335390489721618,5.327887048794565e-05,0.0024064289837055454,0.0004883896461395019,0.0025840252186653642,0.008133907561159703,0.0006837455045953025,0.0007903032455711939,0.0005239088931314656,0.0002131154819517826,0.0004262309639035652,0.00034631265817164673
Caldwell,0.0014869888475836429,0.0,0.0002478314745972738,0.0,0.004460966542750929,0.0002478314745972738,0.0014869888475836429,0.0019826517967781905,0.0007434944237918214,0.001239157372986369,0.8,0.0,0.00520446096654275,0.0009913258983890953,0.004460966542750929,0.0037174721189591068,0.0009913258983890953,0.0004956629491945476,0.0002478314745972738,0.0004956629491945476,0.019826517967781905,0.0027261462205700115,0.001239157372986369,0.0002478314745972738,0.0034696406443618334,0.0002478314745972738,0.0004956629491945476,0.0007434944237918214,0.001239157372986369,0.02825278810408921,0.003965303593556381,0.0004956629491945476,0.0017348203221809167,0.004708798017348202,0.0032218091697645596,0.0009913258983890953,0.055018587360594784,0.0002478314745972738,0.0,0.0027261462205700115,0.0002478314745972738,0.018091697645600986,0.0009913258983890953,0.0,0.0,0.0,0.0002478314745972738,0.0004956629491945476,0.0004956629491945476,0.0009913258983890953,0.0,0.001239157372986369,0.0007434944237918214,0.0007434944237918214,0.0004956629491945476,0.00520446096654275,0.0004956629491945476,0.0002478314745972738,0.0007434944237918214,0.0009913258983890953,0.0,0.0014869888475836429,0.0,0.0059479553903345715
Cameron,0.002671118530884807,0.005542570951585975,0.001602671118530884,0.000400667779632721,0.0004674457429048412,0.009816360601001667,0.00013355592654424036,0.001135225375626043,0.0018030050083472444,0.10878130217028377,0.0,0.7999999999999998,6.677796327212018e-05,0.00013355592654424036,0.0002671118530884807,0.00013355592654424036,0.005075125208681133,6.677796327212018e-05,0.0004674457429048412,0.0014023372287145237,0.0002671118530884807,0.0004674457429048412,0.0030050083472454078,0.0007345575959933218,6.677796327212018e-05,0.00414023372287145,0.00808013355592654,0.004808013355592652,0.003272120200333888,0.00013355592654424036,0.0002671118530884807,0.0015358931552587637,0.00013355592654424036,0.0005342237061769614,0.0002671118530884807,0.0015358931552587637,0.0018697829716193648,6.677796327212018e-05,0.0006010016694490816,0.002404006677796326,6.677796327212018e-05,0.0002003338898163605,0.0002003338898163605,0.0004674457429048412,0.0007345575959933218,6.677796327212018e-05,0.0006010016694490816,0.000400667779632721,0.005075125208681133,0.0010016694490818025,0.002337228714524206,0.002203672787979966,0.0008681135225375623,6.677796327212018e-05,0.0017362270450751245,0.0004674457429048412,0.0019365609348914851,0.005409015025041734,0.0005342237061769614,0.0003338898163606009,0.0003338898163606009,0.00013355592654424036,0.000400667779632721,0.0002671118530884807
Catahoula,0.0,0.00023980815347721818,0.001438848920863309,0.0,0.014628297362110309,0.0011990407673860908,0.00023980815347721818,0.0009592326139088727,0.002877697841726618,0.0,0.002877697841726618,0.0,0.8,0.00047961630695443635,0.041247002398081524,0.0009592326139088727,0.0035971223021582723,0.0011990407673860908,0.00023980815347721818,0.0,0.025419664268585128,0.006714628297362109,0.0,0.0011990407673860908,0.0019184652278177454,0.00023980815347721818,0.0007194244604316545,0.0026378896882493998,0.00047961630695443635,0.02661870503597122,0.0023980815347721817,0.0007194244604316545,0.0016786570743405273,0.0011990407673860908,0.0007194244604316545,0.0007194244604316545,0.007673860911270982,0.00023980815347721818,0.0,0.023021582733812943,0.0011990407673860908,0.005995203836930455,0.0,0.00023980815347721818,0.0007194244604316545,0.0,0.0,0.00023980815347721818,0.0007194244604316545,0.00023980815347721818,0.0007194244604316545,0.0011990407673860908,0.0011990407673860908,0.0016786570743405273,0.00047961630695443635,0.0026378896882493998,0.00023980815347721818,0.0007194244604316545,0.0,0.00023980815347721818,0.00023980815347721818,0.0016786570743405273,0.0,0.0031175059952038365
Claiborne,0.000836820083682008,0.0003347280334728032,0.0005020920502092048,0.0001673640167364016,0.0005020920502092048,0.0,0.015397489539748946,0.028619246861924675,0.022259414225941413,0.0010041841004184097,0.000836820083682008,0.0,0.0001673640167364016,0.7999999999999998,0.0010041841004184097,0.005355648535564851,0.0010041841004184097,0.0006694560669456064,0.0,0.0003347280334728032,0.001673640167364016,0.0005020920502092048,0.0005020920502092048,0.0001673640167364016,0.002175732217573221,0.0,0.0001673640167364016,0.0018410041841004175,0.0001673640167364016,0.0005020920502092048,0.01589958158995815,0.0,0.0011715481171548111,0.00317991631799163,0.010711297071129703,0.0001673640167364016,0.007531380753138072,0.0,0.0,0.0006694560669456064,0.002175732217573221,0.0026778242677824257,0.0020083682008368194,0.0,0.0,0.0,0.0001673640167364016,0.0,0.0003347280334728032,0.0005020920502092048,0.0001673640167364016,0.0,0.0,0.0001673640167364016,0.0006694560669456064,0.007029288702928868,0.0,0.0003347280334728032,0.0,0.056066945606694535,0.0,0.0013389121338912128,0.0,0.0003347280334728032
Concordia,0.0009562841530054645,0.0009562841530054645,0.001912568306010929,0.0006830601092896175,0.0068306010928961755,0.000819672131147541,0.0004098360655737705,0.0034153005464480878,0.005327868852459016,0.00546448087431694,0.002049180327868852,0.0001366120218579235,0.042213114754098356,0.000273224043715847,0.8000000000000003,0.0006830601092896175,0.0069672131147540985,0.003551912568306011,0.000273224043715847,0.001366120218579235,0.01243169398907104,0.006557377049180328,0.0012295081967213114,0.0006830601092896175,0.00273224043715847,0.0017759562841530056,0.001092896174863388,0.005601092896174863,0.0012295081967213114,0.0049180327868852455,0.001092896174863388,0.0023224043715846993,0.003278688524590164,0.0030054644808743167,0.001639344262295082,0.006557377049180328,0.007513661202185793,0.0004098360655737705,0.000819672131147541,0.0069672131147540985,0.0001366120218579235,0.004644808743169399,0.0001366120218579235,0.0006830601092896175,0.000819672131147541,0.0001366120218579235,0.000546448087431694,0.000273224043715847,0.0023224043715846993,0.0012295081967213114,0.0017759562841530056,0.0030054644808743167,0.002049180327868852,0.012568306010928962,0.0009562841530054645,0.003551912568306011,0.001092896174863388,0.0015027322404371584,0.000819672131147541,0.000819672131147541,0.000273224043715847,0.002185792349726776,0.0004098360655737705,0.001912568306010929
De Soto,0.0005700035625222657,0.0006412540078375488,0.00014250089063056642,0.0,0.001710010687566797,0.0011400071250445313,0.004916280726754541,0.0186676166726042,0.06775917349483433,0.0012825080156750976,0.00021375133594584962,0.00014250089063056642,0.0004987531172069824,0.0023512646954043457,0.0008550053437833985,0.8,0.00042750267189169925,0.00021375133594584962,0.0,0.00014250089063056642,0.0005700035625222657,0.0014250089063056642,0.00021375133594584962,0.0,0.00035625222657641604,7.125044531528321e-05,0.0007125044531528321,0.0018525115781973635,0.00014250089063056642,0.001068756679729248,0.004916280726754541,0.00028500178126113283,0.0005700035625222657,0.0006412540078375488,0.020876380477377977,0.00014250089063056642,0.0032775204845030275,0.0,0.00014250089063056642,0.004061275382971142,0.012825080156750978,0.0005700035625222657,0.026861417883861767,7.125044531528321e-05,7.125044531528321e-05,0.0,7.125044531528321e-05,7.125044531528321e-05,0.00042750267189169925,0.0004987531172069824,0.00035625222657641604,0.0007125044531528321,0.00042750267189169925,0.00028500178126113283,0.0007837548984681151,0.0009975062344139648,0.0,0.0014962593516209474,0.00014250089063056642,0.009048806555040968,0.0,0.00035625222657641604,0.00014250089063056642,0.0007837548984681151
East Baton Rouge,0.0020120308638541667,0.0005737307597562041,0.034376167128882806,0.0020612986022265833,0.0006516055720222816,0.0007882838139586626,0.00016528531583004217,0.001226925613661467,0.0027446898119084886,0.0042576861645065665,0.000173231725244948,0.00013826752381936218,0.00014144608758532456,0.0001573389064151363,0.0003194456584792161,0.0003194456584792161,0.8,0.00011124973180868222,0.005201719602997385,0.0011442829557464457,0.0003432848867239337,0.0003687133968516325,0.0014716750236405678,0.006894304808372336,0.0002574636650429503,0.011213972966315168,0.0007628553038309638,0.007531606843447787,0.0043562216412514,0.0002526958193940068,0.0005467129677455241,0.03909792360321988,0.00017958885277687272,0.0004179811352240489,0.00039890975262827483,0.008075141247427349,0.002282208783960967,0.0005848557329370723,0.004243382627559736,0.003024403423313175,0.00010489260427675752,0.0003178563765962349,0.00027653504763872435,0.0008709264718736837,0.0028352788792384153,0.00142081800338517,0.0013906216476085279,0.002660457872110486,0.0027621719126212814,0.002751046939440413,0.0022440660187694186,0.007873302448288738,0.007339303735607064,9.535691297887047e-05,0.0028352788792384153,0.00032898134977710317,0.0011983185397678056,0.0011347472644485585,0.0017641028901091036,0.00043069539028789834,0.008257908663970184,0.000200249517255628,0.0018133706284815202,0.0002256780273833268
East Carroll,0.0,0.0,0.0004705882352941176,0.0,0.0028235294117647056,0.0004705882352941176,0.0,0.0018823529411764704,0.004705882352941176,0.002352941176470588,0.0018823529411764704,0.0,0.0009411764705882352,0.0004705882352941176,0.0009411764705882352,0.0004705882352941176,0.0009411764705882352,0.8000000000000002,0.0,0.0014117647058823528,0.008941176470588235,0.0009411764705882352,0.0,0.0004705882352941176,0.0,0.0,0.0004705882352941176,0.0014117647058823528,0.0014117647058823528,0.0009411764705882352,0.0009411764705882352,0.0,0.02305882352941176,0.007058823529411763,0.0009411764705882352,0.0014117647058823528,0.016941176470588234,0.0,0.0004705882352941176,0.0009411764705882352,0.0,0.018823529411764704,0.0004705882352941176,0.0004705882352941176,0.0,0.0,0.0,0.0009411764705882352,0.0009411764705882352,0.0009411764705882352,0.0,0.0018823529411764704,0.0014117647058823528,0.0028235294117647056,0.0004705882352941176,0.0028235294117647056,0.0,0.0004705882352941176,0.0004705882352941176,0.0014117647058823528,0.0,0.07952941176470588,0.0,0.0
East Feliciana,0.0005950167348456674,0.00014875418371141684,0.005132019338043882,7.437709185570842e-05,0.0018594272963927108,0.00014875418371141684,7.437709185570842e-05,0.001041279285979918,0.001561918928969877,0.002305689847526961,0.00014875418371141684,0.0,0.00022313127556712527,7.437709185570842e-05,0.0007437709185570843,7.437709185570842e-05,0.09810338415767941,0.0,0.8,0.0005950167348456674,7.437709185570842e-05,0.0018594272963927108,0.0006693938267013759,0.0017106731126812938,7.437709185570842e-05,0.002156935663815544,7.437709185570842e-05,0.0017850502045370022,0.001041279285979918,0.0,0.00044626255113425055,0.015321680922275935,7.437709185570842e-05,0.0002975083674228337,0.00022313127556712527,0.0017850502045370022,0.0008925251022685011,7.437709185570842e-05,0.0032725920416511703,0.009594644849386387,0.0,0.0,0.00022313127556712527,0.00014875418371141684,0.00014875418371141684,0.0072889550018594255,0.00014875418371141684,7.437709185570842e-05,0.0009669021941242096,0.0009669021941242096,0.000520639642989959,0.0019338043882484192,0.00855336556340647,7.437709185570842e-05,0.0005950167348456674,0.00022313127556712527,0.0011156563778356263,0.00037188545927854214,0.0006693938267013759,0.00014875418371141684,0.002082558571959836,7.437709185570842e-05,0.019040535515061355,0.0002975083674228337
Evangeline,0.017707961442342015,0.005355230274901819,0.0012852552659764367,0.0003570153516601213,0.011138878971795784,0.0034273473759371645,7.140307033202426e-05,0.0013566583363084609,0.002499107461620849,0.0077829346661906435,0.0001428061406640485,0.0003570153516601213,0.001142449125312388,0.000285612281328097,0.001142449125312388,0.000285612281328097,0.006069260978222062,0.0001428061406640485,0.0010710460549803638,0.8,0.0001428061406640485,0.0020706890396287037,0.005640842556229917,0.0014280614066404852,0.00021420921099607278,0.0017136736879685823,0.002641913602284898,0.020492681185290962,0.0014280614066404852,0.0008568368439842911,0.0003570153516601213,0.0014994644769725095,0.0001428061406640485,7.140307033202426e-05,0.0004998214923241698,0.0013566583363084609,0.0014280614066404852,0.00021420921099607278,0.002998928953945019,0.010996072831131737,0.0,0.0001428061406640485,0.0004998214923241698,0.00042841842199214556,0.0003570153516601213,0.0004998214923241698,0.00021420921099607278,0.0004998214923241698,0.052695465905033906,0.004069975008925383,0.003998571938593359,0.002427704391288825,0.0017850767583006066,0.0,0.0012138521956444124,0.0001428061406640485,0.0059264548375580145,0.003570153516601213,0.0012852552659764367,0.0006426276329882184,0.0003570153516601213,0.0001428061406640485,0.0004998214923241698,0.0007854337736522668
Franklin,0.0006640106241699866,0.0001328021248339973,0.0013280212483399731,0.0002656042496679946,0.005046480743691898,0.00039840637450199194,0.0006640106241699866,0.003320053120849933,0.005444887118193889,0.0026560424966799463,0.0029216467463479404,0.0001328021248339973,0.011553784860557765,0.0010624169986719785,0.007569721115537846,0.0005312084993359893,0.004116865869853916,0.0022576361221779543,0.0002656042496679946,0.00039840637450199194,0.8,0.0019920318725099597,0.0005312084993359893,0.0006640106241699866,0.0037184594953519248,0.0015936254980079678,0.0002656042496679946,0.0023904382470119516,0.0007968127490039839,0.003054448871181938,0.0031872509960159355,0.0010624169986719785,0.010225763612217793,0.009960159362549799,0.0023904382470119516,0.0015936254980079678,0.033333333333333326,0.0,0.0005312084993359893,0.0022576361221779543,0.0001328021248339973,0.0394422310756972,0.0007968127490039839,0.00039840637450199194,0.0002656042496679946,0.0001328021248339973,0.0,0.0002656042496679946,0.0010624169986719785,0.0002656042496679946,0.0005312084993359893,0.0010624169986719785,0.0010624169986719785,0.006905710491367861,0.0010624169986719785,0.004116865869853916,0.0007968127490039839,0.0009296148738379812,0.00039840637450199194,0.0018592297476759624,0.0001328021248339973,0.0053120849933598925,0.0002656042496679946,0.002523240371845949
Grant,0.0008726003490401394,0.0010471204188481672,0.00017452006980802788,0.0005235602094240836,0.004712041884816753,0.001396160558464223,0.00034904013961605576,0.0024432809773123902,0.01483420593368237,0.001570680628272251,0.0024432809773123902,0.00017452006980802788,0.0024432809773123902,0.00034904013961605576,0.0024432809773123902,0.0036649214659685856,0.0020942408376963344,0.00017452006980802788,0.0,0.0005235602094240836,0.00034904013961605576,0.8,0.00017452006980802788,0.0,0.0017452006980802788,0.0006980802792321115,0.0005235602094240836,0.0017452006980802788,0.0005235602094240836,0.014485165794066316,0.005235602094240836,0.00034904013961605576,0.00017452006980802788,0.001570680628272251,0.005933682373472949,0.00034904013961605576,0.0019197207678883065,0.0,0.0,0.09493891797556718,0.0005235602094240836,0.0008726003490401394,0.003141361256544502,0.0,0.0,0.0,0.0,0.00017452006980802788,0.0024432809773123902,0.0,0.0,0.0,0.00017452006980802788,0.00017452006980802788,0.00034904013961605576,0.0006980802792321115,0.00017452006980802788,0.0024432809773123902,0.0,0.00034904013961605576,0.0,0.00017452006980802788,0.0,0.015357766143106452
Iberia,0.007306841583403249,0.0006559377621844253,0.0017084890549919913,0.0010525512928075663,0.0005339028296849973,0.0010220425596827092,0.00016779803218671343,0.0011288231256197086,0.0023644268171764166,0.003813591640607123,9.152619937457096e-05,0.00012203493249942795,0.00018305239874914192,0.00016779803218671343,0.00025932423156128443,0.00019830676531157045,0.005400045763099687,0.00010678056593699946,0.0007017008618717107,0.0025779879490504154,0.00019830676531157045,0.00022881549843642738,0.8000000000000002,0.001266112424681565,0.00015254366562428496,0.00364579360842041,0.0010830600259324231,0.05753947067348028,0.004515292502478834,0.00016779803218671343,0.00035085043093585535,0.0016779803218671344,0.00012203493249942795,0.0003966135306231409,0.00033559606437342685,0.0021966287849897034,0.001601708489054992,0.0005186484631225689,0.0011288231256197086,0.0030051102127984135,3.0508733124856988e-05,0.00033559606437342685,0.00018305239874914192,0.0004881397299977118,0.0007932270612462818,0.0003966135306231409,0.00042712226374799783,0.0009610250934329952,0.006772938753718251,0.024391732133323164,0.016550987720234916,0.0031423995118602696,0.0019525589199908472,0.00010678056593699946,0.005598352528411257,0.0003050873312485699,0.02440698649988559,0.0012813667912439936,0.0007627183281214247,0.00035085043093585535,0.00038135916406071234,0.00010678056593699946,0.0003966135306231409,0.00018305239874914192
Iberville,0.0008870889981679683,0.0004821135859608523,0.03151094397840131,0.004763282229293221,0.0002506990646996433,0.0006363899334683251,5.785363031530228e-05,0.00036640632533024777,0.0009835117153601388,0.003066242406711021,9.642271719217047e-05,0.000212129977822775,9.642271719217047e-05,9.642271719217047e-05,0.0002892681515765114,9.642271719217047e-05,0.06090058817857487,9.642271719217047e-05,0.001832031626651239,0.0007520971940989296,9.642271719217047e-05,7.713817375373638e-05,0.0017934625397743706,0.8000000000000002,0.00015427634750747276,0.0034326487320412687,0.0006363899334683251,0.0034519332754797023,0.004435444990839842,0.00017356089094590685,0.000212129977822775,0.016854690965191398,9.642271719217047e-05,0.0002892681515765114,9.642271719217047e-05,0.002429852473242696,0.001002796258798573,0.00023141452126120913,0.00541895670619998,0.0018127470832128049,1.9284543438434095e-05,0.00017356089094590685,9.642271719217047e-05,0.0005013981293992865,0.0019477388872818433,0.0008485199112911,0.0013306334972519524,0.0019477388872818433,0.0021405843216661846,0.0020248770610355802,0.0019091698004049754,0.0025069906469964323,0.0044932986211551436,5.785363031530228e-05,0.0021598688651046187,0.0003471217818918137,0.0016970398225822,0.0009063735416064024,0.0005785363031530228,0.00015427634750747276,0.022832899431105967,9.642271719217047e-05,0.0008870889981679683,0.00017356089094590685
Jackson,0.00032258064516129027,0.00032258064516129027,0.0004838709677419354,0.00016129032258064513,0.0022580645161290316,0.00032258064516129027,0.03290322580645161,0.0032258064516129024,0.00693548387096774,0.0019354838709677415,0.0029032258064516123,0.00016129032258064513,0.0008064516129032256,0.0032258064516129024,0.0016129032258064512,0.0024193548387096767,0.0017741935483870962,0.0009677419354838708,0.0,0.0,0.0024193548387096767,0.0029032258064516123,0.00016129032258064513,0.00016129032258064513,0.8,0.0006451612903225805,0.0008064516129032256,0.0006451612903225805,0.00016129032258064513,0.0014516129032258061,0.04161290322580644,0.0004838709677419354,0.0006451612903225805,0.003387096774193548,0.00629032258064516,0.0,0.025967741935483866,0.0,0.00016129032258064513,0.002580645161290322,0.001290322580645161,0.004032258064516128,0.0022580645161290316,0.0,0.0,0.0,0.0,0.00016129032258064513,0.0004838709677419354,0.0004838709677419354,0.00016129032258064513,0.0,0.00016129032258064513,0.0006451612903225805,0.0006451612903225805,0.00661290322580645,0.0,0.00032258064516129027,0.0,0.0029032258064516123,0.00016129032258064513,0.0016129032258064512,0.00032258064516129027,0.02451612903225806
Jefferson,0.0008355316285329742,0.00019596231493943468,0.00365222072678331,0.0007687752355316282,0.0002885598923283983,0.0002799461641991924,7.321668909825033e-05,0.0006697173620457604,0.0014471063257065946,0.0016839838492597576,4.737550471063255e-05,6.029609690444144e-05,7.106325706594884e-05,0.00010121130551816956,0.00011413189771197844,0.00013351278600269174,0.011077254374158813,6.029609690444144e-05,0.0003445491251682368,0.00044360699865410487,0.00010551816958277251,0.00015720053835800802,0.0009345895020188424,0.0005555854643337819,9.69044414535666e-05,0.8,0.0002820995962314939,0.0033033647375504704,0.006214804845222071,0.00011197846567967697,0.000273485868102288,0.004164737550471062,7.106325706594884e-05,0.00015935397039030952,0.00021318977119784654,0.0746465679676985,0.000977658142664872,0.004744010767160161,0.0003574697173620457,0.0011068640646029607,5.3835800807537004e-05,0.00014427994616419916,0.00017012113055181694,0.008236877523553161,0.015304441453566619,0.00015504710632570655,0.0014643337819650064,0.00868479138627187,0.0011693135935397037,0.0006718707940780617,0.0007213997308209958,0.02435531628532974,0.006888829071332435,4.737550471063255e-05,0.004492059219380887,0.00015935397039030952,0.0006374158815612381,0.0004694481830417226,0.003979542395693135,0.00021965006729475096,0.0008161507402422609,7.106325706594884e-05,0.00017658142664872135,8.61372812920592e-05
Jefferson Davis,0.04605225380419179,0.00924490381854723,0.0011484352569623886,0.00028710881424059715,0.0012632787826586274,0.006833189778926212,0.0001722652885443583,0.001722652885443583,0.002124605225380419,0.03853000287108814,0.00022968705139247771,0.002296870513924777,0.00022968705139247771,0.0001722652885443583,0.00045937410278495543,0.0005742176284811943,0.003560149296583405,5.742176284811943e-05,0.000401952339936836,0.006258972150445017,0.00022968705139247771,0.0006316393913293137,0.005340223944875107,0.00028710881424059715,0.00022968705139247771,0.0020671834625322996,0.8000000000000002,0.018374964111398218,0.0017800746482917024,0.00028710881424059715,0.000401952339936836,0.001435544071202986,0.00045937410278495543,0.000401952339936836,0.0003445305770887166,0.0018949181739879412,0.002641401091013494,0.00022968705139247771,0.0003445305770887166,0.003847258110824002,0.0,0.00028710881424059715,0.00011484352569623886,0.00022968705139247771,0.0005742176284811943,0.00011484352569623886,0.00011484352569623886,0.00011484352569623886,0.01113982199253517,0.002124605225380419,0.0017800746482917024,0.0012058570198105081,0.0010910134941142693,0.0001722652885443583,0.0014929658340511055,0.0006890611541774332,0.010508182601205857,0.003560149296583405,0.0003445305770887166,0.00028710881424059715,0.00022968705139247771,0.00022968705139247771,0.0001722652885443583,0.0005742176284811943
Lafayette,0.019816836549904276,0.0010210241285938495,0.0025422121039650916,0.0006484882978906883,0.0005898483986133388,0.001600524309687656,0.00018626791535158064,0.0013280212483399731,0.0030285783273831077,0.006271019816836548,0.00016212207447267207,0.000638140080371156,0.0001448750452734516,0.0001966161328711129,0.000358738207343785,0.00033459236646487633,0.010023973370586914,0.00012072920439454301,0.0007968127490039839,0.003911626222383194,0.0003069971197461237,0.0003173453372656559,0.02069988444490436,0.0011383039271485485,0.00028285127886721505,0.005488004691191941,0.003445956434004242,0.8,0.002780221106914333,0.00018626791535158064,0.0005863989927734946,0.0028630068470705916,0.00013107742191407527,0.00036563701902347315,0.00044842275917973115,0.003321777823769855,0.0021558786499025536,0.0003966816715820699,0.0010106759110743173,0.004411790069160587,0.00013107742191407527,0.0002966489022265914,0.00031044652558596773,0.0005139614701367689,0.0007519704730860107,0.0003069971197461237,0.0004208275124609785,0.0007795657198047634,0.02363187940877183,0.025573894896604055,0.0050775253962504945,0.0038288404822269355,0.002090339938945516,6.553871095703764e-05,0.0037529535537503657,0.0003207947431055,0.023549093668615576,0.0017316017316017312,0.0008244079957227366,0.0005105120642969247,0.000679532950449285,0.00018281850951173658,0.000358738207343785,0.0002518066263086183
Lafourche,0.0026482002891712953,0.0003957080891865154,0.004322349897268091,0.01111026558100601,0.0004413667148618826,0.00048702534053724975,4.5658625675367164e-05,0.000578342591887984,0.0008979529716155541,0.0024046876189026704,9.131725135073433e-05,0.00012175633513431244,7.609770945894527e-05,7.609770945894527e-05,0.00021307358648504676,9.131725135073433e-05,0.007944600867513887,0.00010653679324252338,0.00038048854729472636,0.0010805874743170228,0.0002282931283768358,0.00024351267026862487,0.0038809831824062084,0.0006848793851305075,0.00024351267026862487,0.016650178829617224,0.00038048854729472636,0.007214062856708012,0.8,0.00018263450270146865,0.0001978540445932577,0.004413667148618825,9.131725135073433e-05,0.00025873221216041393,0.0001369758770261015,0.007777185906704206,0.0013393196864774366,0.0018567841107982647,0.0003043908378357811,0.0015219541891789055,3.043908378357811e-05,0.00016741496080967957,7.609770945894527e-05,0.002480785328361616,0.006650939806711816,0.00031961037972757015,0.0044441062324024035,0.00401795905943231,0.002450346244578038,0.004215813104025567,0.007609770945894527,0.008553382543185448,0.0038657636405144196,1.5219541891789055e-05,0.0668746670725211,0.0001978540445932577,0.003074347462141389,0.0007457575526976636,0.0017654668594475303,0.00015219541891789055,0.000578342591887984,0.0001978540445932577,0.0001978540445932577,0.0001978540445932577
La Salle,0.000847856806406029,0.0006594441827602448,0.0013188883655204896,9.420631182289212e-05,0.004145077720207253,0.0013188883655204896,0.0006594441827602448,0.002731983042863871,0.003203014601978332,0.001507300989166274,0.01799340555817239,9.420631182289212e-05,0.02496467263306641,0.0006594441827602448,0.009420631182289212,0.0009420631182289212,0.0018841262364578423,0.0002826189354686763,0.0,0.0004710315591144606,0.002731983042863871,0.017710786622703718,0.0012246820536975975,0.0004710315591144606,0.00405087140838436,0.0005652378709373526,0.0009420631182289212,0.002637776731040979,0.0004710315591144606,0.8,0.00405087140838436,0.0003768252472915685,0.0005652378709373526,0.0021667451719265185,0.003391427225624116,0.000753650494583137,0.010080075365049457,0.0003768252472915685,0.00018841262364578424,0.035609985869053215,0.0002826189354686763,0.002637776731040979,0.0019783325482807344,0.0003768252472915685,0.0003768252472915685,0.00018841262364578424,9.420631182289212e-05,0.0003768252472915685,0.000847856806406029,0.0009420631182289212,0.0006594441827602448,0.001507300989166274,0.0011304757418747053,0.0020725388601036264,0.0009420631182289212,0.002355157795572303,0.0010362694300518132,0.0010362694300518132,0.0005652378709373526,0.000847856806406029,0.0002826189354686763,0.0009420631182289212,9.420631182289212e-05,0.016862929816297688
Lincoln,0.00041569874067734437,0.0005868688103680155,0.0010025675510453597,0.00014671720259200387,0.0015160777601173733,0.0008069446142560214,0.011884093409952314,0.010490279985328277,0.011859640542853647,0.003350042792517422,0.0014182662917227042,0.00014671720259200387,0.0008803032155520233,0.007702653136080204,0.0010514732852426945,0.002494192444064066,0.003667930064800097,0.0008313974813546887,0.00012226433549333656,0.0002689815380853404,0.0026164567795574026,0.0020051351020907195,0.00044015160777601166,0.00022007580388800583,0.02569996332069935,0.0013204548233280349,0.0005624159432693482,0.002151852304682723,0.00046460447487467894,0.0009292089497493579,0.8,0.0009781146839466924,0.003667930064800097,0.005135102090720136,0.003667930064800097,0.0010514732852426945,0.04384399070791049,0.00012226433549333656,7.335860129600193e-05,0.0026898153808534047,0.00046460447487467894,0.0037168357989974315,0.0016138892285120427,0.00019562293678933852,0.0002445286709866731,9.781146839466926e-05,0.00014671720259200387,0.0002689815380853404,0.0006602274116640174,0.0004890573419733462,0.00046460447487467894,0.0015405306272160408,0.0006846802787626848,0.0005868688103680155,0.0005135102090720136,0.019684558014427186,0.0003423401393813424,0.0007824917471573541,0.00022007580388800583,0.004254798875168112,0.00022007580388800583,0.001173737620736031,0.00019562293678933852,0.0031544198557280833
Livingston,0.0014609819484441946,0.00036524548711104864,0.015986514012783587,0.0011659759780852706,0.0004495329072135983,0.0006040598440682726,5.6191613401699786e-05,0.0008990658144271966,0.0018824190489569426,0.0029500597035892386,9.833532345297462e-05,0.00012643113015382452,0.00014047903350424947,7.023951675212474e-05,0.00021071855025637417,0.00019667064690594925,0.06737374446863804,5.6191613401699786e-05,0.002303856149469691,0.0005478682306665728,0.0003090538737093488,0.0002388143569572241,0.0014609819484441946,0.002388143569572241,0.0001545269368546744,0.010915220903280183,0.000519772423965723,0.00522582004635808,0.004326754231930884,0.00014047903350424947,0.00026691016365807394,0.8,0.00014047903350424947,0.00025286226030764904,0.0002388143569572241,0.003511975837606236,0.001292407108239095,0.0005478682306665728,0.0016436046919997187,0.001980754372409917,9.833532345297462e-05,0.00022476645360679914,0.00025286226030764904,0.0009412095244784713,0.0017700358221535433,0.005759640373674228,0.0011238322680339958,0.003511975837606236,0.0019105148556577928,0.002514574699726065,0.002163377115965442,0.009552574278288964,0.0264100582987989,7.023951675212474e-05,0.00264100582987989,0.00019667064690594925,0.0010957364613331457,0.0007445388775725221,0.002514574699726065,0.00018262274355552432,0.0029641076069396636,7.023951675212474e-05,0.0005619161340169979,0.00022476645360679914
Madison,0.0006920415224913492,0.0004613610149942328,0.0002306805074971164,0.0002306805074971164,0.0020761245674740477,0.0002306805074971164,0.0002306805074971164,0.0020761245674740477,0.008765859284890423,0.002768166089965397,0.002998846597462513,0.0,0.0009227220299884655,0.0016147635524798147,0.003690888119953862,0.001153402537485582,0.002768166089965397,0.029527104959630898,0.0004613610149942328,0.0004613610149942328,0.020069204152249127,0.0006920415224913492,0.0004613610149942328,0.0,0.0013840830449826985,0.0016147635524798147,0.0004613610149942328,0.00253748558246828,0.0004613610149942328,0.0009227220299884655,0.0006920415224913492,0.0004613610149942328,0.7999999999999998,0.007381776239907724,0.0006920415224913492,0.001153402537485582,0.027912341407151084,0.0002306805074971164,0.0,0.001153402537485582,0.0004613610149942328,0.03506343713956169,0.0004613610149942328,0.0002306805074971164,0.0009227220299884655,0.0002306805074971164,0.0,0.0004613610149942328,0.001153402537485582,0.0004613610149942328,0.0002306805074971164,0.0020761245674740477,0.001153402537485582,0.015224913494809682,0.0002306805074971164,0.00253748558246828,0.0,0.0004613610149942328,0.0,0.0002306805074971164,0.0002306805074971164,0.007843137254901957,0.0004613610149942328,0.0002306805074971164
Morehouse,0.00044822949350067226,0.0006275212909009412,0.0008964589870013445,0.0,0.0016136261766024201,0.0008068130883012101,0.0006275212909009412,0.005020170327207529,0.005737337516808605,0.0018825638727028235,0.0019722097714029575,0.00044822949350067226,0.0006275212909009412,0.0017032720753025544,0.0015239802779022857,0.0009861048857014788,0.004392649036306587,0.006275212909009412,0.0001792917974002689,0.0007171671896010756,0.004303003137606454,0.0007171671896010756,0.0007171671896010756,0.00026893769610040336,0.0020618556701030924,0.0011653966831017479,8.964589870013445e-05,0.003137606454504706,0.0012550425818018823,0.0008964589870013445,0.004571940833706857,0.0014343343792021512,0.0032272523532048403,0.8,0.002599731062303899,0.0,0.08641864634692961,0.0,0.00026893769610040336,0.0020618556701030924,0.0003585835948005378,0.014701927386822048,0.0008068130883012101,8.964589870013445e-05,0.0003585835948005378,0.0,0.0003585835948005378,0.00026893769610040336,0.0011653966831017479,0.00026893769610040336,0.0003585835948005378,0.0008068130883012101,0.0008068130883012101,0.0014343343792021512,0.0008964589870013445,0.011653966831017477,0.0005378753922008067,0.00044822949350067226,8.964589870013445e-05,0.0009861048857014788,0.0003585835948005378,0.010757507844016133,0.00026893769610040336,0.0005378753922008067
Natchitoches,0.0010488100040338844,0.0018152480839048,0.0005647438483259377,0.00044372730939895106,0.005284388866478418,0.0032674465510286396,0.006010488100040338,0.008632513110125048,0.01670028237192416,0.0028237192416296886,0.00048406615570794665,0.0002823719241629689,0.0008874546187979021,0.001371520774505849,0.0011294876966518755,0.009076240419524,0.0028640580879386846,0.00040338846308995556,0.00024203307785397333,0.00036304961678095996,0.001169826542960871,0.006010488100040338,0.0005244050020169422,0.0002823719241629689,0.0005647438483259377,0.002702702702702702,0.001532876159741831,0.0034288019362646222,0.0008874546187979021,0.0009277934651068977,0.004154901169826542,0.0006454215409439288,0.0005244050020169422,0.0010488100040338844,0.8,0.004598628479225493,0.005284388866478418,4.033884630899555e-05,0.0001613553852359822,0.03102057281161758,0.010125050423557883,0.0007664380798709155,0.022912464703509477,0.0002823719241629689,0.00048406615570794665,8.06776926179911e-05,0.00040338846308995556,0.0005647438483259377,0.0011294876966518755,0.0005647438483259377,0.0008874546187979021,0.0016538926986688176,0.0012101653892698666,0.00012101653892698666,0.0009277934651068977,0.0016942315449778133,0.0006050826946349333,0.009721661960467929,0.0001613553852359822,0.003307785397337635,0.0002823719241629689,0.0007260992335619199,0.00012101653892698666,0.012061315046389671
Orleans,0.0005226241232292668,0.00015869153539350208,0.0024269225479512917,0.0006030278344953078,0.00015022798683918197,0.00022428403668948294,6.13607270188208e-05,0.000531087671783587,0.001136231393417475,0.0010875659892301342,3.173830707870041e-05,3.173830707870041e-05,4.020185563302052e-05,8.251959840462108e-05,6.770838843456088e-05,0.00012906911545338168,0.009697110756112267,3.80859684944405e-05,0.00022216814955090293,0.00028564476370830373,6.347661415740083e-05,8.886725982036116e-05,0.0007130539657014694,0.00037874379780582495,6.770838843456088e-05,0.10489933666938203,0.00013330088973054175,0.001967775038879426,0.003159019497899981,4.443362991018058e-05,0.00022851581096664298,0.0025834981962062136,2.962241994012039e-05,9.94466955132613e-05,0.0002073569395808427,0.8,0.0006114913830496281,0.003093426996604,0.00023274758524380304,0.0007955735641060904,3.173830707870041e-05,8.463548554320111e-05,0.00012695322831480165,0.011899749267374075,0.006324386657215702,0.00013118500259196172,0.0009140632438665719,0.004547041460808479,0.0007849941284131904,0.00042952508913174565,0.0005014652518434665,0.025743998815103197,0.003958824836283232,1.904298424722025e-05,0.0021370460099658277,7.405604985030097e-05,0.0005205082360906868,0.0002983400865397839,0.0033473334532336035,0.00019677750388794255,0.000687663320038509,4.8665404187340636e-05,0.00018196629391788237,8.463548554320111e-05
Ouachita,0.0008686620715702009,0.0005948446794448116,0.0013596449815881405,0.00020772353885374368,0.0018411859125672737,0.0007648003021433291,0.0023038428854687937,0.006363893872155603,0.011830799735624583,0.005164762534227173,0.005448021905391369,0.00010386176942687184,0.0009630818619582662,0.002162213199886696,0.0015768104994806909,0.002143329241809083,0.006307241997922763,0.0016051364365971105,0.00021716551789255023,0.0005476347842507789,0.00813898593145123,0.0018128599754508542,0.0008120101973373617,0.0003210272873194221,0.0070720423000660915,0.0020772353885374372,0.0007742422811821356,0.003323576621659899,0.0009630818619582662,0.0016429043527523364,0.020734585969219142,0.001510716646209045,0.0023510527806628267,0.02331224624681333,0.003342460579737512,0.002275516948352374,0.8,0.0002360494759701633,0.0002643754130865829,0.0034368803701255776,0.000604286658483618,0.017977528089887635,0.001048059673307525,0.0003493532244358417,0.0006326125956000377,0.00010386176942687184,0.000302143329241809,0.0005476347842507789,0.0011047115475403642,0.0007364743650269095,0.0008308941554149747,0.0022660749693135676,0.0015201586252478517,0.0008497781134925879,0.0011424794636955905,0.022575771881786416,0.0006420545746388442,0.0013218770654329145,0.000585402700406005,0.0023888206968180523,0.00036823718251345475,0.0031536209989613817,0.00019828155981493719,0.001973373619110565
Plaquemines,0.0006703910614525139,0.0005027932960893854,0.0016480446927374297,0.0006145251396648042,0.00047486033519553064,0.0005586592178770948,2.7932960893854742e-05,0.0006703910614525139,0.0009497206703910613,0.00270949720670391,0.0001396648044692737,0.00011173184357541897,0.00016759776536312847,0.0001396648044692737,0.0003910614525139664,5.5865921787709484e-05,0.0034357541899441334,8.379888268156423e-05,0.00016759776536312847,8.379888268156423e-05,8.379888268156423e-05,0.00033519553072625693,0.001843575418994413,0.00011173184357541897,0.0001396648044692737,0.08843575418994411,0.00047486033519553064,0.0026815642458100555,0.006703910614525138,0.00022346368715083794,0.00016759776536312847,0.0022067039106145247,0.0001396648044692737,0.0001955307262569832,0.00011173184357541897,0.030810055865921778,0.000865921787709497,0.8,0.0001955307262569832,0.0019273743016759773,2.7932960893854742e-05,0.0002513966480446927,2.7932960893854742e-05,0.009022346368715082,0.0053351955307262555,0.00016759776536312847,0.0008379888268156422,0.00212290502793296,0.0007262569832402234,0.0015642458100558656,0.0020111731843575416,0.013351955307262567,0.0029050279329608936,0.00011173184357541897,0.005111731843575418,5.5865921787709484e-05,0.0011731843575418992,0.0010055865921787708,0.001955307262569832,0.0002793296089385474,0.0001955307262569832,0.00016759776536312847,0.00022346368715083794,0.00011173184357541897
Pointe Coupee,0.0026022304832713744,0.00046468401486988824,0.004089219330855016,0.00046468401486988824,0.015520446096654268,0.0007434944237918212,0.0001858736059479553,0.0012081784386617097,0.0014869888475836424,0.003996282527881039,0.001115241635687732,0.0001858736059479553,0.00046468401486988824,9.293680297397765e-05,0.002137546468401486,0.0,0.046282527881040876,0.0007434944237918212,0.0030669144981412626,0.004460966542750928,0.0007434944237918212,0.0012081784386617097,0.0031598513011152404,0.007434944237918212,0.0012081784386617097,0.003717472118959106,0.0007434944237918212,0.007156133828996279,0.0013940520446096647,0.0013011152416356872,0.00046468401486988824,0.007806691449814124,0.0008364312267657988,0.001022304832713754,0.0003717472118959106,0.001858736059479553,0.002881040892193307,9.293680297397765e-05,0.7999999999999998,0.006319702602230481,9.293680297397765e-05,0.0012081784386617097,0.0,9.293680297397765e-05,0.0007434944237918212,0.001022304832713754,0.0003717472118959106,0.0007434944237918212,0.011710037174721187,0.003717472118959106,0.002137546468401486,0.0030669144981412626,0.0030669144981412626,9.293680297397765e-05,0.0014869888475836424,0.001115241635687732,0.0017657992565055752,0.000557620817843866,0.00046468401486988824,0.000278810408921933,0.016914498141263935,0.0008364312267657988,0.008643122676579922,0.0008364312267657988
Rapides,0.0025435965789181382,0.0037876263467732977,0.0016438964789514605,0.0003443296678884816,0.022725758080639785,0.0031322892369210257,0.001432855714761746,0.0041541708319449075,0.008319449072531378,0.007641897145395978,0.000422081528379429,0.00036654448517160944,0.0017994001999333553,0.0007886260135510385,0.002421415083860935,0.0030878596023547703,0.007475286015772519,0.00033322225924691765,0.0003887593024547373,0.00396534488503832,0.0006775519271353992,0.029867821837165385,0.0017438631567255358,0.0007553037876263468,0.00045540375430412074,0.003920915250472065,0.0028990336554481837,0.00784183050094413,0.0013439964456292348,0.003998667110963012,0.003243363323336665,0.0021104076418971456,0.00045540375430412074,0.0010552038209485728,0.010174386315672553,0.0031322892369210257,0.007441963789847828,0.00032211485060535376,0.0005109407975119405,0.8000000000000002,0.0015328223925358212,0.0005442630234366322,0.0033322225924691767,0.0005331556147950683,0.0007553037876263468,0.00023325558147284237,0.0002776852160390981,0.0005553704320781962,0.007475286015772519,0.0011107408641563923,0.0010774186382317005,0.002843496612240364,0.001555037209818949,0.0003110074419637898,0.0015217149838942575,0.0007330889703432189,0.0013328890369876706,0.009818949239142507,0.0006997667444185271,0.0014995001666111294,0.0003110074419637898,0.00036654448517160944,0.00025547039875597024,0.002599133622125958
Red River,0.0005080440304826417,0.00016934801016088057,0.0006773920406435223,0.0,0.002709568162574089,0.0006773920406435223,0.01710414902624894,0.024724809483488562,0.024047417442845043,0.0006773920406435223,0.0008467400508044029,0.0005080440304826417,0.00033869602032176113,0.001185436071126164,0.0,0.01795088907705334,0.0008467400508044029,0.0,0.0,0.0,0.00016934801016088057,0.002709568162574089,0.0005080440304826417,0.0,0.0013547840812870445,0.0008467400508044029,0.0010160880609652834,0.0010160880609652834,0.00033869602032176113,0.001524132091447925,0.001524132091447925,0.00033869602032176113,0.00033869602032176113,0.0006773920406435223,0.0487722269263336,0.0006773920406435223,0.003556308213378492,0.00016934801016088057,0.0,0.00880609652836579,0.8,0.00033869602032176113,0.012870448772226923,0.00033869602032176113,0.00033869602032176113,0.00033869602032176113,0.00016934801016088057,0.00033869602032176113,0.00033869602032176113,0.00016934801016088057,0.0,0.001185436071126164,0.0005080440304826417,0.0006773920406435223,0.0,0.0006773920406435223,0.0008467400508044029,0.0013547840812870445,0.00016934801016088057,0.008128704487722268,0.00016934801016088057,0.0,0.00016934801016088057,0.003556308213378492
Richland,0.0005745062836624774,0.0002872531418312387,0.0008617594254937161,7.181328545780968e-05,0.001795332136445242,0.00043087971274685807,0.0003590664272890484,0.0018671454219030517,0.003590664272890484,0.002010771992818671,0.003590664272890484,0.0,0.002441651705565529,0.0005026929982046678,0.002010771992818671,0.0002872531418312387,0.002513464991023339,0.007468581687612207,7.181328545780968e-05,0.00014362657091561936,0.0400718132854578,0.001795332136445242,0.00043087971274685807,0.00021543985637342903,0.0019389587073608612,0.0009335727109515259,0.00014362657091561936,0.0023698384201077194,0.0002872531418312387,0.0016517055655296225,0.001795332136445242,0.0005745062836624774,0.01615798922800718,0.010556552962298023,0.0012926391382405743,0.0008617594254937161,0.05479353680430878,0.00021543985637342903,0.00014362657091561936,0.0010053859964093356,0.0002872531418312387,0.8,0.00043087971274685807,0.0002872531418312387,0.0005745062836624774,0.00014362657091561936,0.00021543985637342903,0.00014362657091561936,0.0009335727109515259,0.00021543985637342903,0.0003590664272890484,0.0013644524236983838,0.0009335727109515259,0.0023698384201077194,0.0005026929982046678,0.0044524236983842,0.0007181328545780968,0.0005026929982046678,0.00043087971274685807,0.0005745062836624774,7.181328545780968e-05,0.014793536804308793,0.00021543985637342903,0.0013644524236983838
Sabine,0.0008125362739408007,0.00754497968659315,0.0003482298316889146,0.00023215322112594308,0.0033662217063261746,0.008009286128845036,0.003714451538015089,0.006732443412652349,0.010795124782356351,0.00603598374927452,0.0005803830528148577,0.00023215322112594308,0.0012768427161926868,0.0016250725478816014,0.0011607661056297154,0.019152640742890303,0.0020893789901334876,0.00011607661056297154,0.00023215322112594308,0.0010446894950667438,0.0013929193267556584,0.0032501450957632028,0.00046430644225188615,0.0,0.0008125362739408007,0.0003482298316889146,0.0020893789901334876,0.005223447475333719,0.00046430644225188615,0.0018572257690075446,0.003714451538015089,0.0006964596633778292,0.0006964596633778292,0.0005803830528148577,0.03876958792803249,0.00011607661056297154,0.00533952408589669,0.00011607661056297154,0.00011607661056297154,0.014045269878119557,0.0033662217063261746,0.00046430644225188615,0.8,0.0,0.0,0.00011607661056297154,0.0,0.0,0.001741149158444573,0.0006964596633778292,0.0006964596633778292,0.0005803830528148577,0.0005803830528148577,0.00023215322112594308,0.0008125362739408007,0.0009286128845037723,0.00046430644225188615,0.02878699941961694,0.00023215322112594308,0.002437608821822402,0.0,0.0003482298316889146,0.0,0.002321532211259431
St. Bernard,0.0004216444132115247,3.5137034434293733e-05,0.0030569219957835543,0.0007027406886858747,0.00010541110330288118,3.5137034434293733e-05,0.0,0.00014054813773717493,0.0003162333099086436,0.0007378777231201683,0.0,0.0,3.5137034434293733e-05,3.5137034434293733e-05,0.00014054813773717493,0.0,0.00498945888966971,3.5137034434293733e-05,0.00021082220660576236,7.027406886858747e-05,3.5137034434293733e-05,0.00010541110330288118,0.0004919184820801122,0.0003162333099086436,7.027406886858747e-05,0.053865073787772284,0.00010541110330288118,0.0014757554462403366,0.0037947997189037228,0.0,7.027406886858747e-05,0.00263527758257203,0.0,7.027406886858747e-05,0.00010541110330288118,0.05685172171468725,0.00045678144764581854,0.004356992269852422,0.0002459592410400561,0.00035137034434293735,0.0,0.0,0.0,0.7999999999999998,0.0047434996486296534,0.0,0.002775825720309205,0.005375966268446941,0.00021082220660576236,0.0005621925509486997,0.0006324666198172872,0.036964160224877,0.0057624736472241716,0.0,0.002178496134926211,0.0,0.0004919184820801122,0.00017568517217146867,0.00291637385804638,7.027406886858747e-05,0.0005270555165144059,0.0,0.00014054813773717493,0.0
St. Charles,0.0005402688779997486,0.0002764166352556853,0.010089207186832516,0.0014449051388365373,0.00021359467269757505,0.0002638522427440633,0.00012564392511622062,0.0007915567282321899,0.0021233823344641283,0.001834401306696821,3.769317753486619e-05,5.025757004648825e-05,6.282196255811031e-05,0.00015077271013946476,0.0003015454202789295,0.00018846588767433092,0.011232566905390123,0.0001005151400929765,0.0007538635506973237,0.0002638522427440633,8.795074758135443e-05,7.538635506973238e-05,0.000804121120743812,0.001017715793441387,7.538635506973238e-05,0.05659002387234577,0.00028898102776730745,0.0024877497173011686,0.012300540268877998,5.025757004648825e-05,0.00036436738283703984,0.007601457469531348,0.0,0.00021359467269757505,0.00028898102776730745,0.018507350169619297,0.0008418142982786781,0.0015831134564643799,0.0006282196255811032,0.0013569543912551826,6.282196255811031e-05,0.0001005151400929765,0.00016333710265108682,0.0040457343887423045,0.8000000000000002,0.00032667420530217364,0.007136574946601332,0.018545043347154164,0.0009046362608367885,0.000590526448046237,0.0007664279432089458,0.010993843447669306,0.010064078401809272,5.025757004648825e-05,0.00530217363990451,0.00016333710265108682,0.0004774469154416383,0.0005402688779997486,0.001997738409347908,0.00037693177534866185,0.0007287347656740797,0.00013820831762784266,0.0004774469154416383,3.769317753486619e-05
St. Helena,0.00022346368715083794,0.0,0.006033519553072624,0.0006703910614525139,0.00022346368715083794,0.00022346368715083794,0.0,0.0006703910614525139,0.0011173184357541896,0.0011173184357541896,0.0,0.0,0.0,0.0,0.0,0.0004469273743016759,0.02324022346368715,0.0,0.008715083798882679,0.00022346368715083794,0.00022346368715083794,0.00022346368715083794,0.0004469273743016759,0.0008938547486033517,0.00022346368715083794,0.003798882681564245,0.00022346368715083794,0.0006703910614525139,0.0006703910614525139,0.0,0.0004469273743016759,0.03620111731843575,0.00022346368715083794,0.00022346368715083794,0.0,0.0022346368715083793,0.0006703910614525139,0.0,0.0015642458100558656,0.0015642458100558656,0.0,0.0,0.0,0.0,0.0006703910614525139,0.8,0.0,0.00022346368715083794,0.0004469273743016759,0.00022346368715083794,0.0011173184357541896,0.010279329608938544,0.07731843575418994,0.0,0.0017877094972067035,0.00022346368715083794,0.0008938547486033517,0.0004469273743016759,0.01184357541899441,0.00022346368715083794,0.0008938547486033517,0.0,0.0,0.0
St. James,0.00029080334423845866,0.00018175209014903668,0.05478007997091965,0.008505997818974917,0.00025445292620865134,0.000218102508178844,3.635041802980733e-05,0.00032715376226826604,0.0005816066884769173,0.0008360596146855686,7.270083605961467e-05,3.635041802980733e-05,3.635041802980733e-05,0.0,7.270083605961467e-05,7.270083605961467e-05,0.018502362777171936,3.635041802980733e-05,0.0009087604507451834,0.0005816066884769173,3.635041802980733e-05,3.635041802980733e-05,0.00025445292620865134,0.0030897855325336234,0.0,0.010178117048346053,0.00018175209014903668,0.0010541621228644129,0.018756815703380583,0.0,0.000109051254089422,0.01366775717920756,3.635041802980733e-05,0.000218102508178844,0.0,0.005525263540530715,0.0005816066884769173,0.0007997091966557612,0.0013813158851326787,0.0005816066884769173,0.0,0.0,3.635041802980733e-05,0.0009087604507451834,0.008869501999272989,0.0005816066884769173,0.8,0.02235550708833151,0.0011632133769538346,0.00109051254089422,0.0019265721555797887,0.005852417302798982,0.0054525627044711,0.0,0.005488913122500908,3.635041802980733e-05,0.000109051254089422,0.00014540167211922933,0.0008360596146855686,0.000109051254089422,0.0017811704834605592,0.0,0.00029080334423845866,0.00014540167211922933
St. John the Baptist,0.001085568326947637,0.00017028522775649208,0.020796083439761595,0.002767134951042996,0.0002554278416347381,0.0004257130693912302,0.00012771392081736905,0.0002341421881651766,0.000957854406130268,0.0023201362281822045,6.385696040868453e-05,8.514261387824604e-05,8.514261387824604e-05,4.257130693912302e-05,0.0002128565346956151,0.00010642826734780755,0.01351638995317156,0.0,0.0005321413367390378,0.0005321413367390378,6.385696040868453e-05,0.00010642826734780755,0.0009791400595998295,0.0013409961685823752,0.00010642826734780755,0.028097062579821194,0.0003618561089825457,0.0030651340996168575,0.009791400595998296,6.385696040868453e-05,0.0002128565346956151,0.009833971902937418,8.514261387824604e-05,0.0002128565346956151,0.00014899957428693057,0.012558535547041292,0.0011494252873563216,0.0012345679012345677,0.0010004257130693912,0.0015325670498084287,0.0,0.00014899957428693057,6.385696040868453e-05,0.0026819923371647503,0.020923797360578967,0.0005959982971477223,0.018667518092805445,0.8,0.0013409961685823752,0.0018731375053214127,0.0014687100893997444,0.010472541507024263,0.01351638995317156,4.257130693912302e-05,0.0060876968922945925,0.00017028522775649208,0.000957854406130268,0.0006598552575564069,0.0022775649212430815,0.00017028522775649208,0.0008939974457215834,8.514261387824604e-05,0.0005534269902085993,8.514261387824604e-05
St. Landry,0.028471547873373467,0.0025441833365702077,0.0019421246844047388,0.0005437949116333269,0.005088366673140415,0.002738395805010681,7.768498737618954e-05,0.0011846960574868907,0.0023499708681297337,0.006234220236939212,0.00013594872790833172,0.00027189745581666344,0.0005049524179452322,9.710623422023693e-05,0.001514857253835696,0.00023305496212856864,0.0072052825791415805,3.884249368809477e-05,0.0009904835890464168,0.023499708681297336,0.00021363371528452122,0.0007962711206059427,0.006661487667508253,0.001456593513303554,0.00021363371528452122,0.002621868323946397,0.004020198096717809,0.045096135171878035,0.0016119634880559332,0.00031073994950475817,0.0003301611963488056,0.0017284909691202175,0.00015536997475237908,0.0003690036900369003,0.0002913187026607108,0.0016313847348999805,0.00223344338706545,0.00013594872790833172,0.0032433482229559133,0.0056904253253058845,0.00013594872790833172,0.00019421246844047386,0.00027189745581666344,0.0002524762089726161,0.0004855311711011847,0.0008156923674499903,0.00034958244319285294,0.00040784618372499514,0.8000000000000002,0.010234997086812973,0.004097883084093998,0.002408234608661876,0.0011846960574868907,5.826374053214216e-05,0.0020780734123130706,0.0002913187026607108,0.006972227617013011,0.002854923286074966,0.00044668867741308986,0.0003301611963488056,0.0005049524179452322,0.00019421246844047386,0.0003884249368809477,0.0005632161584773743
St. Martin,0.009392194497760714,0.0007165706973768393,0.0014331413947536785,0.0022008957133717207,0.0004350607805502239,0.0006909788867562379,0.0002303262955854126,0.0011260396673064615,0.002175303902751119,0.0029686500319897626,7.677543186180421e-05,0.00012795905310300702,0.00015355086372360841,5.11836212412028e-05,0.0002303262955854126,0.0002815099168266154,0.0046065259117082525,0.00012795905310300702,0.0005118362124120281,0.002533589251439539,5.11836212412028e-05,0.0001791426743442098,0.030761356365962885,0.0010492642354446573,0.00012795905310300702,0.0020473448496481123,0.00145873320537428,0.07311580294305821,0.00273832373640435,0.0001791426743442098,0.0004350607805502239,0.0018170185540626997,5.11836212412028e-05,5.11836212412028e-05,0.00033269353806781823,0.0012795905310300701,0.0013563659628918743,0.00015355086372360841,0.001074856046065259,0.0020985284708893146,0.0001023672424824056,0.0002303262955854126,0.0002047344849648112,0.000383877159309021,0.000767754318618042,0.00033269353806781823,0.00025591810620601403,0.0005886116442738323,0.01607165706973768,0.8,0.0073960332693538055,0.0020729366602687135,0.0011772232885476645,2.55918106206014e-05,0.003557261676263595,0.0004094689699296224,0.013307741522712729,0.0012539987204094685,0.0003582853486884196,0.0004094689699296224,0.0002303262955854126,2.55918106206014e-05,0.0002303262955854126,0.0001791426743442098
St. Mary,0.006198393846849903,0.0004750593824228028,0.0023979187874674807,0.014523243976925684,0.0004750593824228028,0.0005429250084832032,4.5243750706933595e-05,0.0004298156317158691,0.00056554688383667,0.0028729781698902833,0.00018097500282773438,0.00015835312747426757,0.00011310937676733398,0.00011310937676733398,0.00022621875353466797,2.2621875353466797e-05,0.005248275082004298,4.5243750706933595e-05,0.00038457188100893557,0.0015156656486822755,0.0001357312521208008,0.0002714625042416016,0.03691890057685781,0.0008822531387852051,0.0001357312521208008,0.006107906345436035,0.00045243750706933593,0.0171700033932813,0.02359461599366587,0.0002488406288881347,0.00020359687818120119,0.0027146250424160156,4.5243750706933595e-05,0.00018097500282773438,0.00011310937676733398,0.0032123063001922854,0.0009953625155525389,0.0004976812577762694,0.0005429250084832032,0.0018323719036308105,2.2621875353466797e-05,0.00011310937676733398,6.78656260604004e-05,0.0010858500169664063,0.0015382875240357423,0.00022621875353466797,0.0006334125098970703,0.0016061531500961427,0.0033932813030200194,0.012894468951476074,0.8,0.004343400067865625,0.002488406288881348,0.0,0.02725935980092749,0.00018097500282773438,0.00812125325189458,0.0010406062662594727,0.0009501187648456056,0.00018097500282773438,0.00031670625494853514,0.00018097500282773438,0.00045243750706933593,0.00011310937676733398
St. Tammany,0.0012715973993318722,0.0003017349761126477,0.005222888753187973,0.0009698624232192246,0.0005603649556377743,0.0004597866302668917,0.00010776249146880272,0.0010273357520025862,0.0020546715040051723,0.0024641689715866224,0.00010057832537088255,7.184166097920182e-05,0.0001221308236646431,0.00010776249146880272,0.0003232874744064082,0.0001652358202521642,0.014705988002442614,0.00010776249146880272,0.0005388124573440136,0.0006968641114982576,0.0001939724846438449,0.000316103308308488,0.0014152807212902759,0.0008908365961421026,0.00017241998635008436,0.031912065806961445,0.0003232874744064082,0.004267394662164588,0.004863680448291964,0.0002083408168396853,0.0003304716405043284,0.005467150400517259,0.0001221308236646431,0.0003879449692876898,0.0003663924709939293,0.024907503861489273,0.0021049606666906136,0.002234275656453177,0.000632206616616976,0.0017385681956966841,3.592083048960091e-05,0.00025862997952512656,0.00017960415244800456,0.006537591149107366,0.0041596321706957855,0.0003232874744064082,0.0014583857178777971,0.003469952225295448,0.0015158590466611585,0.0011997557383526705,0.0011063615790797082,0.8,0.03674700959086173,4.310499658752109e-05,0.004834943783900283,0.0003089191422105678,0.0011925715722547504,0.0007543374402816192,0.01961995761342002,0.0003592083048960091,0.0009267574266317035,0.000158051654154244,0.0003232874744064082,0.0002514458134272064
Tangipahoa,0.0013402410181326723,0.00023651312084694217,0.007151706273228965,0.0009010023651312083,0.000326613357360063,0.00041671359387318384,4.505011825656041e-05,0.00048428877125802444,0.0009347899538236287,0.0020835679693659193,7.883770694898072e-05,3.378758869242031e-05,3.378758869242031e-05,9.010023651312082e-05,0.00018020047302624165,0.00015767541389796145,0.017749746593084804,6.757517738484062e-05,0.0016555918459285953,0.0007433269512332469,0.0003040882982317828,0.00020272553215452187,0.0011825656042347109,0.0017231670233134359,0.00012388782520554112,0.014292150016893792,0.0003040882982317828,0.004628899650861583,0.004268498704809099,9.010023651312082e-05,0.00022525059128280207,0.03534181777227165,6.757517738484062e-05,0.00021398806171866194,0.00021398806171866194,0.010417839846829596,0.001317715959004392,0.0009010023651312083,0.0013289784885685322,0.0015654916094154743,4.505011825656041e-05,0.00018020047302624165,0.00011262529564140104,0.0012614033111836916,0.0037954724631152153,0.011330104741524944,0.0017794796711341364,0.0043923865300146405,0.0014416037842099332,0.0012388782520554114,0.0011825656042347109,0.04160378420993354,0.8,6.757517738484062e-05,0.0032098209257799292,0.00023651312084694217,0.000991102601644329,0.0005856515373352854,0.011116116679806281,0.00020272553215452187,0.0011149904268498703,6.757517738484062e-05,0.000540601419078725,7.883770694898072e-05
Tensas,0.0008097165991902833,0.0008097165991902833,0.0,0.0,0.0016194331983805665,0.0,0.0,0.0024291497975708494,0.007287449392712549,0.0,0.0016194331983805665,0.0,0.004858299595141699,0.0,0.040485829959514164,0.0,0.004048582995951416,0.0056680161943319825,0.0,0.0,0.02995951417004048,0.010526315789473682,0.0,0.0,0.004048582995951416,0.0,0.0,0.0008097165991902833,0.0016194331983805665,0.006477732793522266,0.0,0.0008097165991902833,0.029149797570850195,0.003238866396761133,0.0008097165991902833,0.0008097165991902833,0.017004048582995947,0.0,0.0,0.0,0.0008097165991902833,0.012955465587044532,0.0024291497975708494,0.0,0.0,0.0,0.0,0.0,0.0,0.0016194331983805665,0.0008097165991902833,0.0,0.0,0.8,0.0,0.0,0.0008097165991902833,0.0008097165991902833,0.0008097165991902833,0.0,0.0,0.004048582995951416,0.0,0.0
Terrebonne,0.0033848347991442826,0.0003993344425956738,0.00294746850487283,0.005333967197527928,0.0004373662942714522,0.00041835036843356296,0.00010458759210839074,0.0006655574043261229,0.0015688138816258614,0.002757309246493938,0.0001426194437841692,0.00012360351794627998,7.606370335155691e-05,7.606370335155691e-05,0.0001996672212978369,0.0001426194437841692,0.007663418112669359,2.8523888756833842e-05,0.00020917518421678148,0.001283574994057523,0.00018065129545994765,0.00025671499881150454,0.00405990016638935,0.0005799857380556215,9.507962918944614e-05,0.013986213453767528,0.000541953886379843,0.008414547183265984,0.07718564297599238,0.00010458759210839074,0.0001996672212978369,0.0032136914666032793,8.557166627050152e-05,0.00022819111005467074,0.0001426194437841692,0.006874257190396956,0.0013976705490848583,0.0014927501782743043,0.00033277870216306146,0.0020917518421678153,5.7047777513667684e-05,0.00013311148086522459,0.00018065129545994765,0.0027382933206560487,0.004535298312336581,0.0001426194437841692,0.0017779890658426428,0.0031661516520085564,0.0031946755407653905,0.004535298312336581,0.012122652721654383,0.006788685524126454,0.003974328500118848,1.9015925837889227e-05,0.8,0.00022819111005467074,0.003394342762063227,0.000960304254813406,0.0015212740670311382,0.00024720703589255997,0.0004468742571903969,5.7047777513667684e-05,0.00024720703589255997,0.00010458759210839074
Union,0.0002719854941069809,0.0002719854941069809,0.0002719854941069809,9.066183136899363e-05,0.000725294650951949,0.0002719854941069809,0.005258386219401631,0.004805077062556663,0.005893019038984586,0.0023572076155938346,0.002901178603807796,0.00018132366273798726,0.0002719854941069809,0.012601994560290115,0.0008159564823209427,0.0005439709882139618,0.0020852221214868534,0.0010879419764279236,0.0,0.00018132366273798726,0.0032638259292837707,0.000725294650951949,0.0002719854941069809,0.0,0.0032638259292837707,0.0005439709882139618,0.000725294650951949,0.0016319129646418854,9.066183136899363e-05,0.0003626473254759745,0.037171350861287394,0.00045330915684496816,0.0006346328195829554,0.03436083408884859,0.0018132366273798726,0.0,0.05811423390752491,0.0,0.0,0.002175883952855847,0.00045330915684496816,0.005349048050770624,0.0015412511332728918,0.0,0.00018132366273798726,9.066183136899363e-05,0.0,0.0002719854941069809,0.0006346328195829554,0.0002719854941069809,0.0005439709882139618,9.066183136899363e-05,0.0002719854941069809,0.0008159564823209427,0.00018132366273798726,0.8,9.066183136899363e-05,0.0002719854941069809,0.0,0.0011786038077969173,9.066183136899363e-05,0.000725294650951949,0.0,0.00045330915684496816
Vermilion,0.018197029910060655,0.001213135327337377,0.0011713030746705708,0.0011294708220037646,0.0003764902740012549,0.0028027609286760085,0.0001254967580004183,0.0015896256013386316,0.003053754444676845,0.0058565153733528535,0.0001254967580004183,0.0008784773060029281,4.18322526668061e-05,0.0001673290106672244,0.0002509935160008366,0.0002509935160008366,0.005229031583350762,8.36645053336122e-05,0.00046015477933486704,0.0025099351600083655,0.0001673290106672244,0.0001673290106672244,0.023886216272746282,0.00046015477933486704,0.0002091612633340305,0.002886425434009621,0.0055218573520184056,0.07199330683957329,0.003806734992679355,0.00046015477933486704,0.0007111482953357037,0.0016314578540054378,4.18322526668061e-05,0.0001254967580004183,0.00046015477933486704,0.0017569546120058562,0.0014222965906714074,0.0001673290106672244,0.0003764902740012549,0.0017987868646726622,0.0001673290106672244,0.0002509935160008366,0.0002509935160008366,0.0003346580213344488,0.00046015477933486704,0.0002091612633340305,8.36645053336122e-05,0.0002509935160008366,0.008952102070696504,0.009286760092030954,0.006316670152687721,0.0020497803806734985,0.0009203095586697341,0.0,0.0036812382346789363,0.0003346580213344488,0.8,0.00171512235933905,4.18322526668061e-05,0.00046015477933486704,0.0001673290106672244,0.0001673290106672244,0.0001254967580004183,0.0002091612633340305
Vernon,0.0009359461830944719,0.007370576191868966,0.0007604562737642584,0.00011699327288680898,0.0026908452763966064,0.059491079262942365,0.0012869260017548986,0.003802281368821292,0.006727113190991517,0.014624159110851121,0.00011699327288680898,0.0007019596373208539,0.0007019596373208539,0.0007604562737642584,0.0009944428195378765,0.003802281368821292,0.003977771278151506,0.00023398654577361797,0.00017548990933021348,0.0009359461830944719,0.00023398654577361797,0.0016379058204153258,0.0006434630008774493,0.00040947645510383145,0.00040947645510383145,0.004094764551038315,0.004328751096811932,0.0050892073705761905,0.0012284293653114944,0.0007019596373208539,0.002924831822170225,0.0010529394559812809,0.00023398654577361797,0.00023398654577361797,0.007955542556303012,0.002924831822170225,0.00286633518572682,0.00029248318221702246,0.00029248318221702246,0.021585258847616258,0.0009359461830944719,0.00011699327288680898,0.012752266744662177,0.0005264697279906404,0.0012869260017548986,5.849663644340449e-05,0.00023398654577361797,0.00046797309154723594,0.0015794091839719212,0.0007604562737642584,0.0009359461830944719,0.0032758116408306516,0.0014039192746417078,0.0,0.0011699327288680898,0.00040947645510383145,0.00046797309154723594,0.8,0.0007019596373208539,0.0014624159110851124,0.00035097981866042695,0.00029248318221702246,0.00023398654577361797,0.0012284293653114944
Washington,0.0007497656982193064,0.0003748828491096532,0.0023430178069353325,0.0006560449859418932,0.0007497656982193064,0.0008434864104967197,9.37207122774133e-05,0.0006560449859418932,0.0010309278350515462,0.002155576382380506,0.0001874414245548266,0.0,0.0001874414245548266,0.0001874414245548266,0.00028116213683223993,9.37207122774133e-05,0.00993439550140581,0.0001874414245548266,0.001218369259606373,0.0006560449859418932,0.0003748828491096532,0.0001874414245548266,0.001874414245548266,0.0017806935332708527,0.0001874414245548266,0.009840674789128397,0.0004686035613870665,0.003280224929709465,0.002436738519212746,9.37207122774133e-05,0.0003748828491096532,0.004029990627928772,0.0001874414245548266,0.0003748828491096532,0.00028116213683223993,0.007497656982193064,0.002530459231490159,0.0011246485473289597,0.001218369259606373,0.0014995313964386128,0.0,0.00028116213683223993,9.37207122774133e-05,0.0014058106841611994,0.0014058106841611994,0.001218369259606373,0.000937207122774133,0.0013120899718837863,0.0005623242736644799,0.0006560449859418932,0.0003748828491096532,0.08069353327085285,0.04245548266166822,0.0,0.0019681349578256797,0.0004686035613870665,0.0005623242736644799,0.0003748828491096532,0.8000000000000002,0.0001874414245548266,0.0010309278350515462,0.00028116213683223993,0.0010309278350515462,0.0004686035613870665
Webster,0.0004754700669980548,0.0003890209639074994,0.00017289820618111086,4.3224551545277716e-05,0.0015993084071752755,0.000605143721633888,0.01564728765939053,0.05307974929760103,0.034320293926950504,0.0023341257834449966,0.0004754700669980548,4.3224551545277716e-05,0.00021612275772638857,0.02887400043224551,0.0005186946185433326,0.006094661767884158,0.0015560838556299976,0.0006483682731791657,8.644910309055543e-05,0.0002593473092716663,0.0011238383401772206,0.0006915928247244435,0.0002593473092716663,0.00017289820618111086,0.0009941646855413874,0.001339961097903609,0.0003890209639074994,0.001815431164901664,0.0003890209639074994,0.0005186946185433326,0.011195158850226929,0.0004754700669980548,0.0007348173762697212,0.00151285930408472,0.005619191700886103,0.0003890209639074994,0.006915928247244434,0.00017289820618111086,8.644910309055543e-05,0.0017289820618111085,0.0022476766803544413,0.0009941646855413874,0.0027231467473524964,0.00021612275772638857,0.00021612275772638857,0.0,0.00017289820618111086,0.00017289820618111086,0.0009509401339961096,0.0005619191700886103,0.0005619191700886103,0.0010373892370866653,0.0007348173762697212,0.00043224551545277713,0.0005619191700886103,0.001988329371082775,0.0004754700669980548,0.0006483682731791657,0.0002593473092716663,0.8000000000000002,0.0,0.000605143721633888,0.0,0.0004754700669980548
West Baton Rouge,0.0011316872427983538,0.0004320987654320987,0.013415637860082302,0.0018312757201646088,0.0008847736625514401,0.0003703703703703703,0.00010288065843621396,0.000596707818930041,0.0012551440329218104,0.0025308641975308635,0.00012345679012345677,6.172839506172838e-05,0.00028806584362139914,4.1152263374485586e-05,0.0004938271604938271,0.00012345679012345677,0.0722633744855967,8.230452674897117e-05,0.0036213991769547312,0.0010493827160493825,0.00030864197530864186,0.000596707818930041,0.0019135802469135797,0.01553497942386831,0.00030864197530864186,0.004506172839506172,0.00030864197530864186,0.003415637860082304,0.0037448559670781884,0.0003703703703703703,0.00030864197530864186,0.018230452674897115,0.00018518518518518515,0.0003497942386831275,0.00014403292181069957,0.0019341563786008228,0.0016666666666666661,0.0003292181069958847,0.01156378600823045,0.001707818930041152,4.1152263374485586e-05,0.00024691358024691353,0.00010288065843621396,0.0004526748971193414,0.0020576131687242796,0.0009670781893004114,0.000699588477366255,0.0016872427983539088,0.0030452674897119337,0.0027366255144032916,0.0018106995884773656,0.004279835390946502,0.006707818930041151,6.172839506172838e-05,0.0016460905349794234,0.00024691358024691353,0.0015637860082304523,0.0004526748971193414,0.0012551440329218104,0.00018518518518518515,0.8,0.00020576131687242793,0.0011522633744855966,0.00026748971193415636
West Carroll,0.00035273368606701937,0.00035273368606701937,0.00035273368606701937,0.0010582010582010583,0.0021164021164021165,0.00035273368606701937,0.00035273368606701937,0.0024691358024691358,0.004585537918871252,0.001763668430335097,0.0007054673721340387,0.0,0.00035273368606701937,0.0,0.0014109347442680775,0.00035273368606701937,0.0021164021164021165,0.06701940035273368,0.0,0.0,0.009171075837742505,0.0007054673721340387,0.0,0.0,0.003527336860670194,0.0007054673721340387,0.00035273368606701937,0.001763668430335097,0.0010582010582010583,0.0010582010582010583,0.0021164021164021165,0.0,0.007054673721340388,0.02786596119929453,0.00035273368606701937,0.0010582010582010583,0.02680776014109347,0.0,0.0,0.0007054673721340387,0.0,0.01552028218694885,0.0,0.0,0.00035273368606701937,0.0,0.0,0.00035273368606701937,0.0007054673721340387,0.0010582010582010583,0.0007054673721340387,0.001763668430335097,0.0014109347442680775,0.0007054673721340387,0.0,0.0038800705467372126,0.0010582010582010583,0.0,0.00035273368606701937,0.0007054673721340387,0.00035273368606701937,0.8000000000000002,0.0007054673721340387,0.00035273368606701937
West Feliciana,0.000956937799043062,0.00029904306220095687,0.0074162679425837305,5.9808612440191376e-05,0.007177033492822964,0.00017942583732057413,5.9808612440191376e-05,0.00029904306220095687,0.0008971291866028705,0.001435406698564593,5.9808612440191376e-05,5.9808612440191376e-05,0.0008373205741626792,0.0,0.002452153110047846,0.0,0.07954545454545453,0.00011961722488038275,0.019976076555023918,0.0007775119617224879,0.000478468899521531,0.0005980861244019137,0.0005382775119617223,0.0018540669856459326,0.00029904306220095687,0.004246411483253588,0.00017942583732057413,0.001614832535885167,0.00131578947368421,0.0008373205741626792,0.00011961722488038275,0.010107655502392341,0.0,0.000657894736842105,0.0,0.004126794258373205,0.0010765550239234447,0.0005980861244019137,0.01698564593301435,0.0017344497607655498,0.0,0.0002392344497607655,0.0,0.000657894736842105,0.0021531100478468894,0.00263157894736842,0.0008373205741626792,0.0018540669856459326,0.0031100478468899517,0.00029904306220095687,0.0008373205741626792,0.004904306220095692,0.005921052631578947,5.9808612440191376e-05,0.0008971291866028705,0.00029904306220095687,0.000478468899521531,0.000478468899521531,0.001136363636363636,5.9808612440191376e-05,0.002870813397129186,0.00017942583732057413,0.8,0.00011961722488038275
Winn,0.0006036217303822936,0.00020120724346076456,0.0015090543259557339,0.0003018108651911468,0.004024144869215291,0.0005030181086519114,0.00885311871227364,0.004627766599597584,0.007243460764587524,0.001810865191146881,0.003621730382293762,0.00010060362173038228,0.0009054325955734405,0.0013078470824949696,0.0014084507042253518,0.003219315895372233,0.006740442655935612,0.0004024144869215291,0.00010060362173038228,0.00020120724346076456,0.001911468812877263,0.01670020120724346,0.00020120724346076456,0.00010060362173038228,0.028571428571428567,0.00010060362173038228,0.001810865191146881,0.0017102615694164988,0.0006036217303822936,0.009054325955734405,0.013883299798792754,0.0013078470824949696,0.0014084507042253518,0.0020120724346076456,0.022937625754527156,0.0,0.009959758551307846,0.00020120724346076456,0.00010060362173038228,0.01680080482897384,0.00311871227364185,0.0012072434607645873,0.005130784708249496,0.0,0.0006036217303822936,0.00010060362173038228,0.0003018108651911468,0.0005030181086519114,0.0009054325955734405,0.0006036217303822936,0.0007042253521126759,0.0012072434607645873,0.0009054325955734405,0.001106639839034205,0.0003018108651911468,0.001911468812877263,0.0004024144869215291,0.0013078470824949696,0.0003018108651911468,0.0013078470824949696,0.00020120724346076456,0.0008048289738430582,0.0,0.8
