recipient_parish_fips,22001,22003,22005,22007,22009,22011,22013,22015,22017,22019,22021,22023,22025,22027,22029,22031,22033,22035,22037,22039,22041,22043,22045,22047,22049,22051,22053,22055,22057,22059,22061,22063,22065,22067,22069,22071,22073,22075,22077,22079,22081,22083,22085,22087,22089,22091,22093,22095,22097,22099,22101,22103,22105,22107,22109,22111,22113,22115,22117,22119,22121,22123,22125,22127
22001,0.8,0.008604352068831344,0.0031005159260002273,0.00336574920798335,0.005702022241985394,0.004893248315032003,0.000737366686576192,0.0004420781560977329,0.0004589679109619022,0.005941984797477336,0.0013125731136329566,0.005716092558227339,0.0021061186248056436,0.000397023085283878,0.0021175789745165163,0.0007210156672609995,0.0037601385441859946,0.00036231625732593964,0.0031571921573653474,0.010383345102966575,0.0010592978427756163,0.0029443118612781905,0.008431310504652451,0.0045428649037151745,0.0009567085279192868,0.0010865154707905072,0.01143431740628855,0.012577784709460643,0.0017746117570590844,0.0022087603011118465,0.0006460810677341902,0.0027044817985473735,0.000598057136703318,0.00044382531819396175,0.0017541911449983376,0.000965561365076508,0.0006848044563606174,0.0007390269487038728,0.005548048291477234,0.004266085929555332,0.0010534002829949143,0.0007028417415220307,0.00161807039201209,0.0008245885574940195,0.001437655217121396,0.002016195258321628,0.002318559591096515,0.0017647738512053632,0.012070062075981623,0.009819014876366947,0.004126853619764239,0.000891547010784956,0.0016155333361740731,0.0011292499151267792,0.0018666550516526087,0.0004623539184909254,0.011727235653133262,0.0036165554465359484,0.0008505619120263664,0.00042794122601641244,0.0046651433275486775,0.0003664916485072841,0.004387926731413864,0.0015944632197892746
22003,0.009505956239537275,0.8,0.0018379783230677053,0.0018002481369866193,0.0071910466268324015,0.011019970928317515,0.0016087801307255573,0.001030463603383927,0.0010870602749375705,0.008561581257365563,0.002217767130222346,0.006387470187461899,0.002999597435951567,0.0008455017228623955,0.002630924238989043,0.0017329576772852609,0.0024101926329880502,0.0005214697685902256,0.0024165301912070225,0.012331727213814713,0.0015851526918390724,0.005660658788536885,0.004269472284430491,0.0026703331812503875,0.001910272001919576,0.0006165134707315846,0.011127799240188719,0.0065056003532368315,0.0009385433924510217,0.0036654013155015684,0.0012881931808041238,0.0017484515719719874,0.0008158569096402867,0.0007505023422345645,0.003990152007226573,0.0005533888916584679,0.0012070429564757469,0.0004081879477787375,0.004085774353016873,0.007712298313770264,0.0024275536050272556,0.00110341462906688,0.0039370535702645,0.00047070669607085714,0.0008060429571192706,0.0014649920354302126,0.0012981214081978565,0.001012512201760979,0.008695370922760138,0.005352757434825781,0.002097752637853163,0.0005617941554222221,0.0010704840357149289,0.001442351115962888,0.0009696498273284044,0.0008757065675554735,0.005904438082584895,0.00883949187110634,0.0006071031570871548,0.0009565053749945615,0.0029558291262073363,0.0005606734499573147,0.0037150749366549373,0.0032278012858561883
22005,0.0025496023589892808,0.0013680476755280893,0.8,0.00929034751520498,0.0024063426751436716,0.0007195008229622485,0.00024300190421827148,0.00012183773757577249,0.00011749564985381862,0.0007978318212683907,0.0007207569993727831,0.0008166838149461688,0.0013995784888563218,0.0001504691709016037,0.0018587847411977948,0.00016598390342797167,0.010792360919102907,0.00037522741829115194,0.006605549351700714,0.0022603877945389034,0.0008043345532616665,0.0009687576764710116,0.004775610422408068,0.010680062951565547,0.000384573518449949,0.0051992312148773576,0.0015367942026426212,0.003776187480757709,0.006232710129592424,0.001064643178473853,0.0002773526727228723,0.010948697526698253,0.0006412009344214807,0.00030378122576625615,0.0004549155473131165,0.004699980232318701,0.00039469173336435613,0.0033620363744813306,0.006114766372780587,0.0013252768354740708,0.0002805517051063357,0.0005279131602138347,0.0003236853364019871,0.003994293336650769,0.006654593604491669,0.006711713760813863,0.010193743647931767,0.008542634790695138,0.003307797791331491,0.0049197571262742925,0.00620458132465181,0.004441622942554824,0.007254725984009267,0.0011960595513888608,0.0056909607161241575,0.00023744571069727238,0.0030999282269350273,0.0006370167055266813,0.003597061419993306,0.00013816730308066497,0.009455814760541912,0.00032821306226497155,0.004995003109979674,0.0005613193754183135
22007,0.0031169765881563314,0.0015090600423778402,0.010462735868883185,0.8,0.002126613472847648,0.0008134920626805533,0.00020466480354382319,0.00010639604444537268,0.00010471399264798522,0.0010217635607847493,0.0005583903010592443,0.0011199231764402128,0.0010727830732635705,0.00012182854600077188,0.0013744139501711168,0.00015335639852326905,0.007920728511519782,0.0002607483053879668,0.004647167444565143,0.002356319523304636,0.0005906198538116569,0.0008478356773185194,0.006739916222466946,0.010065870296480733,0.00031227741324340604,0.005448018492954196,0.0019392171802207127,0.004717418543918441,0.009177342737513418,0.0008586506509841483,0.00022068837140455473,0.007317965458492989,0.00044687716089450446,0.00022245961235115244,0.0004128944353080862,0.0047869094026289595,0.00029873838501024206,0.0038435050081404194,0.005146320723373879,0.0011960850096252003,0.0002502714754367568,0.0003846458028574309,0.00031624588252023126,0.004134374867971021,0.007265424812102112,0.004487162053972688,0.01126602061736787,0.008357552813318417,0.0035587530095247486,0.005920686487862939,0.011305057411208533,0.0036509226401040496,0.005130875881268898,0.0008452150682284898,0.009191360792741281,0.00018193892492586228,0.004293693001485786,0.0006604144601006336,0.0025775553234961496,0.00011599264553967149,0.007872871299670575,0.00023165870911489737,0.003885570670853278,0.0004740490455822619
22009,0.005301316424128201,0.006051587072122625,0.0027206570920554744,0.002134969096440096,0.8,0.003491665049451229,0.001696662108127218,0.0008827021030334025,0.0008602635035679376,0.0025021217884147054,0.003922637720587303,0.0019821318914304666,0.0065368351586631524,0.0009830666616802237,0.006306843689098073,0.0012194126039001027,0.003880809522165359,0.0011194517842039167,0.004867287753261738,0.009144526526949893,0.003287222165231356,0.007050722769551522,0.0035374070960837545,0.003648116074145189,0.002499762754449029,0.000926622190765953,0.003997234343211803,0.004949429198518539,0.0011507626167962454,0.006511854835987457,0.001723404552302649,0.0029921507075183567,0.0018288777042153532,0.0013508003062131131,0.003345787620529355,0.0008536565558714276,0.0020311818851054425,0.0005909922034088553,0.00696378648293791,0.009733908909476417,0.0020569192547648697,0.0021738389760186084,0.0022847423864465286,0.0007263909014272063,0.0011611998184825397,0.0029460265195310202,0.0017902581340765718,0.0015033199921975439,0.00784706826402777,0.0050222443957015925,0.002028006099104436,0.0010117501749581886,0.0019840880094872133,0.0033836714239369125,0.0011155317148979992,0.0013134820580801062,0.0036673962306326023,0.003953338168132289,0.001258652917798223,0.0009616687938228031,0.004479318616082509,0.0011374888461396222,0.007694540385025526,0.00392042939762643
22011,0.007061834399252077,0.014395378366666748,0.0012627375145258623,0.001267715515616258,0.005419984313112633,0.8,0.0023106160918598823,0.0017299920704429497,0.0019050686271611826,0.013111117509313907,0.0022664986553904737,0.008786424197274288,0.0026251914027185007,0.0011969111825677955,0.0021417249112463048,0.0031520343260111844,0.0016497875892922409,0.0004952558450510273,0.0016774970495919924,0.008483921469674936,0.0014917202207169777,0.005983874759232282,0.0031290752626855164,0.001838884844484293,0.00237188474206245,0.000425356928215172,0.010202355631578373,0.00469735241520841,0.0006636499527152271,0.0035388268487982653,0.0016303339939176455,0.0011969663226925554,0.0007367327606352317,0.0008077165262389248,0.005829844378425296,0.000381065756344091,0.0013285742739228645,0.00028328790335510585,0.002807336976375637,0.007178672526536126,0.0038159850594992927,0.0010960111693516315,0.0073643343286612815,0.000324286017534975,0.0005577900281716582,0.0010133714443099338,0.0008995484837441145,0.0006977597184248468,0.005974065193373784,0.0037716293012297563,0.001531970102360775,0.00038459936501691677,0.0007340781558515945,0.0012253502457477928,0.0006936045370553574,0.001056277283092985,0.004578863863053176,0.015820150708310676,0.0004205964367256524,0.0014674088208597438,0.00202415626230583,0.0005574195916706147,0.0026051279640606313,0.003922411858676241
22013,0.0008619313708652905,0.00170219076633368,0.00034543024915313956,0.0002583333939866484,0.0021331908664951847,0.001871529575250102,0.8,0.010290109560392731,0.008957729439534068,0.0008986168702584563,0.006026378533792675,0.0006065175814317669,0.0033832514908000238,0.011525641534603453,0.0023291550646620997,0.008523729540861884,0.0005001301958004438,0.0019548122967875054,0.0007297819994194351,0.001540738736174772,0.003792652144710623,0.005284951310971446,0.00045402628674508856,0.00044600912066821796,0.012631025322519746,0.00012500403022370715,0.0009021097791503292,0.0006737667951210451,0.00014129063641852592,0.004950868895594878,0.01226607006012716,0.00041010625345668265,0.0021112965589527204,0.004482837778782901,0.008777482746595042,0.00011769931306548182,0.0066956703945613245,7.91481658616702e-05,0.0008701431916920291,0.0036509104228162983,0.012648281471772804,0.00404645869298195,0.0058140046540438375,0.0001009037747412807,0.00015135772936784712,0.0004819977159427943,0.00022515094199490506,0.0001969762186383592,0.0010690521754164373,0.0006336110998563543,0.0002465210164687094,0.00016038560343882368,0.0003063768272534338,0.0021856852776501894,0.0001354114035752367,0.007862749460396211,0.0005375141439363935,0.0032494759053097086,0.0002454068074065891,0.012610532161467734,0.0005572099572214407,0.0025544051195609454,0.001074297791386485,0.009603965775533206
22015,0.0007097350988473694,0.001497449707897986,0.00023787048993637624,0.00018444671345025957,0.0015242512793494686,0.001924513959566184,0.014132794723302231,0.8,0.02447940221405687,0.0009228654673692557,0.0038275659090964724,0.000617529750532558,0.0021770883265766045,0.012746184533550834,0.0014949327843768213,0.015661943339338437,0.00034301672221878567,0.0013728743194840378,0.0004857823873429146,0.001220177442386846,0.002424526650180602,0.0038247840910263387,0.00035030775322419103,0.0003142480559306326,0.008031288008238454,8.395589311766399e-05,0.0008119865412185077,0.0005288438836279747,9.912733254073276e-05,0.0032459942288581363,0.008606347206479866,0.0002759680957988821,0.0013938904313846796,0.0032701424133480196,0.007654175188400999,7.857478310780859e-05,0.004526324772241105,5.3198304678318065e-05,0.0006062720148773709,0.002713223239450874,0.012785906796020203,0.0026831639797564614,0.00708501992926927,6.720240366919724e-05,0.00010284960860391453,0.00031545648359085143,0.0001555449539575043,0.00013372134803591468,0.0008233851684165712,0.000480548492906669,0.00018331413120378412,0.00010456643198545879,0.00020124180406928338,0.0013909548961909095,9.623987731875262e-05,0.006115113322510543,0.0004377715945967326,0.003270078591337903,0.00015735150819403754,0.01948418962329282,0.00038820724925280026,0.0018359192614481805,0.0007286725698040003,0.006519975918156748
22017,0.0007854110893094467,0.0016838007290068278,0.00024451077828399414,0.00019349406001974644,0.0015834027126306893,0.002258941881372191,0.013113646495211195,0.026092655923225665,0.8,0.0010908180699129493,0.0035957212307784416,0.0007302396895564516,0.0021073977074244506,0.010917241225685692,0.00144478871375211,0.019443492331814447,0.0003513763036274788,0.0012089749006922365,0.00048745791560514997,0.001325752465431875,0.002236891651949412,0.003950470800403715,0.00037966190990733264,0.0003268804750029789,0.007463893446415024,8.511911816107224e-05,0.0009247056069053227,0.0005759301646201223,0.00010319201891314028,0.0031876378772892414,0.007657166311353335,0.00027948056206497646,0.001254577161659518,0.0028627609999107954,0.008237157001218206,7.932772397829544e-05,0.004045018679564716,5.40011864328968e-05,0.0006253024914896508,0.002849595364337805,0.013619928835590236,0.0024121601865018773,0.008417576832440724,6.774197677020542e-05,0.00010505743435389953,0.0003126328293948769,0.00016036130625560356,0.00013643898742108013,0.0008876956602383319,0.0005164060066708515,0.00019604837456120108,0.00010345758806892556,0.00020025530023167406,0.001294588441239134,0.00010088477352499024,0.005320511075764027,0.0004838844051107249,0.0037826848933024417,0.00015256915703441983,0.0166779228304871,0.00040108477238719984,0.0016090445894395876,0.0007393451606220033,0.006463823807670235
22019,0.009834563575543945,0.01282625589948157,0.0016058183783291128,0.0018260899999468247,0.004454276582912061,0.015036369581626435,0.0012723568978996475,0.0009514034552297701,0.0010550211675692668,0.8,0.001410953280991225,0.021082321504345566,0.001832938195793025,0.0006590740714188744,0.0016092722968018976,0.0017547817819697441,0.0019493926484869563,0.00032186092780921567,0.0017248086935235123,0.008274946974341812,0.0009791734206697658,0.003704225830979967,0.004766809511359847,0.0023510912103284726,0.001351186572696065,0.0005740667714247999,0.016355518502829895,0.006634622976709517,0.0009880535306437857,0.002293432535658773,0.0009209442970756778,0.0014015039138283575,0.0004991488027437496,0.00048560286532325675,0.0032210157720120114,0.000508169558188812,0.0007916023146543827,0.0003981901232834291,0.0030172007927516554,0.004824966691375467,0.0020890345688950045,0.0006916937228355176,0.004081835988996797,0.0004351593277370354,0.0007627466071042382,0.0010731911332139167,0.001225172859865269,0.0009247846584003324,0.006860613332111784,0.0051071676635138915,0.0024170612227211986,0.00046060432873674283,0.0008385690757485989,0.0008797590132250144,0.001067494489646486,0.0006047731211124387,0.00742705683313239,0.008679959935161524,0.00044783646993465766,0.000803235240716515,0.002417994137157038,0.0003507810068897555,0.002541634782689458,0.0022628085718962247
22021,0.0012890250303982619,0.0019714063479308857,0.0008607721940257748,0.0005921393529202832,0.004143441644915429,0.001542314843858761,0.005062966795749326,0.0023413335985774915,0.002063522243694539,0.0008371955755456396,0.8,0.0006009556246835041,0.009612060031993212,0.0037310588219044163,0.006867773530031988,0.002281811817469456,0.0012453797599459983,0.0040115308366745275,0.0019569709948014506,0.0023456282518256504,0.011054940580273743,0.007068224539642669,0.0008382197872135467,0.0010370575462050214,0.00888300139694838,0.00033817457162123424,0.001097247745494917,0.001158742935343898,0.00034324036090728,0.011103807921673606,0.007025454444031422,0.0010824983294991282,0.0054380003700116196,0.006279087380939686,0.004923036467378388,0.00032334501348150845,0.009679328541503548,0.00021474595813019955,0.0020182508896306804,0.0053698152942561654,0.004135338979604761,0.009024233558301583,0.002581347690826364,0.00027921429437613123,0.0003969027323961348,0.0013716362027359006,0.0005624345356921325,0.0005155680314210795,0.0018421629723640116,0.0011928940428384618,0.0005127360827959134,0.0004661352993095597,0.0008682784846707467,0.006697972577599914,0.00031925819961291083,0.006080376761535744,0.0008624465059166096,0.0024160401454900197,0.0007431955006168863,0.0030850747050253317,0.0013231001932457174,0.004597730298726674,0.0026712856877455487,0.00882112914601855
22023,0.010898307405906736,0.01102328533193206,0.0018935434028778955,0.0023056652046644526,0.004064784542203931,0.011607847504119894,0.0009892681362571282,0.0007333654732553545,0.0008135992298634483,0.024285926562560484,0.0011667138652052618,0.8,0.0015926947742666633,0.0005126282803236568,0.0014494554678793658,0.0013540641163090103,0.002195147028248131,0.0002742071413730592,0.0018097730566364947,0.007803151624233398,0.0008325499308832528,0.0030249402481183295,0.005997105222677241,0.002749822137839151,0.0010710084690140587,0.0007137066544525483,0.017497276147579222,0.007770649034918794,0.001288772891981655,0.0019217348789576578,0.0007273908433585057,0.0015840482734777457,0.00043315786406901484,0.0003969554735845806,0.002507143183979059,0.0006285582198890422,0.0006429938355456581,0.0005088694325488433,0.0031817677373088948,0.004046594932668832,0.001614924335829096,0.0005784193375410761,0.003147210544717678,0.000541194214204295,0.0009513594120321609,0.0011559208982288383,0.0015115332968362392,0.0011295153788497784,0.007125060169460582,0.005951283341725625,0.0031988538832545457,0.0005373846106106019,0.0009449319712174203,0.000781675051382945,0.0014179331076937607,0.0004815973498577773,0.009421608375587033,0.006717248788608856,0.0004904094238226817,0.0006208508431140572,0.002720432743288269,0.00029387625866116144,0.002567214078248054,0.0018010890242589025
22025,0.00205237880021848,0.0026458183651557,0.0016585686966502948,0.0011288463050136601,0.00685152749106852,0.0017726189622003518,0.0028204590482551516,0.0013214584534192038,0.0012000697491396752,0.0010791925953731224,0.009537912178364803,0.0008140431856560235,0.8,0.001927531454402814,0.012716205660869374,0.0014567367098646798,0.0023973304620145447,0.0031562510000295026,0.003774066753854525,0.0035975176025340298,0.009312323827819416,0.007254072533717962,0.001490250569636953,0.0019757761875263662,0.004792736376783398,0.0006497702629114463,0.0015909438359131302,0.001980442980284402,0.0006608888177625831,0.01190898424279863,0.003610470542008419,0.0020882314779962245,0.005042605814624099,0.0036723543990153794,0.0036952178937584386,0.0006194014482739505,0.005161378614437952,0.00041221258227737195,0.0038129454447254985,0.006783117133976333,0.002653932688844867,0.0061001032179918814,0.002037577090240582,0.000533840132429351,0.0007653785699125063,0.0026056624277585967,0.001084549253866582,0.000994479623839333,0.0030797925808644586,0.0021170050792582713,0.000956050196163144,0.0008742870723172124,0.0016504730675488612,0.00862802717033253,0.0006127522020445259,0.0031389913090467798,0.0014452673268981764,0.002476890448873426,0.001340381575470653,0.0016541693643877238,0.0025269905578535028,0.003226549153252252,0.005116694153960533,0.005957497276511784
22027,0.0005892282788193138,0.0011358073645705274,0.00027156691826417606,0.00019523833477240335,0.0015692638489402822,0.001230862307256197,0.014633349832430772,0.011782862142115326,0.009468169456256236,0.0005909877683284708,0.005638480349086943,0.0003990346250132199,0.002935584623972816,0.8,0.0020716327360663254,0.006963943021859751,0.00039388641036553753,0.0028157246687485547,0.0006005161794968468,0.0010650414911371271,0.004011355110676869,0.003749109394653672,0.0003217516673124455,0.00034023111954213333,0.011020810422435745,0.00010292214854601433,0.0006011349905903634,0.0004715097155742149,0.00010926481866036597,0.003987809113065193,0.01497532918932871,0.0003332296221311471,0.002618524695965107,0.006774722475337708,0.005776522122506319,9.801966952679083e-05,0.008382050791246745,6.526223412996256e-05,0.0006671454226553546,0.002573568194341032,0.008565478630018103,0.004967760515377911,0.003951790897773925,8.450173534678591e-05,0.00012209019643591971,0.00041406128179405897,0.00017688519290435037,0.00015881735164388887,0.0007527231452139759,0.0004526407958233961,0.0001798550647845373,0.0001406929506952449,0.0002621151805198213,0.0022683691573121083,0.00010326072060565102,0.012785922456852564,0.00037023714492368594,0.0021372336061042277,0.00022794877138656178,0.01848166229093227,0.0004295826302894415,0.003821395748036507,0.000851046897726046,0.006962474361772245
22029,0.0021988678181601986,0.002472806939095187,0.0023472001260205133,0.0015410803167273158,0.00704395794351238,0.0015410010024578477,0.0020690392767465484,0.0009669053120331725,0.0008766962343471187,0.001009637531163922,0.007261688677424936,0.0007894135608568646,0.013550095585279092,0.0014494540440571388,0.8,0.0010682281129839096,0.0033624953320399234,0.0032920586515230985,0.00548632838380733,0.0036452017192492125,0.008493176398370605,0.0056280164951771775,0.0018063120109097195,0.0026775716485123876,0.003544357444217514,0.0009661164967859252,0.0015931273504937486,0.00227736431939643,0.0009357127793843667,0.008783585224271386,0.002729206588164936,0.0030396433818772766,0.00553985226584295,0.003199312328691697,0.0027503039902303746,0.0009272619938079376,0.00417314975909196,0.0006146085803402582,0.0049904862636549665,0.005742828162501108,0.0019436935268352699,0.005518938129797587,0.001545091017129994,0.0008019267079433242,0.0011212249561188864,0.003946259448378271,0.0015471211374281358,0.0014527948915279514,0.003406658248518485,0.002540512013033142,0.0012490229872627883,0.0013387961757266053,0.0024982282851785612,0.010538973596419237,0.0008564186389365432,0.002490694509448703,0.0016403842641678618,0.0020289820781349576,0.0020805499494205883,0.0012212643378169664,0.003436598589351305,0.0031491975011897592,0.0069049986405421695,0.004357520320484452
22031,0.0011657812574499891,0.00253619525112404,0.00032636220207656915,0.00026774568462537473,0.0021206462385126973,0.0035313684407343475,0.011789974158401224,0.015773235534291243,0.018370963484225216,0.0017142411975403177,0.0037567677361260037,0.0011482905608077413,0.0024170116308881756,0.0075868195442627085,0.0016633240358031258,0.8,0.0004650947068741768,0.0010465972275936922,0.00061838720837836,0.0019142124156007858,0.0022522356538122726,0.005132291907811513,0.0005502020252296113,0.0004448598928655167,0.0072619613374474545,0.0001112588617546639,0.0014150532804937284,0.0008386108632781731,0.0001413095999945933,0.0037409893051808143,0.006499196459489186,0.0003625060548238711,0.0011804184269166467,0.002375783825885044,0.011180925687755678,0.00010287923492799285,0.0036057691949653104,7.085684742526298e-05,0.0008347166545665517,0.003854236806835284,0.016851973793216117,0.0022308321368986785,0.013166775583035825,8.764127405848926e-05,0.0001391439371517706,0.0003877336613433805,0.0002156032162792686,0.00018014529499876347,0.0012711716612980838,0.0007383576433190472,0.00027947679016789614,0.00012864369781017212,0.0002512073179088715,0.0013524213433240625,0.0001397498337643267,0.004208760159243044,0.0007186263359200611,0.005832195886481592,0.00018100426760972143,0.011115818921500138,0.000538763896223497,0.0013578805303203023,0.0009554613372856193,0.007501531044066277
22033,0.0030168015060235173,0.0017503181871736952,0.010529817980285525,0.006862087143510799,0.0033489633620630947,0.0009171717037455219,0.0003432707434485048,0.00017141978845413994,0.0001647406035877589,0.0009449713840852497,0.0010174354040879234,0.0009237335170349369,0.001973767991243007,0.00021293451590376013,0.0025980354478795766,0.00023078730680197655,0.8,0.0005026852540511387,0.008952136888302693,0.002944999005532265,0.001119748879289142,0.0013582109437023286,0.0048758783973912945,0.0110081506008831,0.0005442230712651316,0.0036400596229749145,0.0018130805963955936,0.0043030762372887835,0.004209381946759822,0.001506598636242273,0.0003923121369504951,0.010979969768634166,0.0008616361028915672,0.00042208262410864123,0.0006339694537750583,0.003334637058199066,0.0005545044277980798,0.0023256159438124237,0.00848298384011449,0.00184195205262893,0.0003928666714746432,0.0007321112368503682,0.0004419498132189279,0.0028341232002328117,0.004563379823150654,0.0075137181804410084,0.006857480003669662,0.005915460004928716,0.004179302788196965,0.005603559687488321,0.005014148338316924,0.003549678437970634,0.006561075554410284,0.001628201649733436,0.003887942017478457,0.0003343634126000942,0.0033319834681907754,0.0008470997728015215,0.003384997328072182,0.00019527676581339385,0.012310057957302585,0.00044615232847556636,0.007068678332781814,0.000792243152079839
22035,0.000636661953255387,0.0008294163140648601,0.0008018204993877724,0.0004947556727576197,0.0021157855591580105,0.0006030181885733144,0.002938576243601481,0.0015026389090028241,0.0012414340535174284,0.00034171636572705134,0.007177833238945907,0.00025272024609306336,0.005691384379256252,0.003333829918822009,0.00557094836154342,0.0011374394550295334,0.0011009670773880105,0.8,0.0018766240342135458,0.001104145883110242,0.010995238024237939,0.0027618907161468744,0.0005123930144736408,0.0008325855430093814,0.004728174424406631,0.00042121749409112705,0.0004885197490734382,0.0006424468512365088,0.0003338926789122867,0.004661594145134161,0.0052598280638047916,0.0011087295022826477,0.01949077820946786,0.01390230214469103,0.001987678716396207,0.0004224233089012698,0.009704794042988808,0.00027945847297597415,0.0014572918050561787,0.002228863675341562,0.0019277010892717764,0.014732341410597984,0.0010471418000155125,0.0003773301904678839,0.00044962274796203703,0.0016771013619419604,0.0005526653828493964,0.0005669335556451158,0.000972454399845645,0.0007177579354169341,0.0003763503317908508,0.0007156052596301516,0.0011250757480472458,0.01011079487384103,0.00029549519807556214,0.0073611657179541165,0.0004634534151882372,0.0009287906046858158,0.0013437138304838922,0.002276543145432912,0.001063330711809919,0.0243442661501318,0.002041200940799505,0.0035613472620386493
22037,0.002845137178645264,0.0019711368748195333,0.0072389012345955355,0.00452208507461036,0.004717744291824919,0.0010474750485091062,0.0005626083424075824,0.0002726758862500048,0.0002566992597898557,0.0009391167185570729,0.0017957618366632139,0.00085539461617161,0.0034900936585166194,0.0003646356162178756,0.004761288388509079,0.00034465955735287607,0.010055091355163609,0.000962406159246876,0.8,0.0033584805571698416,0.0020774829953237846,0.0020669416413367633,0.0037084892673320364,0.007447352300305943,0.0009215502351219445,0.002931113093506118,0.0017508573552170164,0.0037292035739771652,0.0029080385770798335,0.0025248021066142648,0.0006802249211423992,0.009486074292600668,0.0016488235307442994,0.0007865742651444927,0.000946783928089703,0.002766686585973005,0.0010053403575082205,0.0018562612643922805,0.009756969066964438,0.0026546882252012514,0.0006042604909853201,0.001368061458812719,0.00061266034958833,0.0023705509004545823,0.0034789327067642818,0.01032029502942993,0.004822305351684075,0.004519276786838806,0.004305534533936002,0.004705667141127008,0.003340724884372905,0.003542913909361258,0.00694727088564604,0.0031003743888189904,0.002632507050622609,0.0006010593726745272,0.00274327440358783,0.00107309809597604,0.004300621210552495,0.0003229228894806683,0.009305753182191777,0.0008498299584467138,0.010838705427325119,0.0012777503527254654
22039,0.009865831855896378,0.010605781897575911,0.002611805840241874,0.0024175686458220687,0.009345506092272846,0.0055856380111928925,0.0012523803576859455,0.0007221413039111887,0.000736112441599031,0.004750486460007215,0.0022694350511537945,0.0038887199264897995,0.0035077178856345037,0.0006818598618791486,0.0033354810714152365,0.0011249006887277095,0.0034876964895018212,0.0005970377646591558,0.003541090807201553,0.8,0.001779067689909205,0.005103752147616517,0.005179676723368759,0.0037577123715167864,0.0016601747764252125,0.0008693310608416853,0.007904385900556773,0.007838667824909114,0.00125953952280372,0.0038208720039382936,0.0011223402160089795,0.002541583494764042,0.0009683726634303542,0.0007645220571088068,0.002883342223474912,0.0007841868186571284,0.0011880668133967159,0.00056907267183734,0.005984700920905942,0.007414765706252379,0.0017260869349309427,0.0011932552105845377,0.002409831511246498,0.000666460606516986,0.0011279371960019617,0.0021485974769602234,0.0018068590883895943,0.001429581759203831,0.011943499871903289,0.006959050472203389,0.00263582832484994,0.0008171890128949621,0.0015646729798748133,0.001786896851199122,0.0012761164411161246,0.000805390052602905,0.006287233784996432,0.005048238150423931,0.000890300846756651,0.0007206623351154914,0.004253179381123061,0.0006160276742793486,0.005411325475870673,0.002754452500364521
22041,0.0011273281210553477,0.0015269531663168483,0.0010409514938164825,0.0006787166550232956,0.0037627597458724437,0.0011000168952928016,0.0034529166074824544,0.0016071706320739583,0.0013911132757665865,0.0006296052098227783,0.01197983451074365,0.0004647107730558966,0.010169875379299535,0.0028764414679972217,0.008704481166844427,0.0014824283606263665,0.0014852857006330932,0.006659104224235286,0.0024533953335523005,0.0019926375230743913,0.8,0.004988920502680278,0.0008291520958100918,0.001179241752562937,0.006069575332241066,0.000449709583124399,0.0008901534647895021,0.0010886536122580999,0.00041608147930177964,0.008539568694355511,0.005357456214530049,0.0013686408561062484,0.009803751265640525,0.0076303483168360196,0.003166437483496249,0.00043688127042422015,0.00935166672123234,0.00028818985935869244,0.0022154602301407917,0.004104794411196273,0.0026710695844665783,0.013116756479965918,0.0016628467665011722,0.0003808210805205461,0.0005112707282493049,0.001869844343382513,0.0006896706112820829,0.0006595996146656116,0.0016885802112972703,0.0011751384524714649,0.0005528901705864656,0.0006680829814196645,0.0011923147861366257,0.011451569470692154,0.00037894192298739787,0.005549690318243443,0.0007930054128342471,0.0016549807057105084,0.001129469262250911,0.002218020334844746,0.001513467446108768,0.007007248138487915,0.0030475048568628293,0.0056568069313615845
22043,0.0028785767866980373,0.00500937275445421,0.001151783045641779,0.0008950636297246189,0.007414345658053992,0.00405374318662943,0.004420239753539051,0.002329183514521397,0.0022569823362748424,0.002188103749755319,0.007036658932622257,0.001551140043290201,0.0072778183688791435,0.0024697574339735385,0.005298950529530458,0.0031033659657571824,0.0016550775453020633,0.0015366657963373916,0.0022424358589127934,0.005251545892425656,0.004583195060904694,0.8,0.0015915879065690204,0.0015290731675196496,0.006047128314051385,0.000399301229548682,0.002702610894950474,0.0023406429765668816,0.00048234298033202565,0.010755027144990976,0.004081107603747074,0.0013074992999801845,0.002233252526252479,0.002438222524705433,0.008514240461320129,0.0003707341558495863,0.003955212119989389,0.0002536270995493906,0.0029437231776629894,0.012773960270766592,0.0053816907182108265,0.0034080704357111777,0.005078822055242796,0.00031612648694260225,0.0004946875016579471,0.0014006582167137762,0.0007547678170640581,0.0006421737142752298,0.0037346189478548843,0.00222851075098248,0.0008675459063632694,0.00046576687937132516,0.0009104845918767275,0.003442482662164892,0.0004674380802536731,0.0028562495808250824,0.0018278861031326783,0.006156514829957493,0.0006380681612968813,0.0025111787755867617,0.00188642257158691,0.0017316914304645633,0.0034554634638402433,0.010019380621043314
22045,0.008353763669629626,0.0038289849688085387,0.005754101345030168,0.0072109056218651974,0.00376979143868327,0.0021482401864674327,0.0003848388642524177,0.00021619200222878975,0.00021982112345548591,0.0028535884766979778,0.0008456821487684631,0.003116513186272956,0.0015152060870838534,0.00021480287285148564,0.0017235360194377619,0.00033716067826913197,0.006021394449990895,0.0002889144248108051,0.004077386983635527,0.005401238261154923,0.0007719497862759882,0.0016129604606823684,0.8,0.008087745661360939,0.0005393215369838898,0.0022417867740383204,0.005373357350485924,0.01233492790979815,0.0038940155215977336,0.00138965159493372,0.00036912956536002073,0.004495436524457708,0.0004918055393511786,0.0003002900212022198,0.0008627287225305954,0.001976004095919557,0.0004384511921584257,0.0015744470449375464,0.0064515938676530825,0.0023439368456087957,0.0005165803568901107,0.00050101407953259,0.0007373382211696279,0.0016993721357979488,0.002986605506201945,0.002969550921963953,0.004753667097080516,0.0035484415723430647,0.008000310744806899,0.013252293675827906,0.009231818952407423,0.0016465001419821766,0.0027261847693528262,0.0009516071235637951,0.004148505225792832,0.0002800926789647392,0.011999563022380373,0.0016184748524392396,0.0013640169661817358,0.00021971871508814493,0.007248567992728723,0.0002751207774179276,0.004622464702537015,0.0008705869428175759
22047,0.0036989312445184727,0.0019680414938028712,0.010575033786615114,0.008850055186659008,0.0031949220366679137,0.0010374823007766219,0.00031067120501178245,0.00015937559146607817,0.00015553234177845038,0.0011566244239242947,0.0008598277280651754,0.0011743329307676218,0.0016508571401538492,0.00018666059647359556,0.0020995587458603544,0.0002240254316476541,0.011171665151776679,0.00038579289626541576,0.006728932010647047,0.003220131079363539,0.0009022295180028114,0.0012734464698377081,0.006646405297841916,0.8,0.0004785015905764722,0.003576819274698352,0.0022280682265736385,0.0054598574501436995,0.0048891962209247465,0.0013185668739650648,0.0003391597546743285,0.008609842444139546,0.0006620590798602894,0.0003400002804189658,0.0006094740900745135,0.003211509664874804,0.00045953285442528857,0.0023466786743715318,0.007904120165562072,0.0017757682015348782,0.00037199422465280976,0.0005864451249253918,0.00044824022667774784,0.0027321090342740935,0.004652426193105905,0.0055430941010566415,0.007428380051835692,0.005876916083059134,0.004759069919875845,0.007122832099834681,0.006950004729194854,0.003023271798218001,0.005213554508990014,0.0012642026810586818,0.004699525407145496,0.0002801279691378793,0.004402333610930728,0.0009013835628038553,0.002614056168192465,0.00017614809274129462,0.01207557119339537,0.00034758913403186334,0.005971235052518245,0.0007197995776011197
22049,0.000994077692634243,0.001796628377893524,0.00048593879545713863,0.00035037206133760616,0.002793731444061435,0.0017077094846879002,0.01122768226706831,0.005197908812674137,0.00453201572053873,0.0008482667577299451,0.009398587020840935,0.0005836786217408045,0.005110336912543441,0.007715896492968757,0.0035466529170884763,0.004666832873914355,0.0007048143581441608,0.002795845038464428,0.0010625698817999646,0.0018155076084532275,0.005926069443104726,0.0064268158593267614,0.0005655895091804109,0.0006106292895659575,0.8,0.000181606372603095,0.00095521368344502,0.0008194426821627887,0.00019588891213950712,0.007144747400670975,0.013324447918442004,0.0005915292393794891,0.0032102692342122472,0.005943628479969961,0.007522980017052112,0.00017216337486606156,0.009557239357989208,0.00011504253990003992,0.0011973442344238288,0.004428021044333353,0.008064198314763252,0.006072874857875398,0.004152362374686542,0.00014804474121899496,0.00021697159896381162,0.0007184527648845136,0.00031646004317005793,0.00028234657734016656,0.001311920850430199,0.0007988543896701307,0.0003209382606455611,0.0002409204404368951,0.0004553423907432732,0.0034226981810592102,0.0001853107193474787,0.008802666420327376,0.000633250060278647,0.002900012806372416,0.0003764894597789189,0.006815012221665954,0.000770731920585071,0.0035422876855984746,0.0015226179331681367,0.011705513254180417
22051,0.00117183619508501,0.0006018606163084096,0.006819171910741824,0.006344797688620419,0.0010749267484445072,0.00031788075122885027,0.0001153362518968631,5.64007595370757e-05,5.364674828584031e-05,0.0003740846148651127,0.00037139332638276204,0.0004037299224594789,0.0007191444514163479,7.47949051033604e-05,0.0010034621239520384,7.421526441782139e-05,0.004893240951602446,0.000258533197699701,0.0035080144497889603,0.0009867787072879422,0.00045575441364777684,0.0004404915997478697,0.0024402717651402085,0.004737852694934982,0.00018850435775559382,0.8,0.0007159952635287256,0.0017655429345751566,0.009931341092623384,0.0005166640269854064,0.00013997849542908436,0.0062459804588043885,0.00042848427084867587,0.00017771859649334131,0.00020414435911388882,0.017936437177191723,0.0002141505196260586,0.012999318416190972,0.002717934415013452,0.0005912670754200177,0.00012744381819107168,0.00030853776434473573,0.0001418453089453106,0.015560391576780451,0.015394910471821722,0.004932992654869031,0.009615215812999988,0.012484801480149414,0.0014549387387382904,0.002268988103285874,0.004327667056866037,0.010214868210036037,0.007642825489215028,0.0007394038341525895,0.008333211110457754,0.00012716916616765733,0.0015525518279867246,0.00027752605949638145,0.005383699441095811,6.607938803303786e-05,0.004133791990018172,0.00021345350635110948,0.002363106785807666,0.00026349888599456404
22053,0.013899359212242574,0.012243798641450154,0.002271756414195015,0.0025454185062743612,0.005226239707439907,0.008593393902352222,0.0009381121291446647,0.0006148032279641929,0.0006568607622797158,0.012012275830150326,0.0013581614078935324,0.011155657702439379,0.0019845620953978112,0.0004923667550103244,0.001864985767373274,0.001063861177163798,0.002747000611774491,0.00033794465718466564,0.00236174554436242,0.010112446782388606,0.0010167569955094055,0.0033602690208210588,0.006592394038019646,0.003326339582254678,0.0011174919087776616,0.0008069817087612566,0.8,0.009368462073021167,0.0013611629078997501,0.00227315103217578,0.0007531156663312054,0.001975448394824449,0.0005437839594125986,0.0004565285577253008,0.002339697262301411,0.0007153371739780266,0.0007259235530050864,0.0005552987162400755,0.004149781247986734,0.00470255636868507,0.0014340564739414936,0.0006915198196796456,0.0024660313524527476,0.0006119065733511545,0.0010707485791672058,0.0014885113437284405,0.0017230675791182844,0.0013040816695712764,0.009378574565639232,0.007222934211814422,0.003276213895485885,0.0006513953744005166,0.0011805144859074663,0.0009991801243180378,0.0014545687172622136,0.0005162125277063369,0.010078460634406528,0.005607396198649317,0.0006246811734201303,0.000560654565401302,0.003408059968043145,0.0003538680006718926,0.0033887756163144046,0.0018873555473370744
22055,0.011696450717792418,0.0054759526063058875,0.00427036503762093,0.004736991009141864,0.004950513333197784,0.003026793611672272,0.000536006884447465,0.00030632341668292867,0.00031297169203141914,0.0037277143978743897,0.001097233835013311,0.0037900717488540034,0.0018898946264469495,0.0002954423592122196,0.0020394964027404634,0.0004823230925406552,0.0049875365331781656,0.0003399899405967565,0.0038482549335889815,0.0076717736105579104,0.0009512778921236474,0.0022263380204998184,0.01157709115957813,0.006235694150289089,0.0007333779306906351,0.0015222894171078643,0.007166938970103384,0.8,0.0024946438936573855,0.0018269445994557921,0.0004989693732655397,0.0036058069675424563,0.0005721964994329714,0.00037987977080733236,0.001223088054697006,0.0013507086985629015,0.0005681843518425386,0.0010393443250536758,0.006616050656058164,0.0032430415420616923,0.0007321915109115934,0.0006215125966868349,0.0010580182739288746,0.001154676630606926,0.002017123397554584,0.0025659812807587354,0.00325024490445924,0.002463978682265538,0.011050456257435132,0.013554631721720735,0.005708144151634085,0.0012163327527908484,0.0021513731482744546,0.0011001440339201184,0.002613534846839003,0.00037022588319235395,0.012688086389986126,0.002320578918738555,0.001107819992285273,0.0003072259613900639,0.006170909344190001,0.00033265827592965244,0.0049314702140311854,0.0011987147681432405
22057,0.0019250740993366077,0.0009215540553324007,0.008222095935760947,0.010750019687666484,0.001342687734089009,0.0004988418605384588,0.00013111980749379496,6.697925138140172e-05,6.541472192510106e-05,0.0006475913139208268,0.00037914435986912494,0.0007332645472952524,0.0007356950073243929,7.986502353075944e-05,0.0009775233729317995,9.48076531969821e-05,0.005691405659166511,0.0002061246433590735,0.0035005965818954827,0.0014380019507139177,0.00042412144125183554,0.0005351876075288796,0.004263386184590022,0.006513810606259142,0.00020450939682242165,0.009988976717945405,0.00121470177789776,0.002910065186552216,0.8,0.0005658078242342421,0.0001465451937047476,0.006191063982966669,0.0003500677513500296,0.0001605172882114992,0.00025687675099295127,0.008748837723548729,0.00020732635298838586,0.008047294426598104,0.0033530792446432936,0.0007475045715302568,0.00015645505590191987,0.00027923744499311684,0.00019358857720867803,0.007871319480986221,0.012586591060433992,0.004056902442941245,0.012430490139875457,0.011472169492805467,0.0021705511862601043,0.0036198359509168046,0.00830711426262575,0.005376243046194186,0.005557032076897524,0.0006420588924263758,0.01720154986359528,0.00012473317614454334,0.0027468391801392616,0.00040274325152199475,0.003134722353332848,7.439199478345028e-05,0.005234245107247987,0.00017723644423575286,0.0026427816013023368,0.00030368062088471324
22059,0.002090772768429552,0.00314052416880606,0.0012255296896382351,0.0008776532441337598,0.006629917702021808,0.002321118359033334,0.004009133315269315,0.0019138538200308762,0.0017632444253972538,0.0013116581450222644,0.010702675080057152,0.0009540956554244769,0.011567999902163015,0.002543459265753827,0.008007013477046096,0.0021901423678979642,0.0017775135815987205,0.002511144075120999,0.002652060305925218,0.003806486689312044,0.007595597287379171,0.010412997101750619,0.0013276300566912238,0.001532900518045559,0.00650885269699607,0.0004534563396290767,0.00177011712518006,0.0018596605848262612,0.0004937227045191471,0.8,0.0046284412238406175,0.001483616216879296,0.0037283238994999493,0.0036001397549045248,0.005588066472169042,0.0004278936303715287,0.005576909591759189,0.0002871211390628278,0.0030054088316012854,0.008552218761288092,0.0039789881659075205,0.00542296668622852,0.003056760214068694,0.0003670527927655213,0.0005451912664605806,0.0017494380348678032,0.0007980970574160698,0.0007095684269515509,0.00296604346528313,0.0018874024458825824,0.0007864872869087292,0.0005803898615884611,0.0011137573179699745,0.005703804693216152,0.0004659237036543704,0.003631890594849855,0.001391751383197585,0.0034469171569826936,0.0008600994292127351,0.0023045189670353066,0.0019396853156303346,0.0027527845135535654,0.003839663214346728,0.008871748031545976
22061,0.0007372914361769023,0.0013306245502108492,0.0003848983452764692,0.0002719442222881294,0.002115361472614738,0.00128916493623247,0.011974804740384884,0.006117497638764758,0.005106290850149262,0.0006349828291944208,0.00816373220155709,0.0004353717073228279,0.004228061434858378,0.011514914843966302,0.0029993633369799415,0.00458711335782833,0.0005580087761540033,0.003415880323296026,0.0008613953400432589,0.0013479701606290652,0.005744848128626559,0.004763610126965763,0.0004251516849875141,0.0004753462259058635,0.014633921300111805,0.00014810935890294298,0.0007070161286885879,0.0006123167297524446,0.0001541628240384735,0.005579929098052231,0.8,0.0004771481887191089,0.0035054392050891826,0.00793327422327505,0.0058906510087483035,0.00014136724992452722,0.011417290658431486,9.398345379901034e-05,0.0009315244347468062,0.0032881254668304387,0.0071902704121328915,0.00674454206116903,0.0034281935322790615,0.00012199748000026625,0.00017479141681389437,0.0005989797309253529,0.0002509078907725419,0.00022725087190300316,0.0009807896090577779,0.0006017985193620139,0.0002447987763355137,0.0002040006304114402,0.0003791679826146232,0.003248254389331914,0.00014476077965295834,0.013584422296683631,0.00047103690198978975,0.0022070444149935556,0.00033026718652430856,0.008892063280216075,0.0006027963657736587,0.0045014247101261735,0.0012044299591020325,0.008668122802304262
22063,0.002284649383768062,0.001336938612977675,0.011247589799529221,0.00667535035205808,0.002718717865962078,0.0007006435925425367,0.00029637578268803925,0.0001452102078439466,0.00013796610348524994,0.0007153296985733354,0.0009311612301202548,0.000701849683352467,0.0018102536999725406,0.00018967551676186433,0.0024728548449762648,0.00018939931107732233,0.011560956105913064,0.0005330157291674166,0.008892417061026165,0.0022596618719018997,0.0010864074738389906,0.0011297515655099414,0.00383283625360487,0.008932731175775888,0.00048091799831367676,0.0048922103792739995,0.0013728296514935348,0.003275578653022033,0.004821217152835393,0.0013240330378063076,0.00035321293717732147,0.8,0.0009073781910124563,0.00041333517520718565,0.0005213643082423792,0.004559680040271441,0.000522088824148022,0.0030992636525499174,0.0067058840826029024,0.0014994164792905636,0.00032724938658079835,0.0007195975648477233,0.0003526775029654725,0.0038871611097481087,0.0058906961431349466,0.009853295330140042,0.00800391262311,0.007657993673345734,0.0031744765277647202,0.004272548025008269,0.004499267130552776,0.0051669935882319214,0.009592554364107263,0.0016671211683253534,0.004285643498561308,0.0003118078637680686,0.00256686100537124,0.0006597538998359837,0.004873365408918927,0.00016950048133326315,0.009320482416973997,0.00046028912253413904,0.0060783627755830235,0.0006782359035825735
22065,0.000865293207062302,0.0010684568180091025,0.0011281744964698325,0.0006981632558459434,0.002846102013122679,0.0007386017383575543,0.002613248333587106,0.0012561804405360692,0.0010607261808247724,0.0004363420774335703,0.008011650646432864,0.00032870553665997426,0.007486881270922939,0.002552756963077415,0.007718968940940541,0.001056292583530591,0.0015538232504419022,0.016048288417361917,0.002647235622878063,0.0014745744928776716,0.013328480731065271,0.0033049465541448177,0.0007181694583547924,0.0011764430985145885,0.00447014273563325,0.0005748102549789355,0.0006472357156627775,0.0008902579797033222,0.0004669051083659613,0.005698702757665748,0.004444376904702053,0.001554080305229272,0.8,0.009765138011724184,0.0021115100469103532,0.000572695342012147,0.008448579955704968,0.00037795119095920495,0.0020531401676725327,0.0028020628754684826,0.001866950178108573,0.014307588463407007,0.0011066685150950893,0.0005085554776756965,0.0006209041590528036,0.0023252283260442427,0.000773885499561118,0.0007864848773112626,0.0013329941212377528,0.0010030267591833034,0.0005317876076533798,0.0009505003356807211,0.0015417365532464657,0.014231140413014907,0.000414472761865269,0.0055162642287480326,0.0006407653568315882,0.0010938310611772516,0.0017464546442772537,0.001829434530556911,0.0015025837109120862,0.01370198382672784,0.002877135211799971,0.0037935278999859856
22067,0.0006052310349726002,0.0009263679691539064,0.0005037691411544652,0.0003275733066160764,0.00198127813545511,0.0007632166066032669,0.005229654103190836,0.0027776566179237164,0.0022812847767289812,0.00040009838774593935,0.008719022467917701,0.00028391681213244365,0.005139004655955358,0.0062249060886740565,0.004201518200129753,0.002003750625368491,0.0007174038470684391,0.010788840277956778,0.0011902731974199954,0.0010972427382613787,0.009777351471785612,0.0034008575813614344,0.00041329763100479466,0.000569432112289595,0.007800457743328049,0.0002247041005355169,0.0005121445209829578,0.0005570643232457868,0.00020178404987043625,0.005186450408674819,0.009480023381540829,0.0006672306457612644,0.009203793901467156,0.8,0.0030228970981337503,0.00022015616181630447,0.015711708405745598,0.00014502780253213856,0.0010755999178328822,0.0025140124823278473,0.003248777004666741,0.014909001573692652,0.001639382878981383,0.00019312414181334303,0.00025185091644850315,0.0009342770332479211,0.00033480973551924565,0.0003237828621746024,0.0008785228232640463,0.0005875445750424204,0.00026833199396988656,0.00034906073767888336,0.0006012338841240177,0.006219069416794853,0.00018325236989360095,0.013743092321788896,0.00041057323580813573,0.0012481825621331252,0.0006188517452803536,0.004237893148090869,0.000730761949155681,0.014570110589595007,0.0014736601119165712,0.005198849658253148
22069,0.001983041240037589,0.004082880171476203,0.0006253845177274581,0.0005040133889049346,0.004068163336671474,0.0045665847252206165,0.008488591635614728,0.0053895934032744,0.005441485411821642,0.002200007326872154,0.005666958573904444,0.0014865316757081647,0.004286671391931052,0.004400007844490515,0.002994167028307418,0.00781736204133703,0.0008932649130143871,0.0012787332066213695,0.001187691130466016,0.0034304777158148743,0.0033635159920827624,0.009844796261006102,0.0009843328694081595,0.0008461817265754032,0.008184724336379106,0.00021397410679038754,0.0021758550646948116,0.0014868344589128875,0.00026769208774007956,0.006673568894277443,0.005835337115413762,0.0006976870007247216,0.0016497850613175187,0.0025059308277738486,0.8,0.00019797881214237402,0.004115342551667421,0.00013618903748868308,0.0016007181248875017,0.007379439340420091,0.012882486666900924,0.002894944466842139,0.011275441524143144,0.00016866913392531307,0.00026703654875860454,0.0007409634817431033,0.000412049066377265,0.00034598599286768655,0.0023104690424846593,0.0013460051795313444,0.0005117216672457695,0.0002464060057757189,0.0004818565287004409,0.002190813995609059,0.00026279006262498847,0.0036921402308626476,0.0012251703023758772,0.007913705094491266,0.0003399480358241626,0.005156217567553793,0.0010307064521605177,0.0015571022213569322,0.0018386249069095762,0.011957251476015484
22071,0.001093437431637437,0.0005672400096883477,0.006472493194629489,0.00585352499319368,0.0010397822918478913,0.0002990155036782329,0.00011402466639600773,5.542427500270049e-05,5.2495774162676576e-05,0.000347695561126355,0.00037285706634023955,0.0003733359104697937,0.0007197995687509277,7.479274437700209e-05,0.0010112464487709602,7.205587824423011e-05,0.004706734921829647,0.0002722330540134463,0.003476736891939906,0.0009346245273720167,0.0004648846759243907,0.0004294203743566786,0.002258472445142782,0.004466597859333879,0.00018763512519490817,0.018832988626694677,0.0006664081755386139,0.0016448481668757465,0.009133144348555628,0.0005119076639936174,0.00014028482412941368,0.006112416346436142,0.00044824668941081844,0.0001828250856722177,0.00019832521762077002,0.8,0.0002173941307088438,0.014199656198648256,0.0026160188094990324,0.0005723438322138371,0.00012440655197897197,0.00031678899351963557,0.0001362065022774328,0.018314318067821016,0.014179077411300192,0.005032198172899905,0.008938320530330748,0.011767642073142043,0.0013719050827006758,0.0021189528050191775,0.003974673245386111,0.011588520893495564,0.007890099979060927,0.0007625025856087228,0.007677792638838819,0.00012895304204875956,0.001436896753672124,0.0002638546076225241,0.005980558230032708,6.549764910931776e-05,0.003943804019797498,0.00022306798528569388,0.002311156031390825,0.00025943683823934007
22073,0.0007626151222027694,0.0012167011617762148,0.000534513132074259,0.00035923453081495443,0.002432948015900336,0.0010251900907872803,0.00637886963848513,0.0031396939792292422,0.00263235622623723,0.0005326259656111673,0.010976053610855914,0.0003755656319078666,0.00589834079547759,0.006289575015561871,0.004475517898106241,0.0024835013025262,0.0007696636290818756,0.0061504102056523305,0.0012423665688683341,0.0013924617647694116,0.009785783497798293,0.004505205488784071,0.0004928025983983836,0.0006285053298753713,0.01024308118462049,0.00022111946450068757,0.0006650360489645504,0.0006804217149958782,0.00021283803796972223,0.006561062761531582,0.011141655291739275,0.0006882524002709543,0.006502823049124638,0.012830782079072239,0.0040540583393959455,0.00021378271718830804,0.8,0.0001412151094468212,0.001213218256382839,0.0032720134646818276,0.004187022132535405,0.012490273005942784,0.0021791123869690987,0.00018585217786889032,0.0002543444954065842,0.0009157827520567921,0.00035111640125729904,0.00032924028237709297,0.0010824571583442726,0.0007013652592416544,0.0003053306354288407,0.0003232937030363722,0.0005820436703369958,0.005603992488221178,0.00019607444520849333,0.012561155419304403,0.0005071504229936965,0.0016829967825675418,0.0005461551683503581,0.004588154834825161,0.0008043729622675439,0.007857137737738995,0.001629656656715006,0.007014057900337402
22075,0.0010824068000762116,0.0005411439107304438,0.005988170517961783,0.006078632671658168,0.0009310160505253268,0.00028750009531023144,9.917036623678409e-05,4.853229202811305e-05,4.6218817729204036e-05,0.00035236857038352946,0.000320270832450082,0.000390910017029031,0.000619550610602059,6.440570698698224e-05,0.000866900690279773,6.418590891047233e-05,0.0042454657707355166,0.00023293054484202388,0.0030169432663969555,0.0008772059041491457,0.0003966218894154784,0.0003799547529575059,0.002327400877134356,0.004221214550964816,0.00016216159790582177,0.017653052995956712,0.0006690712535545851,0.001636966332146275,0.010865157631564232,0.0004442599444826217,0.0001206228160026076,0.0053734506246340295,0.0003826003278341334,0.00015576589928750236,0.00017644833133006362,0.018365130094847575,0.00018572594154312109,0.8,0.0023604970247879872,0.0005120500364581806,0.00010989235347167215,0.0002699503264364526,0.00012383273680476267,0.02051788047877221,0.014055650862165094,0.0042963548545761595,0.008765256238516341,0.010946440157747116,0.0013038108067126176,0.0020827604324746363,0.004390719966374953,0.01043293214182902,0.006723996548726142,0.0006496032699782788,0.00949904090705543,0.00011020773359099032,0.0014859839842123344,0.0002455184984374432,0.005321437775719724,5.6818454708315106e-05,0.0036181978575495362,0.00019036932667243164,0.0020346224907685016,0.00022663952887034611
22077,0.004651087078230653,0.0031003518074339746,0.0062338395595846014,0.00465864157603895,0.006279207930006867,0.0016307542159265656,0.0006240448299525147,0.0003165807713016537,0.00030633011276730266,0.001528251726861919,0.001722866172360519,0.0013990167379731397,0.0032801985933552024,0.0003768486178165082,0.004029003043618054,0.0004327937193223173,0.008863800819966124,0.0006952478984182686,0.00907667887042695,0.005280320318888746,0.0017452029707157313,0.002524161828774129,0.005458761968582443,0.008138068389675162,0.0009660343787419769,0.0021126240385751552,0.002861902977838641,0.0059643500041621665,0.00259127770744474,0.0026617027248412124,0.0006843154017938253,0.006654796549581959,0.0011896308567702165,0.0006612350738113186,0.0011870643672074385,0.0019366049751344424,0.0009133018551595922,0.0013510998897686465,0.8,0.0034561526082618524,0.0007317952538025976,0.0011304620137919982,0.0008308016685958007,0.0016462662616724287,0.002659997973215598,0.005657874419022251,0.004091754297127011,0.003440066843138308,0.007018151883069553,0.007329957518851013,0.003981019790566357,0.002158674590776406,0.004165717189891226,0.0023000595886472253,0.002469255919522301,0.0005604858176633639,0.004325996613656819,0.0015697492707575783,0.002347162527187647,0.00035404702360144677,0.010213565298732684,0.0006460755307270767,0.011381703346876873,0.0014452063920149228
22079,0.004156000121691455,0.00680067677631145,0.0015700521350684768,0.001258218921881439,0.010199488916070355,0.004845848375156758,0.003042691737961268,0.0016463958166096715,0.001622237520956126,0.002839989382278611,0.005326813032238844,0.0020676445676312545,0.006781106700416379,0.0016893273430318787,0.005387809939682433,0.002322266087421784,0.002236564279577134,0.0012356867311201713,0.0028698373314164226,0.007602334322282049,0.003757552959181075,0.012728508104231206,0.0023046488200952394,0.002124642138293932,0.004151594671007506,0.0005340705802594205,0.003768733494641877,0.003397414421308138,0.0006712985501750499,0.008801698889091169,0.00280699836022284,0.001729150263414244,0.0018867015739314709,0.0017959914539206515,0.006359375774692684,0.0004923669606552498,0.002862346459841903,0.0003405870393147296,0.004016285945452816,0.8,0.003879133778166093,0.002649110997907464,0.004271533309021078,0.0004190607784315595,0.0006694732352928503,0.001755282134625691,0.0010354321293529034,0.0008664470069347619,0.005416557022007864,0.0032177360890140606,0.0012434168616160335,0.0005929217051923576,0.0011631593897189847,0.0031609122626816756,0.0006561128521753398,0.0019966950152672442,0.002650557669077184,0.006530731794302964,0.0007691041028987963,0.0017330722623126347,0.0025896886251547584,0.0013446441820126203,0.00450578864391974,0.006852471654380121
22081,0.0012765160495713786,0.00266271104174549,0.00041343503411468853,0.00032748575576355967,0.002680990483446931,0.003204197230006303,0.013112188854309502,0.009650885345508786,0.009644794552768385,0.0015295191528566904,0.005102771454558465,0.001026420285808205,0.003300259282603367,0.006993855626266255,0.0022683033292722862,0.012630229932596035,0.000593383064329987,0.0013293871171609203,0.0008125589020237376,0.0022014006645011104,0.0030414858350584664,0.006670487491136679,0.0006318058395970415,0.0005536338164358547,0.009404882308624046,0.00014319261808040063,0.0014296000939859003,0.0009541301062755038,0.0001747746151525183,0.005093862870728156,0.007635296349004295,0.000469435785200124,0.0015636694820801572,0.0028869790664407076,0.013809492510547925,0.0001331257432038168,0.00455616318417786,9.092223160033407e-05,0.0010578112936326142,0.004825270376914713,0.8,0.0029117541221272865,0.010589304940686902,0.00011358171462582533,0.00017732807666487975,0.0005152402118627278,0.00027136679079635233,0.00023016893921631835,0.0014839743592828592,0.0008651974938057766,0.0003293885395075309,0.00017055921546871728,0.00033178476325997904,0.0018447658283050606,0.00017075478743334066,0.0047889422383463965,0.0007879682430603908,0.005544717033583904,0.00024444513760934285,0.008868381603440672,0.0006788508035945706,0.0016902909922020817,0.0012417191690782896,0.010262200218951563
22083,0.0008094871464634411,0.0011503063312372811,0.0007393948370210475,0.00047836744998030426,0.0026929293650212595,0.0008746758125406244,0.003986927584386338,0.0019248744109300932,0.0016234684375464688,0.0004813297325044465,0.01058339221794185,0.0003494100669737491,0.007209661974652717,0.0038551851505661296,0.006121367162060402,0.001589084297467331,0.0010509609863014425,0.009656130130457529,0.0017484604922889235,0.0014464030519844855,0.014195366637758878,0.004014828168470616,0.0005823917850546646,0.0008295324020254216,0.006731410250779028,0.00032948052225631057,0.0006551979164737732,0.0007697548034521812,0.00029647083060604934,0.006598285462069726,0.006806952246716244,0.0009810849166785518,0.011389331497830375,0.01259191707734857,0.0029494281197017936,0.0003221873153804027,0.012917709302713375,0.0002122785102969577,0.0015530811430159433,0.0031318908210651824,0.0027674148120679803,0.8,0.0015503672226300663,0.00028215744583984595,0.0003701756150506309,0.001370775415760879,0.0004920298133270035,0.000476066963629435,0.0012007228742610052,0.000826059567268743,0.00038769726151882737,0.0005057810481284665,0.0008802127992642258,0.00905000449278218,0.0002688757697171124,0.008114619601325757,0.0005624532272892072,0.001369233925265806,0.0008833281412553854,0.00279628587170691,0.0010647460689782076,0.011117253796491368,0.002139522317391279,0.00529381958102968
22085,0.002418818062549952,0.0053272058368725875,0.0005884239371505826,0.0005104801787780704,0.0036735690772764324,0.007628146314765357,0.007435188650575593,0.0065970479568763715,0.0073532304149822305,0.0036866998950832773,0.0039292933256566956,0.002467583106744807,0.0031256845751306554,0.003980447743390367,0.0022243358045516116,0.012173427073569127,0.0008234473902109245,0.0008908205197860876,0.001016303382140672,0.003791368958332328,0.0023357468375404637,0.007765595742669305,0.001112462646968399,0.0008229438124035675,0.005973933118017942,0.00019660283494925913,0.0030326329583175954,0.0017007834542422115,0.00026677272407167835,0.004827351436018545,0.004490750724977538,0.0006240911902686606,0.0011434119564695474,0.0017971199717533644,0.014910235991887412,0.00017979995370504275,0.0029251395266414355,0.0001263895089521293,0.0014814565353231666,0.00655456140810412,0.013062923935514989,0.002012277907075027,0.8,0.00015283126200306868,0.0002502551901010067,0.0006204075492025614,0.00039487335500896077,0.0003216803922960848,0.0025036755314896534,0.0014613166678704144,0.0005553034788695947,0.00021029706487130887,0.0004125601253417128,0.001548158386969186,0.00026815882229034655,0.002808784806904932,0.001496536111816458,0.012509608825861586,0.0002733585091738663,0.005271984721641818,0.0009739297908475763,0.001094450082113577,0.0016010357713245656,0.008286287173706547
22087,0.001035541649450226,0.0005350606403880278,0.006100026714026941,0.005606454874338816,0.0009811735734136728,0.0002821877887293676,0.00010840479819567845,5.2567563374250124e-05,4.9713395405926104e-05,0.00033018322738539833,0.00035705084777959184,0.00035647051261800155,0.0006879657143902614,7.150362718518542e-05,0.0009698519375292892,6.807169774779072e-05,0.004436148778460578,0.0002696688269085256,0.003303523163888972,0.0008808629226563265,0.00044938543784009736,0.0004060664808679002,0.0021539303646500394,0.00421387702655398,0.00017892975574364386,0.018118397989351356,0.0006321655865646907,0.0015593395876077453,0.00911241961829897,0.0004869681449634944,0.00013425453117571617,0.005778662239567929,0.00044141591396519006,0.00017785157572861076,0.00018737474301445993,0.02030986152499304,0.000209584464151028,0.017592701170583966,0.0024661307984732467,0.0005402083958797357,0.00011770796151127344,0.000307658820911281,0.00012839161870439783,0.8,0.013599325099034543,0.004846344914833915,0.00848945455912778,0.011110409286492155,0.0012940039962143597,0.002005911024988776,0.003853018367116186,0.012143830548506665,0.0076330217068375185,0.0007423180831334362,0.007727899909694635,0.00012425900704367472,0.0013704057889760896,0.0002485970369877138,0.006195249913963273,6.234717487413071e-05,0.0037156063306224302,0.00021960091420121974,0.0021864859247546268,0.0002461944076222268
22089,0.001423071110839617,0.0007221915570377997,0.008010413038989566,0.007765708461824588,0.0012363003631750348,0.0003825800589059411,0.00012817026631805448,6.341285023085787e-05,6.0769259167256144e-05,0.0004561719596934249,0.0004000535234521726,0.00049392007202895,0.0007774517838813291,8.143007378410537e-05,0.0010688213154877357,8.518512762755931e-05,0.005630093227239013,0.00025327892682579966,0.0038213400883754427,0.0011750608456273513,0.00047554381081213015,0.0005008512768675392,0.002983751276904166,0.005655941552596033,0.00020669694801777867,0.014129214933972095,0.0008719163653212778,0.0021471104520862485,0.011485129153857616,0.0005701150435190104,0.00015161416756167987,0.006902445429865823,0.0004247914916444299,0.00018281266368715569,0.00023382327141360768,0.012393836831027039,0.00022607647113634144,0.009499321398839331,0.0031407901876299533,0.0006802352353867525,0.00014484933723911436,0.00031814657579380483,0.00016571016847057442,0.010719115403681855,0.8,0.005025029727260092,0.011674167581866677,0.014477490576313444,0.0017428751266611385,0.002751342991353256,0.005274307382650426,0.008043639850555218,0.007448919293861957,0.0007531412588315067,0.00956764737994585,0.00013468878568735767,0.001898462895448971,0.00032907889626727585,0.004561545959149383,7.313711595512909e-05,0.00483886052285124,0.00021255137282449153,0.0026532307525313236,0.0002946191721422783
22091,0.0020129298412361676,0.001323895403878754,0.00814874992263264,0.004837444724642144,0.003163573151179639,0.0007010426454059026,0.0004116724979190348,0.00019617256929306562,0.00018239625794848986,0.0006473655273251847,0.0013944313621604616,0.0006052912048583145,0.0026695589074358615,0.00027854338536191763,0.003794217099574058,0.00023941821491004495,0.009349923592028686,0.0009528713846493248,0.011433678242943772,0.0022576399924340938,0.0017541601929267532,0.001430323296192259,0.0029922627417717255,0.006796758886518962,0.000690324976234959,0.004566416539338599,0.0012225416469352065,0.0027548603884939185,0.003733761016735264,0.0018451699220355814,0.000524029819772387,0.011645068621532606,0.0016045048604905747,0.0006840102435730326,0.0006543920610539751,0.00443649225767863,0.0008210123196360798,0.0029286397784717547,0.006738063741090072,0.0017988586096994994,0.0004244953629248055,0.0011882558064932546,0.0004143499883512945,0.003852832262831508,0.005068305991544411,0.8,0.006098074525844375,0.006424296544965425,0.002970248348156996,0.003551873216111647,0.0032672371516456245,0.006288348765859877,0.012030745493672033,0.0028377278414421178,0.0032522110135886177,0.0004869422417451017,0.002081936542419979,0.0007157747574764411,0.00787251534761769,0.00023888593937604745,0.007753691368861359,0.0008037428494254321,0.007237767362174212,0.0009172734294723153
22093,0.0020596848622215103,0.0010438069602801824,0.011012292456608046,0.01080690337141539,0.001710579843267358,0.0005537156731978351,0.00017110673649649115,8.606790153473083e-05,8.324677036143168e-05,0.0006575917053081987,0.0005087643222892729,0.0007042720154212475,0.000988683083088426,0.00010587810808479371,0.0013235712570261117,0.00011845826919111491,0.0075928387238246185,0.0002793982627681024,0.004753735633075493,0.0016893139882872981,0.0005756943694060849,0.0006858069438797135,0.004262105326365684,0.00810457401561311,0.0002705582084998096,0.007919733311735538,0.0012592161652051133,0.0031049074698513836,0.01017950527111792,0.0007489968258416499,0.00019531907538432425,0.008416845521221725,0.0004751586139591209,0.00021810793999712855,0.00032379983075866704,0.007011717047709116,0.00028008818946740813,0.005316390759009649,0.0043358856884000724,0.0009441873965155757,0.00019893278581850575,0.0003795085129445861,0.00023465756100593755,0.006005263051210645,0.010476991227962282,0.005425992549493622,0.8,0.012538550462357726,0.0025152819507901184,0.003984604768701234,0.0070099586788700576,0.005454884641137361,0.007003564160591501,0.0008733745334728733,0.009009624134422585,0.0001681094609170255,0.002712721326735297,0.0004720706183255564,0.0036505885524240928,9.725729682947336e-05,0.006758722028970437,0.00024092199689884216,0.0035144492436647865,0.00039546254276896824
22095,0.0016212372234297892,0.0008419380430487243,0.009543569941083822,0.008290578733646045,0.0014854365964780195,0.00044416376579594323,0.00015480398192269305,7.651754461499393e-05,7.324555730848786e-05,0.0005133039035665649,0.00048228709387236455,0.0005442392425473764,0.0009375160343823014,9.830772235396198e-05,0.0012852934770951777,0.00010235476444712008,0.0067733441054418225,0.0002963934441114809,0.004607064067652675,0.0013821974378310587,0.0005693845085058901,0.0006034148875121823,0.0032900921640428983,0.006630718013771582,0.0002496314795930526,0.010634281537316933,0.000985547956027089,0.0024341341754658026,0.009715361494103973,0.0006886420564608837,0.00018294093316123162,0.008327928972423047,0.0004993755392539879,0.00021812339449186528,0.0002811649571171439,0.00954625211313606,0.00027160117026748577,0.006865942734280937,0.0037697291670383513,0.0008170592660340496,0.0001744903339019631,0.0003797284533038293,0.00019768617761910123,0.008127505971748716,0.013436276723664785,0.005911354941336643,0.012966486848677418,0.8,0.0020359088279162858,0.0031428955657109513,0.0054082583466020006,0.007516549122311734,0.008434355777403292,0.0008942545986756992,0.008198181856826279,0.00016195330663321375,0.0020962801178601785,0.000388622324258274,0.004721587436674328,8.83431687320885e-05,0.005774015064963696,0.0002505763365241013,0.003203832623517143,0.00035573687450340144
22097,0.010834421280533808,0.007064910900679606,0.0036107438638235925,0.0034493897954904493,0.007576154549090949,0.00371574497015278,0.0008209296499443055,0.0004603647131369662,0.00046563498733706116,0.003720793792131319,0.0016837841496545414,0.0033544780140569164,0.002836893236813711,0.00045526437045825704,0.002944864222486994,0.0007057128904172493,0.004675813303981979,0.0004967574449151675,0.00428865485591939,0.011283177055096618,0.0014242481287337172,0.0034288501114343767,0.007247963033191069,0.005246526410848665,0.0011333476962575074,0.001210904599062018,0.0069254582467421005,0.010666611710888244,0.0017960654153823176,0.0028126486139919446,0.0007714715170070121,0.003373128126439631,0.0008269968052336092,0.0005782826291519796,0.0018346006246329706,0.0010874423012608013,0.0008725053459769331,0.000799062140830948,0.007514580473731419,0.004990839247302663,0.0010992330132244996,0.0009358076433806958,0.001503378959666521,0.0009249144519721251,0.0015804859124477408,0.0026705021296962194,0.002541560045730337,0.0019892851194363145,0.8,0.00992496853524716,0.003756782173984895,0.0010867613657717426,0.0020389763296754025,0.0015732694512478244,0.0018247106406716214,0.0005715666062408106,0.007985694652961227,0.003170046866166252,0.0011113089926873597,0.0004691199582404715,0.005764203988587684,0.0004946214498923397,0.006149504571494029,0.001847275917355093
22099,0.008723867949031993,0.004304682156971058,0.005315527175298066,0.00568017141653856,0.00479936950719364,0.002321934114316147,0.0004815870134020993,0.0002659384650281158,0.0002681129209736959,0.002741559809730694,0.0010792080803493404,0.0027732689642827654,0.001930138056666885,0.00027097363485953764,0.002173716545372565,0.0004057285539538388,0.0062052927928694735,0.00036290929526272054,0.00463938243029291,0.00650720862281602,0.0009810653783042154,0.002025171879753222,0.011883520382381038,0.007772262061626828,0.0006830745553403362,0.0018691424049844909,0.005279226424237852,0.012950273751989538,0.0029647355273403563,0.001771525596167287,0.0004685329144860243,0.004493581481415594,0.0006159324249322772,0.000382800828702785,0.0010578718594756616,0.0016624492335002396,0.0005595598953957821,0.0012634272711855687,0.007768342856127674,0.0029345778415719196,0.0006343421488732989,0.0006372357312153054,0.0008685197748370293,0.001419131250135516,0.002469528495909569,0.003160840426297218,0.003985142917237667,0.0030395802151629943,0.009823677325681884,0.8,0.006401548379333976,0.001516556759005439,0.002681774015713259,0.0011904995488202074,0.0030565890190673768,0.00035708026107194696,0.009854123808021812,0.0018607715919623765,0.0013761359841050224,0.00027427213221008597,0.007664536442458963,0.00034805989998669916,0.0056463607932016645,0.0010960410055618056
22101,0.004540660605207737,0.002089183630567035,0.008301832607714877,0.013431390041972044,0.0024000175282487676,0.0011679654413435125,0.0002320410124720625,0.00012563154326925726,0.0001260516446647536,0.0016068083204621598,0.0005744549967792517,0.0018460122492514875,0.001079458574542644,0.00013333827343498526,0.0013234602479467207,0.00019018372812569585,0.006876291287370435,0.00023565204028549511,0.004078857128563137,0.0030522540350941723,0.0005716189174805038,0.0009763340401394233,0.010251800694824178,0.009391579519765363,0.0003398449246271672,0.004414919861590281,0.0029654300871240586,0.0067537498422862,0.00842570140987043,0.0009141836226707412,0.0002360244775174604,0.005860116616764541,0.000404405983249029,0.00021650270069996556,0.0004980568888258766,0.0038617784199894453,0.00030166958329207064,0.003298416387056396,0.0052249251763894404,0.0014043351836059749,0.00029907190191276185,0.00037037383571089704,0.00040871876663167543,0.0033757539863396536,0.005862644440604283,0.003600680497404724,0.008682262659790115,0.0064773878104113294,0.004604895472608298,0.007927638601530096,0.8,0.0028007092926423155,0.003940506483103633,0.0007759450929006474,0.009246592772684694,0.00018707798728436308,0.0067913992049175335,0.0008871360096886548,0.001970147113122845,0.00013173853183941932,0.0074024564796726115,0.00021454551871405474,0.0037859542335386713,0.000533424031861878
22103,0.0011523844678266804,0.0006572834940586813,0.006981622294251412,0.005095701628655961,0.001406603248212977,0.0003444620936225957,0.00017734924972396667,8.418761574902215e-05,7.814492722224158e-05,0.0003597142206129503,0.0006135179782004585,0.0003643162741271511,0.0011596649023053085,0.0001225342971668396,0.0016665106908458434,0.00010284171161702532,0.005718725768343484,0.0005263875343563816,0.005081729592417239,0.0011116786009313987,0.0008114304552544567,0.0006157830639758391,0.0021479680600849527,0.0047993663688901044,0.00029969956549264637,0.01224207179501765,0.0006926491138595682,0.001690657403708093,0.006406014911822046,0.0007925281890255335,0.00023106410408830062,0.00790597748858144,0.0008491507653566943,0.0003308605851648446,0.0002817407102698122,0.013227174987222163,0.0003752421007175351,0.009207236395752666,0.0033283277777441706,0.0007866916565477663,0.00018192630074103289,0.0005676273187387403,0.00018183629220589557,0.012499095304374342,0.010503496796810886,0.008141299267064177,0.007936996776109451,0.010575822215813,0.0015649163354198178,0.002206330921839252,0.0032901917072644636,0.8,0.012541716982192181,0.0013751361838055575,0.0053362532933116805,0.00022241618352120612,0.00138497894706418,0.00032867718654519925,0.012550289483451417,0.00010341463401628561,0.0046324916436010595,0.0004229891238471904,0.0032319072171595985,0.0003931937962794215
22105,0.001628539139350564,0.0009767531786103135,0.00889333811943793,0.005584984826458807,0.0021512376447711625,0.0005127483878611973,0.0002642098571133902,0.0001263581479005605,0.00011796457025804171,0.0005107372849323313,0.0008912580585717816,0.0004996006775247594,0.001707324321881941,0.00017803550830003056,0.002425240939720723,0.00015661818842855666,0.008243552845361633,0.0006454208098880959,0.007771311444622679,0.0016600051619368675,0.0011293822391009337,0.0009387735977280106,0.0027736423674487374,0.006454606311298302,0.00044175317238429106,0.007143404225565709,0.0009789692757004819,0.0023321049021831314,0.005163938766794194,0.0011860816862509084,0.00033493594643959235,0.011446719711338243,0.0010741670561769006,0.0004444435506267511,0.0004296800526483679,0.007023453735615208,0.0005268645914668992,0.004627852640273116,0.005009078307347881,0.0012035816419132261,0.0002759979558615496,0.0007704022544679578,0.0002782042338276396,0.006127008842347509,0.007585840166057309,0.012147272298584389,0.007947286572668277,0.009255005616846473,0.002289803663588914,0.003042729113473845,0.003610225638806866,0.009781064547456426,0.8,0.0018524563554625907,0.0043953287948196645,0.0003123440233302805,0.001837304269662512,0.0004992454647519904,0.009514543783233029,0.00015301745665615042,0.0066445572315267844,0.0005354472603413715,0.004944488440036866,0.0005917531249593094
22107,0.001377334597695232,0.0015923654526942817,0.0017740412259895828,0.0011131785598963856,0.00443897555891281,0.0010355936017542248,0.0022805932907242446,0.0010567328561286412,0.0009227125107141722,0.0006483202089120006,0.008318689394668151,0.0005000527728221449,0.010799066186822807,0.0018642120120709585,0.012379075158368532,0.0010202087387273988,0.0024752250494627292,0.0070180040413600955,0.004196249817809873,0.0022937836502227096,0.0131244813349695,0.004294643725691314,0.0011714397952380736,0.0018937369818577063,0.004017698207153629,0.0008361806144759076,0.0010025560023132706,0.0014429424149898817,0.0007219051815908515,0.0073494660732953574,0.003471740451277471,0.0024070275390821426,0.011996884475559,0.005562444337437504,0.0023637419631897406,0.0008212524041649263,0.006137734520896262,0.0005409627434147478,0.0033463721711567518,0.003957454031028628,0.0018567686153191495,0.009583977248069014,0.0012631618135553581,0.0007209566690572617,0.0009280128129582548,0.003466762436233443,0.0011991331242211362,0.0011872797647131306,0.002137746899788477,0.0016343213727870308,0.0008601623007804391,0.0012976033321257133,0.0022413779659911062,0.8,0.0006468294628050983,0.00366959418966604,0.0010370733308307663,0.001445253035519506,0.0022502083965926147,0.0014416040013246327,0.0024237430823662344,0.006361871625998669,0.004687324354199579,0.004094154510557664
22109,0.002187943723023646,0.0010287488512865045,0.00811183632365877,0.011633224337148553,0.0014063686573159112,0.0005633311006522199,0.00013578073087688725,7.026352129785346e-05,6.910078711380153e-05,0.0007559867142284166,0.00038104502068055275,0.0008717019530290678,0.0007370250798817352,8.155289958546387e-05,0.0009667154975176753,0.00010130969553040999,0.005680008262851392,0.00019710671915883178,0.0034240446928848222,0.0015742219378667838,0.00041736159089436777,0.0005604052001334902,0.0049076842967628095,0.006765184454029293,0.00020904122228360364,0.009056355620452806,0.0014025610856295034,0.0032942035712134354,0.018586411984880535,0.0005769373239131078,0.0001486862526892601,0.005946379485127827,0.0003357743021494629,0.00015751160631274184,0.00027247470053863695,0.007946838713028483,0.0002063736460715088,0.007601890304260554,0.003452422536228881,0.0007894137188299705,0.00016516275447408575,0.00027363480260904924,0.00021026083018994756,0.007212790180919951,0.011329360086084444,0.0038181654566274703,0.01188765618510554,0.010460010456426593,0.0023827027550871373,0.004032440431779014,0.009850399212312193,0.004838997136946374,0.0051107091835170355,0.000621602110864545,0.8,0.00012472052223647486,0.003201051895706432,0.0004441296270691003,0.002837817351543,7.696879523479735e-05,0.005358113971068873,0.00017089382165069386,0.002666594827053371,0.00031458948447427666
22111,0.000610026482791947,0.0010458155982869164,0.0003809780806318753,0.000259207750263301,0.0018639895415692915,0.0009656768325345792,0.008874817053558328,0.005025524900708655,0.004102161855604912,0.00048210659405060135,0.008168960395731983,0.00033327169763917603,0.004250006248068002,0.011366804512328965,0.003164718625357588,0.003434440187338014,0.0005498573143085063,0.005527129824090357,0.0008800134803092186,0.0011183660813060966,0.006880351777443437,0.003854573132709305,0.00037298279821369984,0.0004539250838544687,0.01117757796993018,0.00015556968655609107,0.0005602968119508241,0.0005252801457243713,0.00015170923949875127,0.005062309075947454,0.015705911502679217,0.00048699635797827534,0.005030354481192999,0.013296872180567876,0.004309208447120882,0.0001502421124829965,0.01488212338158646,9.927867701469892e-05,0.0008821136378864368,0.002704206968958237,0.0052141184943736655,0.0092958669970458,0.002479058766611461,0.0001305484616240186,0.00017952863399980622,0.0006435103675263827,0.0002496800182761169,0.00023259825900754698,0.0008401266840900656,0.0005302721580312223,0.0002243349083219509,0.00022703216102814167,0.00040881335067302166,0.003969563885893596,0.00014039123357744882,0.8,0.00039695760612741456,0.001639096641072863,0.0003852741887470513,0.0077245002753403924,0.0005797739626432095,0.0074787226452636855,0.0011728257167581272,0.006711648058191976
22113,0.012685535648205806,0.0057811480610153836,0.004077803654555598,0.005015247373010482,0.004266936424617894,0.003432026365170179,0.000497409275615706,0.00029496026126641636,0.0003058722496985198,0.004854073513263182,0.0009499647237810204,0.005345377789176022,0.0016043039444625941,0.000269851803132905,0.0017088315174971687,0.00048077726207897153,0.004492345053456897,0.0002852976332625765,0.0032929126744808477,0.00715774704706166,0.0008060408584962921,0.00202240569071428,0.013100609085220068,0.00584856972158497,0.0006592463207540783,0.001557142187781909,0.008968562242319164,0.014759082023889201,0.0027390647249459373,0.001590437373238996,0.0004464942962703809,0.0032868509711480804,0.00047906182463254744,0.00032568269025981815,0.0011723432504264814,0.0013725389082917875,0.0004926189508712777,0.0010974810999322482,0.005581939115589711,0.0029430962342716456,0.0007033783941137584,0.0005282593102746579,0.001082915492491541,0.001180407813356572,0.002074643185015285,0.002255716917829695,0.003303207264663452,0.0024683399187964737,0.009623424496038748,0.011997479243501927,0.0066768626207679895,0.0011590526968551463,0.001971568930533467,0.0009197572796934105,0.0029541585193906413,0.00032544914822207964,0.8,0.0024339055403832725,0.0009977319451778233,0.0002875024176592352,0.005511776633813776,0.0002808212838349041,0.004125546842208077,0.0010904042599293453
22115,0.004829024460141495,0.01068350948271939,0.0010343716604311955,0.0009522019427222348,0.005677712829979081,0.014637085846473784,0.0037118329581663583,0.002719726549732013,0.0029515472241807466,0.0070025858544651865,0.0032849637181572517,0.004704309752171894,0.003393879234137275,0.0019228634752007593,0.0026090534807918795,0.0048164162466271,0.001409794959551449,0.0007057664592892224,0.0015900160427595438,0.007094269637818579,0.002076466647108452,0.00840824188972612,0.002181137939247096,0.0014781805203499686,0.0037266920775764385,0.0003435872608487778,0.006159436539896763,0.003332043645479905,0.0004957337110861572,0.004862245422963344,0.0025823979958656167,0.001042823348569593,0.0010094711510906015,0.0012221746510276276,0.009347367290298959,0.0003111106677600637,0.00201794222603795,0.00022382998213502987,0.0025002321161705587,0.008951177582868976,0.006109572405359047,0.0015874114827019086,0.011173833997433697,0.0002643199591401726,0.0004439074684635965,0.0009572923904742909,0.0007095593604262787,0.0005648517985165524,0.004715565107518384,0.0027965087299982837,0.001076600330052198,0.00033953198332499913,0.0006612963553845301,0.0015821905178168374,0.0005059434121400147,0.0016588025379402028,0.00300437983795101,0.8,0.0004047531900414283,0.0023488382292511,0.0016997032781056614,0.0008147616013590443,0.0025135680733820915,0.006063583471594198
22117,0.0013148983886789377,0.0008495151237406677,0.006762318621196575,0.004302713899916198,0.0020928467539263105,0.0004505381559445157,0.0003245515538363381,0.0001515165053226589,0.00013782826919849674,0.00041829450934662997,0.0011699073976542311,0.0003976356075998289,0.002126375795975386,0.00023744099085179208,0.003097454258910745,0.00017306239496551307,0.006522314000611711,0.001182148331016127,0.00737760261843215,0.0014485271093235463,0.00164069715740469,0.0010089260283470724,0.0021282318242364187,0.004963119592042,0.0005601423397283602,0.0077167792127040445,0.0007944382465317216,0.001841643318865664,0.004467260171476847,0.00140467765677324,0.0004474036411809184,0.008918252027347586,0.0018660486251205193,0.0007015582975353996,0.00046488332273729834,0.008164205510113804,0.0007581645514459048,0.0056167489593359635,0.004328278397287028,0.0012204653037798869,0.0003118421499963155,0.001185648394382133,0.00028269170635462096,0.0076263165070600885,0.00712404180401151,0.012190000649358592,0.006352821238788931,0.007945418773165739,0.0019139248260213759,0.00239445372347286,0.002768120182336799,0.015010213080882585,0.014591231716571942,0.002852066271340289,0.0037428172690856577,0.0004514212822585347,0.0014258931467062404,0.00046861076910287487,0.8,0.00019330350683693725,0.005282240112479641,0.0009351017119174469,0.004710804508211368,0.000691602199214746
22119,0.0006342658689127887,0.0012832078026642226,0.0002490313425968157,0.00018563757266073694,0.0015330556447823085,0.0015070167060925056,0.015989373759694944,0.01798756332162652,0.014444897651499299,0.0007192939601986981,0.004656022320448517,0.00048263041706203503,0.0025158949143240478,0.01845697073886273,0.0017431605300058366,0.010189580664072056,0.0003607404973495999,0.0019201803672028895,0.0005311092307796606,0.0011241457395838243,0.003089018334272823,0.003806894460979959,0.0003286753731421355,0.0003206407558060245,0.009721049872316177,9.080760759278499e-05,0.0006835936863946,0.0004896606318125823,0.00010164109216800187,0.003608354975627867,0.011548819280247159,0.0002973874616155533,0.0018740599098844499,0.004606044199809065,0.006760263401713493,8.572329787732976e-05,0.006106416821125273,5.749716036633108e-05,0.0006259417576612529,0.0026366830909185118,0.010846727728971637,0.003598457457869151,0.005227036903381888,7.358236248330439e-05,0.00010950985104834529,0.00035463512993208046,0.00016226576262227672,0.00014252881734530025,0.0007745953943232435,0.0004575385935590701,0.00017745982852615446,0.00011858126163749778,0.00022498103885263773,0.0017517971041582925,9.732621337125553e-05,0.008677277004506467,0.0003939268274670901,0.0026072101884610467,0.0001853278494311561,0.8,0.00040093032434589045,0.0025863343137109687,0.0007762185065154213,0.00690279931572835
22121,0.003737037168389467,0.002143206965677528,0.009211341766939385,0.006809947912798867,0.003859397944877763,0.0011235339207000304,0.0003818494065114343,0.0001936996518858356,0.00018775170683161,0.0011702916701904775,0.00107923820888247,0.0011429852299619137,0.0020772623709223864,0.00023186826760596463,0.002651134288678809,0.0002669245653369223,0.012290785366169262,0.0004847409481664919,0.008272023512862782,0.0035857475064428545,0.001139208606827828,0.0015456366249997837,0.00586040380998225,0.011880197814896418,0.00059418965895257,0.0030702946229778194,0.0022458726116066324,0.005315714579018585,0.0038652036903597713,0.001641479476939512,0.00042313687760674553,0.008838230436260341,0.0008319179319293686,0.0004292687118660485,0.0007303694333285519,0.0027897397755516644,0.000578603498498314,0.0019789029759614044,0.009759454825265934,0.0021294332093397387,0.0004487494339686715,0.0007405528549813344,0.0005218963801341484,0.0023700737128139636,0.003915918753577495,0.0062212103690701005,0.006094590029335855,0.005034807059721501,0.005144054402797231,0.006910463135712285,0.005389373866981665,0.002870938721931478,0.005280149219666204,0.001591840751495769,0.003661864719913992,0.00035200350437816487,0.00408169808473405,0.0010196972798556013,0.0027371229308855247,0.00021669261785142586,0.8,0.0004381776611173201,0.007525965924881356,0.0008841310321933065
22123,0.0005912126844394476,0.0008186759141822165,0.0006438682886807799,0.0004035306293056421,0.0019736584006048077,0.0006230768500697534,0.0035251715935999835,0.0018447435985978991,0.001516816463480373,0.0003418945478797437,0.0075524056121521925,0.00024864765151912246,0.005341254293643031,0.004153687838673754,0.00489237853365551,0.001354780244367892,0.0008970567851509005,0.02234885471767576,0.0015212812135168082,0.0010458838636038716,0.010621721372801369,0.00285730208564031,0.00044793598149854205,0.0006886513693609398,0.005499494943276284,0.0003192654775251706,0.0004696090068336812,0.0005770694116638295,0.00026356551888628957,0.004691304579884254,0.0063632278854804354,0.0008789716656583573,0.015277155325992822,0.017235877244976956,0.002221989249264858,0.0003177626499472149,0.011381649105851734,0.0002096748774430968,0.0012432220832151951,0.0022265942602168387,0.002250133517892106,0.015571296345678913,0.0011810541961501067,0.00028208730231205943,0.0003463950820139092,0.001298675757936873,0.00043749551006841127,0.00044000965869491084,0.0008889071348182447,0.0006319642144274579,0.00031455683876831355,0.0005279049247918133,0.0008568683170085868,0.008414245359521953,0.000235198173853977,0.009143931026860098,0.0004187902125321383,0.000984341819510553,0.0009757807604181053,0.002814991626081992,0.0008824039985448951,0.8,0.0017335461753533426,0.003938498226543542
22125,0.0039016804482515646,0.0029900762959098673,0.0054011918947239855,0.003730743186031191,0.007359023562273034,0.0016050963863373892,0.0008171990219431794,0.00040357803771604397,0.00038417124802014353,0.001365469234725507,0.0024186599921251777,0.0011972769307872365,0.004668819638202092,0.0005098917688931027,0.005912843993637606,0.0005254520384290385,0.00783407382883139,0.0010328969954669226,0.010694673930170994,0.005064068428770109,0.0025462701795022197,0.0031427122989737943,0.004148382872194553,0.006520937840718074,0.001302994515310078,0.0019482499952360708,0.0024788520596082555,0.00471540289648337,0.002166254651856973,0.00360684281421574,0.0009384728332966735,0.00639798841832562,0.001768202438709572,0.0009609051966254533,0.0014462075933028892,0.001814711284541893,0.0013012166450515395,0.0012352246058954855,0.012072170323979121,0.004112606841142673,0.0009111352876382665,0.0016517972553078064,0.000952330236652541,0.0015481347146645565,0.00238339209671539,0.006446157325607863,0.003517767166447846,0.003101020541737358,0.0060916682530190135,0.005650928214889263,0.0030596215629732607,0.0022232999930890877,0.004361455235739574,0.003417180715895609,0.002022913372054406,0.0007904086125167714,0.0033912569340009495,0.0016738583540089585,0.002709574834863334,0.0004656816315075817,0.008353955385500138,0.0009555382656423885,0.8,0.001879430843312352
22127,0.0015969268735638734,0.002926170823307179,0.0006836629918524165,0.0005126748491418095,0.004223274798199168,0.002722096036162967,0.008228713707986434,0.004067422516124831,0.003783078275799584,0.0013692879401553384,0.008996153510605924,0.0009461193008121619,0.006122935505528991,0.00469857659421839,0.004202913364089984,0.004646736733065025,0.0009889768563955488,0.00202984918270326,0.0014200849924813845,0.002903416832749553,0.005323651619605596,0.010264017611718258,0.0008800261387173654,0.0008853921647314838,0.011282888640976261,0.00024469117907812137,0.0015550333605234314,0.0012910303177635278,0.0002803777240156146,0.009386884531447627,0.007607525287927547,0.0008041106290732508,0.0026259907331619946,0.003818287852460658,0.010593685001032504,0.00022945002521072502,0.006308135818361533,0.00015498010320767262,0.0017265778281723937,0.007044851109317216,0.00848160725863498,0.004603490474016051,0.005551683666507392,0.00019634436441459764,0.0002980984178261556,0.0009201810560551279,0.00044585471488013006,0.0003878304484776043,0.002061133288186746,0.0012355381537904708,0.0004855602480428227,0.0003046660296112775,0.0005879343130313986,0.003361904420127554,0.0002688082839021135,0.005094781372838973,0.001009589686497844,0.004548158664279161,0.0004480645940239253,0.004664537145895117,0.0011054134175234032,0.0024452401451951983,0.0021169204747953033,0.8
