,22001,22003,22005,22007,22009,22011,22013,22015,22017,22019,22021,22023,22025,22027,22029,22031,22033,22035,22037,22039,22041,22043,22045,22047,22049,22051,22053,22055,22057,22059,22061,22063,22065,22067,22069,22071,22073,22075,22077,22079,22081,22083,22085,22087,22089,22091,22093,22095,22097,22099,22101,22103,22105,22107,22109,22111,22113,22115,22117,22119,22121,22123,22125,22127
22001,0.8000000000000002,0.003526947929653138,0.0013536155355963727,0.001247941367036489,0.0018476443972693312,0.0024897285890769687,0.00024688075857335885,0.0007828147235147332,0.0014749671184534224,0.0050814936978058715,0.0005157605391962228,0.001694814259006504,0.0006203382865954048,0.00013052531478561705,0.0007013772326847932,0.0003835059493355531,0.0038168326347957087,0.0001843876947254727,0.001055089158790994,0.011462056820957377,0.0004680764932142295,0.0009236952261075294,0.0052191472008973425,0.00146404643230778,0.0003798900775707982,0.0013973324324255843,0.025815529587871915,0.03399396765074543,0.001303565384543056,0.0006929030208689533,0.0005211200167771799,0.0012858765471978114,0.0002433229145698236,0.00040801699246279823,0.0008137823078255669,0.0008980507540271028,0.0013907133092121039,0.00026293059583761653,0.0016528031923189782,0.0028019811446777726,0.0002946196142133947,0.0005196754134918224,0.0005295957718616682,0.0002530514545705014,0.0005470310650683232,0.0006447617601714025,0.0006890832999004632,0.000550636864927661,0.03147497170627083,0.005440995119967311,0.002767173067229997,0.0010671644262421948,0.0009354655729428185,0.0002979472505140123,0.0014047500668531198,0.00031884051214305206,0.025013042584933424,0.0023738074044732643,0.0004158925105269036,0.0003884111976860905,0.001369537864407494,0.000169796770788465,0.001394042345767789,0.000586233065735299
22003,0.004849803300967392,0.8000000000000003,0.000589669014508146,0.0005021318077431429,0.0037243432760780864,0.02390342083745548,0.0005323694664225951,0.0011688369370344719,0.0018078233868806957,0.013439536163078719,0.0005544417825555844,0.0019353210745926314,0.0009581784529738289,0.0003155149777085492,0.0009961845874744157,0.0006415185133072485,0.0014616994209390175,0.00013036744214755223,0.0006562023212982456,0.03171824703329759,0.0003962881729597567,0.0026388043743016286,0.0019525542205478682,0.0007977577290537996,0.0005036028872281257,0.00057068655565476,0.030267772300753937,0.0066771681174683005,0.000521019602343423,0.0014630829505884863,0.00071257159642467,0.0005152175532377103,0.00022999911415829612,0.0002657302458033561,0.0013359915295337965,0.00032059143015230083,0.0007703887005872977,0.00012808187369291939,0.0010995482484989453,0.021782363159009326,0.0006068884012568103,0.0003799932042596753,0.0011144378263073548,0.0001697464475141873,0.0002535805127762887,0.00039228289560579887,0.0003766001255459408,0.0003572675974331999,0.01060914603712068,0.0016506079996853598,0.0007847870269457103,0.0003487276328414935,0.00047590010291467073,0.00036058777899070614,0.00047672643756628796,0.00024496152863709637,0.0027518189713101144,0.01199828099294166,0.00017781067602002022,0.0005515449847275408,0.0007389572815518376,0.00021827302273405534,0.0010329082811567115,0.0010933340756947077
22005,0.001223126238745792,0.0006746462380663284,0.8000000000000002,0.01119213876694245,0.000825752275192736,0.0006173616472764558,9.69063803137165e-05,0.000341400211022749,0.0006729490082765968,0.002846070147087994,0.00021272956367642692,0.00026563599097710974,0.0003788193456214131,7.015760655864958e-05,0.0005695483076510128,0.00010657660352347362,0.03402167048671733,0.00011550039712827585,0.002388967784812179,0.0010098145710224701,0.000284242218111484,0.00033619477019158434,0.0018808647865261642,0.015474062200548847,0.0001720707785567242,0.008389980628941706,0.0007349108219745617,0.002820538301240131,0.004660354117834527,0.00034570378398861854,0.00018142147138411425,0.03344756114783277,0.00020368731871635127,0.00018079742879313128,0.00022219659960577342,0.0033515804944814587,0.0008362533802280532,0.0010936004234344972,0.0025374413220258683,0.0020668026133084504,9.906264968390855e-05,0.00020067450814586664,0.00012430841921147497,0.0015192183554946748,0.0038619273800801902,0.002278116450905625,0.016724822841429544,0.007165872277617622,0.0020454034213667417,0.002072371850807127,0.0028961449696039325,0.003565391634836057,0.007302147762543656,0.0003351707921063704,0.0032196886207115747,0.0001352888266185486,0.001288395897213913,0.0008968346232686292,0.0013692921103674914,0.00012854717684398093,0.003990969381797963,0.00012905594110314153,0.0015596915541237438,0.00024156637578024074
22007,0.001175620137979065,0.00043389015215731006,0.025278233376225284,0.8,0.0005882785097747626,0.0003166232987958361,5.1166200885950836e-05,8.322415267417933e-05,8.280363972482933e-05,0.00099156773051328,0.00013959757526480228,0.0002799807941100546,0.00032482090987873325,3.04571365001755e-05,0.0004002286291056345,3.8339099630800626e-05,0.007755946567291054,6.518707634697608e-05,0.0018979187014583946,0.0008722055886404291,0.0001476549634529024,0.00021195891932962845,0.00706294233132186,0.00958511662509029,7.806935331085128e-05,0.003910135993566973,0.0005980545781808907,0.003557610581619483,0.033811681019054664,0.0003845380874345902,5.517209285112591e-05,0.00568000099089732,0.00016834443178648074,5.5614903087775913e-05,0.0001032236088270017,0.0036882335794228157,0.0002445600209411129,0.0012440019598493853,0.0018528315964720101,0.0007520223849091361,6.256786885917603e-05,9.616145071435157e-05,7.90614706300513e-05,0.0013733445663698903,0.003175359600534048,0.0014615413628702918,0.014466270527337247,0.003278516176149566,0.001682440234261144,0.017763420293390904,0.014528047793325463,0.0030078608978516093,0.0032079737834542535,0.00021130376705710347,0.013477079244244693,4.548473123145074e-05,0.0023758015063170823,0.0002217287565880066,0.0009841396802511588,8.562330294775438e-05,0.0029874703730490273,0.00017116496040440874,0.0011412680924018778,0.00011851226139555194
22009,0.0031532522071981545,0.0029626288827486005,0.0016256417391342487,0.0006913218517967383,0.8,0.001881425559557894,0.0005817451047185368,0.0007879620054305871,0.0020114730615207197,0.0024849694638071173,0.001075207176758876,0.000684628466081684,0.01361496587937633,0.00040334624310678477,0.010341550769877856,0.00043091681312441415,0.004846659991634938,0.0005319902703497493,0.0018471402490623668,0.010997013772800266,0.001263028358830684,0.0048512404150478396,0.0021765043110521364,0.001952054231268716,0.0008770680129110284,0.0017129035779467564,0.0023544929539088552,0.007099317589576061,0.0011701362892447514,0.004758713003331237,0.000777526208986465,0.0018826106362240527,0.0008038944969646404,0.0013146934582110162,0.001529797046953955,0.0010643438584762041,0.003375743785174875,0.00021077988192689452,0.00952732728388247,0.04383955197679188,0.0005457457292285526,0.0010792303081395447,0.0008863447519850956,0.00024462955643149496,0.0005424272789193995,0.0009571180386441833,0.0006681759422805549,0.0006909891534228431,0.018404934761329164,0.00229558631165782,0.0012633834976724188,0.0012929627564719577,0.0009687607354320013,0.0010665292647456597,0.0011613285637701763,0.0006120137543561461,0.00205142201700263,0.003415060038408731,0.0005352746382109783,0.0005870922693665128,0.001434988809394102,0.0005680154513710207,0.003243802840360881,0.0019886166466016953
22011,0.002380002812855025,0.023925589897907214,0.0005546737948144531,0.0004534942595800541,0.0017988335654751696,0.8000000000000003,0.0007825020939789582,0.0011836076113287248,0.002012627689395268,0.04102117074153344,0.0006690486993546089,0.002742867572022583,0.0007928632313556352,0.0005382172118249278,0.0008427033343325812,0.0024950758399527716,0.0024267862622940365,0.00012381396126275217,0.00045351560756698206,0.0030086553418127537,0.00044121274551723087,0.001734958105991074,0.0011578236125303848,0.0006987106273040557,0.0006953952210226094,0.0008233074806027698,0.005650032880298345,0.0034959495752940974,0.0007804567012207968,0.0009871307477065645,0.0012952584728733983,0.0010162098292221232,0.0002866072256658022,0.0004409185477427262,0.0032328110433943085,0.0007439519972969952,0.001731938720409692,7.082197583877625e-05,0.001043247695783909,0.004082138257957034,0.0010905616455508154,0.0004447095181829031,0.004640673886023304,0.0001834955398907254,0.0004125782683948997,0.0003899082417534781,0.0002590284661050286,0.00027686396511320205,0.002995735485779436,0.0014891688480114362,0.0006219819417731793,0.0007106940542962205,0.0005249329906528747,0.00034047890660593005,0.0006172386214608237,0.0004006347014492283,0.00165683614329829,0.06069259257536893,0.0002758558350264001,0.0007082656569049279,0.0005060390655764589,0.00017349624308665208,0.0007195646813531608,0.0012537337260210644
22013,0.00039746646419037057,0.0005620354076889569,0.00022284527839382676,0.0001100792538651678,0.0009427608649404344,0.0005133782991810488,0.8,0.01557461489724958,0.0068800147074722495,0.000861596892723839,0.0018250659710277904,0.00015162939535792727,0.0011642842102796303,0.02173453736883927,0.0006732805769025424,0.003177338208691369,0.0004889997918982364,0.000579694884933916,0.00022794140522336957,0.0005216724001492313,0.0014941139005998662,0.0016397091653224875,0.0001590024770547685,0.00011150228016705169,0.01977953763380982,0.00021323462902999275,0.0005439987823671962,0.00044141713099135344,0.0003082980913157265,0.001419700845372786,0.0339260644958481,0.000239014279469702,0.0008007995719492839,0.00157566849838091,0.009643347195408415,2.942482826635044e-05,0.00554106955496428,1.978704146541785e-05,0.00021753579792300326,0.001640662091600333,0.012205686457622154,0.002103516402089894,0.0029548660406720274,7.07218490538172e-05,0.00017432714844750106,0.00012049942898567681,5.6287735498725846e-05,9.473996002809256e-05,0.0003582548545911376,0.00020389868033259418,0.0003346056863282769,0.00017658411696525107,0.0003495696390244521,0.0005919172247810501,0.00012484466163083414,0.006378790185845211,0.00022537034672111064,0.0012673280300126055,6.135170185162592e-05,0.02917325752664123,0.0001393024893053521,0.001002568522838369,0.00026857444784660403,0.005210012292570765
22015,0.00045457003337233534,0.0005498820574594683,0.00037817431994366,0.0001153957430276776,0.0006766748290752302,0.0008229298755728246,0.009342773745996211,0.8,0.10004908342330185,0.0016348734107222104,0.0010908406689600248,0.00020057181407654503,0.0005996993333762588,0.004401326733849635,0.0005076823877801171,0.0073612133175136344,0.0012820590304392023,0.0004263594574691569,0.0001630160356348028,0.0004343746146382743,0.0007955081059631717,0.001062431588576449,0.0003000480699457489,0.00018017864215817063,0.0022202931336993493,0.000977109065658169,0.0004200867045886923,0.0010790931879970458,0.00026496659064095715,0.0008854015595240042,0.003888307355892495,0.0004292691602083613,0.0004593271113103578,0.0011547180513739623,0.003391603843289626,0.0008002441576707165,0.003768994587979458,0.00010105939141207389,0.00020237631780708676,0.0015328092740659418,0.0045014117637792485,0.0009386893783109333,0.0025795690700771384,0.0001599876678918953,0.00028437291023411613,0.00011581562205243544,0.0001312649913762115,0.00020894996749396382,0.0005568855530741045,0.00030027569135598176,0.00031372691617275,0.0008483125086891908,0.00040596864963161926,0.0003939281004911476,0.0003520045420779563,0.001764344150489077,0.00030343827971153204,0.0012101293476035387,0.0002287143204665143,0.027300745514635905,0.00014324118875661928,0.0006114047576253104,0.0002191196436057368,0.0017223727324260324
22017,0.0005406087968077809,0.0006810547340813628,0.0005175856825857659,0.00015292534466194465,0.0007426567472638648,0.0009140915840750231,0.004828838756277638,0.09371583812098794,0.8,0.002215838522323313,0.0010315326282352218,0.0002488610826594073,0.0006212010780100025,0.003879380432648646,0.000565200748500506,0.025274585842836057,0.002138079955034736,0.0004067955548300732,0.00018051550529423854,0.0005405417756719926,0.0008652282680810719,0.0011329702437704531,0.00033206962767445467,0.00018627194840774509,0.0020521266192857854,0.0012096005751541913,0.0005728823815809756,0.001487856058941588,0.00031140300281574186,0.0009193116113597967,0.004094579732881064,0.0005798790656724161,0.0004615468787101745,0.0010522961405807704,0.0041809263789543295,0.0013331049132717637,0.004515015985714216,7.980145687852911e-05,0.0002430271401489545,0.0021582741439022586,0.00657635891969693,0.0008682446877066773,0.003534969243173317,0.00014188768085581817,0.000250668285657174,0.00014700941224478673,0.0001318919330920148,0.00016926211202164084,0.0007115324832095206,0.00047845761539969204,0.000393268118120729,0.0008622790342733772,0.000501421723821129,0.0004103486275863318,0.00036692717323587277,0.0016335830794089515,0.00033007476059171464,0.0014913807732427366,0.00018094478830233378,0.011049501107978837,0.00019972293350223346,0.000590964449667671,0.00026388767355471204,0.0017511083170839627
22019,0.004936108371575487,0.008858564152466662,0.001906582685866746,0.0008783135580162771,0.0015708794507495517,0.03654968441817213,0.0004512864006947693,0.0013966662969202468,0.0028033814518177136,0.8,0.0004193369083577379,0.02645742382270418,0.0005914317251681216,0.0003512445645625125,0.0006287532737742255,0.0007361691390501286,0.006023910786994085,0.00016038353768421977,0.0007375556786865694,0.0033296700118001974,0.0005023078958591664,0.0011436118455707682,0.0027589891513603707,0.0010584028252256295,0.0005109529722598289,0.0032159315576610428,0.0353198977371084,0.008185317378950745,0.0016100644859775384,0.0006976754983865575,0.0006564670381724689,0.0020331003047013643,0.00025798437690579114,0.0003567157276525619,0.0012714440597725377,0.001694329163067603,0.0018140263167979293,0.0003259827303946206,0.0011982907855874593,0.004731526936796272,0.000611056759703668,0.0003771591009126694,0.0011847355145870242,0.0003796240902479755,0.0005991579921836364,0.00042813439476731627,0.0005149687910440921,0.0005419895757797618,0.00469877008035291,0.0022136120552915146,0.001576604692085293,0.00217082750184408,0.0013773375137979373,0.0002465791885502264,0.0014700881142643769,0.00039538810334785343,0.0031487768176157874,0.0062369437643702615,0.00045383186978130305,0.0005959604329647251,0.0008664529808549927,0.0001942529926983177,0.000848524177624143,0.0007388584720598825
22021,0.0010657506813913763,0.0004928515869827074,0.0003391087858050651,0.00014803483823005222,0.003266343682604329,0.0005094944482633176,0.0020092361227291656,0.0015766592980334538,0.0008876277728195434,0.0008288775803795875,0.7999999999999998,0.00015023890617087726,0.008988374824703165,0.0014284276546706618,0.003947426653883465,0.0024291890138469115,0.0008070078891810272,0.001250714183765914,0.0006131584859989942,0.0008342385375536826,0.02276259899492023,0.003130129245195682,0.0008291336332965625,0.00038318012384989074,0.007600535753643755,0.00020845938020393813,0.000522143410971003,0.000661432945731865,0.0007053887767199858,0.024170499520485875,0.0037390154077860667,0.0005184560569720529,0.002226910253593379,0.0039241708539090245,0.002841663701726873,0.0005764992025649238,0.03733820193391813,0.0001776022268311627,0.0005045627224076576,0.002705526933849051,0.0011577504821998275,0.022849803385187592,0.0011409998719011322,6.980357359402606e-05,9.92256830990265e-05,0.00034290905068398014,0.000264524371221664,0.00037672348245252566,0.0007083722176882807,0.0007938864599041519,0.00012818402069897692,0.0007361125113205611,0.0005888168330635889,0.0020462403562959107,0.00032764602450049995,0.004122324673655323,0.000463443101076427,0.0007279257736711461,0.0005575460870501134,0.0012669316254508842,0.00033077504831143,0.0018929269984734889,0.0006678214219363851,0.011240434920972577
22023,0.004060136116919127,0.005527106808776036,0.0012747214099849003,0.0007767501909824706,0.0012499190070034132,0.007810142176530834,0.00031409499733639945,0.0007509540561268498,0.001104902311639476,0.08211861012864075,0.00029167846630130505,0.8,0.000431562675202717,0.00019493503335302244,0.0004959197935140718,0.0004052939923493761,0.003086349361402602,0.00010194076697931128,0.0006861661356115285,0.0026519565204156208,0.000341693409265044,0.0009899579334820088,0.00300178047929203,0.0010547343324564479,0.0003011410988895647,0.0022485435250488538,0.016004226038315052,0.004346668936526035,0.00195825332316235,0.0005472116830115285,0.0003154036373838686,0.001163958645998814,0.00017506742928937206,0.0003663507214846075,0.0007603417225390013,0.0009250861326016348,0.0010956399446960853,0.0001606063397732623,0.0010959427690517545,0.002213652072065381,0.0004371200655933171,0.00024477177929343275,0.000886969581087594,0.000369021425003473,0.0006051186510046901,0.00032236920619326513,0.0006783841589335974,0.00048271273452879043,0.004318827646705723,0.001988655559972327,0.0019683278280757427,0.0012361825466426356,0.0006702897540731353,0.0002288077444817885,0.0012225967994609938,0.00035412220891684775,0.024077364935026973,0.004383819709673097,0.0003897142090441329,0.0003221576189588032,0.0008470530940023624,0.00014024702793739648,0.0008421374093783718,0.0005838281826089733
22025,0.0005130947000546079,0.0007813586680275442,0.0011340666345942111,0.00028221157625340435,0.01678797098922954,0.0010426751242431274,0.0008250188388023949,0.0008099809203092415,0.0017388663581482137,0.0002697981488432792,0.006021498034080898,0.00020351079641400314,0.8000000000000002,0.0007216910170779257,0.04301973130803646,0.000843800484420592,0.002397893766582771,0.0013885831337004328,0.0010634207652022486,0.0008993794006335137,0.02430606426817309,0.005170832282110557,0.00037256264240923074,0.0010934644305746282,0.002157416708104716,0.0002823466424664616,0.0007574481891941084,0.0018140555891958078,0.0004050303579178457,0.02553320041314214,0.002101658402888205,0.0008817700997148854,0.002099979990826283,0.0015176089834468846,0.0012835167036554416,0.0005145625922843047,0.005127275109244986,0.00022295722230793568,0.0009532363611813645,0.013206570650400574,0.0012630035559042557,0.004522627722963202,0.0005093942725601329,0.0002533641098459362,0.0005510568726939553,0.0006514156069396351,0.0002711373134666292,0.0003685239826984379,0.0011296603754319392,0.0006491553465531672,0.0005987247792566061,0.0008180921517723489,0.001012138650580252,0.005305292120559024,0.0003929962039883456,0.0021036926713863873,0.00048122090846313965,0.000978934842434187,0.00033509539386765517,0.0005334464178355406,0.0007516517162019939,0.001645965825483326,0.0012791735384901448,0.003048127316729866
22027,0.0005657171115458309,0.0004513158578790302,0.00031893775467062833,0.00013249159206130145,0.0006433619873396575,0.00030771557681402896,0.020160621516348603,0.0172553389664912,0.013496749477034786,0.0006498389922913069,0.0018280301291127474,9.975865625330127e-05,0.0008175781643614101,0.7999999999999998,0.0010200002342257864,0.004418810023247373,0.0006005636528005812,0.0010386592006599374,0.00015012904487420191,0.00043362438952068005,0.0018396588613512211,0.0011883233737680144,0.0003314839419327035,0.00016873978825372688,0.003843068714395571,2.573053713650033e-05,0.00023396575601577775,0.0010383795209437602,0.00011099821303327614,0.0012479983033708902,0.02412235274958433,8.330740553277607e-05,0.0012404052325686891,0.0032836387778302618,0.006799779066191445,0.00010818692574989883,0.005861203074380737,1.631555853249085e-05,0.00016678635566382715,0.0009781200820580614,0.003229235766291163,0.0025808522627357037,0.001992131824861897,2.112543383669675e-05,3.052254910897539e-05,0.00010351532044850133,0.0001279033065942764,3.970433791095051e-05,0.00035554480303987907,0.0003642062240604289,0.0001286457745643264,3.5173237673800444e-05,6.552879512995084e-05,0.0006507742976962331,0.00036054321362420357,0.01611566361213893,9.255928623090118e-05,0.0007016724182624585,5.698719284662573e-05,0.05201708078397958,0.00010739565757235137,0.0016248050039547434,0.00021276172443150272,0.0019079826071794737
22029,0.0010278590310427661,0.0010963438112765172,0.0015430841845105988,0.0007268001338266399,0.014474939201115936,0.0007950863161882265,0.0007221778519735186,0.0019493766012323225,0.002883108484816286,0.0029846498199494484,0.0028400123332906805,0.0002656594011431649,0.05636714529580345,0.0004989755328722044,0.8,0.000608587082890788,0.004324230390387037,0.002598970947033768,0.0015081941178097706,0.0015943605391019321,0.008339141094128201,0.004685692648384461,0.001066332101088088,0.0010109229667728946,0.002252209579633624,0.0011295072662729814,0.0009447299250551254,0.00336988752793654,0.0008486822932067343,0.004654912699510482,0.0012287497344729299,0.0019211130312616616,0.003024307328755829,0.002302560322610071,0.001507248128705127,0.0035105040230421413,0.004800118040865887,0.00035857017787193767,0.0022987358807222674,0.004919313598002347,0.0005542293926377697,0.003702138904034096,0.00045457876521144306,0.0005420117316306369,0.0006901423046034749,0.0010548708730235279,0.0006600043280728783,0.0004998107447399043,0.0020128667479219634,0.0012498821016189408,0.0012002338888921825,0.0018374312843688133,0.001649147235229061,0.013178276158597055,0.0006922467362368605,0.00239862991151519,0.0009565441534736506,0.001258611639752312,0.0009299735529289038,0.0007151521500280003,0.0009957616691957623,0.0018801955501608252,0.005858796498435721,0.002045664233126582
22031,0.0005764470956236125,0.0009546758166997848,0.00015284099583440952,6.69364211563261e-05,0.001385166903411557,0.0014528456727058551,0.005405633902977619,0.013277117219874962,0.05705841625953743,0.001069814307222631,0.0010460676020044401,0.00035832308551721285,0.0008536294663255261,0.003072337233767879,0.000843333680842481,0.8,0.00033002501266437645,0.00036852497487132907,0.00015459680209457753,0.000549803549215466,0.000848060694714192,0.001995577430105728,0.00024442617428032705,0.00011121497321637684,0.0019936164476500877,6.343993809629205e-05,0.0007100155466998468,0.0011359085049182103,0.00010657784531390877,0.001469625666159839,0.004082939478249573,0.0002331274043365179,0.0005801063879902876,0.0009145729603900341,0.018960796722802334,9.697025404725861e-05,0.002540202540992853,1.7714211856316036e-05,0.00027992960895691164,0.0029941968931943867,0.02545524111064774,0.0008427098154857919,0.02757923155048342,5.753554117226428e-05,7.041120694556717e-05,9.693341533582659e-05,8.952602672744248e-05,8.066154640731732e-05,0.0005315442512703548,0.0004339659694332442,0.0002479953108301592,0.0003884131510289415,0.0002765531654230506,0.00048060622646157195,0.00042681490767513305,0.0015509431570177494,0.00017965658398000296,0.002206178647430873,0.00011650151221770892,0.007303358007895553,0.00013469097405585222,0.0005175962458682886,0.0003101157796366871,0.002267260210250638
22033,0.0017602158084329706,0.0007244449266715093,0.023458020493985748,0.002746171086990995,0.0011630436265269047,0.00062343483291571,0.0001684603437771475,0.0006563177539442591,0.00141353005685117,0.0023650859282745872,0.0003409747136444531,0.00030006714116840986,0.0005641650416034203,0.00013190308218349403,0.0008092316912094936,0.00021741965594008401,0.8,0.0001812961794171182,0.015190335487819267,0.0013083912292562849,0.0004515796631842464,0.0005239094343513968,0.001954807111168104,0.009197330945208316,0.0002647876003377524,0.006517001388901324,0.0008346978010143642,0.004841572481046086,0.003230456307315667,0.0005029975687575596,0.00037143451811036366,0.0376780828627035,0.00030520345211131495,0.00031451122363917615,0.00035794723975789003,0.004871229888263438,0.0012797304989299856,0.0008738318524216457,0.004242437273808503,0.00197268972481382,0.00015066297000703038,0.0003419559975106954,0.00024875497712408895,0.0011439940359950535,0.0025584843954068763,0.006387356496371245,0.002409680824721692,0.002809093937287442,0.002425911653359883,0.0027764133915923043,0.0023755700939639547,0.004824070833637033,0.005309920756406109,0.00045472886892279196,0.0023896249439888232,0.0002480815280385529,0.0014321551369315913,0.0007791485754246577,0.0017283007770725906,0.00026416688659727496,0.021036757463288234,0.00021166284074669085,0.002673854897436239,0.00031089980171161664
22035,0.00015916548831382713,0.00020735407851620282,0.00043574924249398635,0.00012368891818940168,0.0019407110956718592,0.00038604866479038566,0.0007346440609003599,0.00131683619783894,0.002663299689849941,0.0012618996796670446,0.0027356347803247343,6.318006152325085e-05,0.0018934343301081865,0.0010687515973525701,0.0018633253256799863,0.0005196539814044376,0.0007458300046411211,0.7999999999999998,0.0004691560085533813,0.0009819188237187298,0.007219397741353628,0.0011610609143308268,0.00012809825361840174,0.00044344050339938654,0.001182043606101666,0.00010530437352277642,0.0003574240549154104,0.0008664940657503032,0.0007893555226692272,0.0016359867715776584,0.00178554525124531,0.00027718237557065374,0.03245502514497248,0.007004987300878677,0.0009675079143931741,0.0008114881801664775,0.010896786746041345,6.986461824397595e-05,0.0005996170689110886,0.0010278041541295,0.0004819252723179315,0.016208717769923702,0.0004970795676509372,0.00032962666526400997,0.00011240568699050152,0.0004192753404854806,0.00013816634571232688,0.0006123216242053943,0.0007137018352555207,0.0006500277191483449,9.408758294770126e-05,0.0011200777854957623,0.00098715128995298,0.003939463424342636,0.0003091679171659347,0.003252056135370902,0.00011586335379705158,0.00046749176881851184,0.0005712225752680133,0.0012750181392994088,0.0002658326779524786,0.07668398588059452,0.0005103002351998819,0.0008903368155096621
22037,0.0010087926620841441,0.0005671613105605904,0.004375734977670842,0.0011677098145804457,0.002109149721152598,0.0003362458539829872,0.00017784063152973125,0.00058880861455246,0.0008451342794323894,0.001387624103402734,0.0005233175510215149,0.00021384865404290305,0.0009840890524127253,0.00012834744998230555,0.0015622075564058094,0.00012335343526605547,0.0666791063497612,0.00024060153981170343,0.8000000000000002,0.001137128506715296,0.0005565592947587868,0.0014464490585305379,0.0012618192301837013,0.0027171746314171488,0.00026757610470833255,0.0018112461052843078,0.00047490288473211057,0.0018248259957627895,0.0012476492872599196,0.0006312005266535591,0.0003931875058527028,0.010032359034288153,0.00044939442861391014,0.0003453977499975197,0.0003482616198059911,0.001584196748761761,0.0006975976405113043,0.000501253862025911,0.004075538287566721,0.005460994480993504,0.00015106512274632716,0.0003420153647031799,0.0002647307251806399,0.000667014816969342,0.0009441102685467709,0.023427194289744917,0.0012799534297767258,0.0011670077426375706,0.0015598347305461203,0.0016598678823438718,0.0010955010425882166,0.0018526306714645223,0.0060135005031147605,0.0008122821431325905,0.0009556351300784932,0.00026183048095218986,0.0012436467898147732,0.0004542172536332749,0.0014098522159888035,0.00015510781422585962,0.0038226656193255017,0.00024964603553953227,0.029458711612976134,0.00046819177189277145
22039,0.014434995874939604,0.01823573139137223,0.0012955790930486784,0.00078289983728557,0.011838738990977036,0.0031100831907668034,0.0003487966245874919,0.0008588644941320082,0.0014335818412101774,0.00507908894809714,0.0006387618331204579,0.0011506876574525005,0.0014481540340648324,0.0003132711061338261,0.0014050948305100069,0.0004240313128459778,0.003906554611486495,0.00022066251149680153,0.0014207957292905703,0.8,0.000516169992809331,0.0023112825567184964,0.004115340458957153,0.0016534587961994317,0.0005221482996043427,0.0010741696091946945,0.003599208321780154,0.012206007548872785,0.0010289155840211724,0.0013836364229767102,0.00045909272983229,0.0013851281121772644,0.00031349623618960295,0.00022683204944321504,0.0009707463020308209,0.0008743758728185084,0.0010110474066694223,0.00024937277345736357,0.0029956397071990073,0.019403811613622174,0.00043152173373273156,0.0003697168729781538,0.000852368623973694,0.0003808243626253003,0.0004604919748305399,0.000787060115402143,0.0005588193775954183,0.0006073061859630403,0.04702521815216839,0.003774750122513543,0.002658243050509164,0.0014181494488681404,0.0012837066241190094,0.0004467242127997819,0.000925955208101236,0.00027275058348275234,0.004535035865028131,0.003047136295906601,0.0008652028446773718,0.0005014794002729619,0.0012418025211108268,0.0002254099889018516,0.0016027421151297554,0.0010813300119172687
22041,0.0006138373423488231,0.0004481393539962051,0.0009242484976240909,0.0003024812885898002,0.003463930308314065,0.00047420741107420065,0.001195234463955608,0.002061819218443448,0.0030702218780385756,0.001485422550795651,0.011249339982063952,0.00018257875568095062,0.01963167307097166,0.0012503188663353015,0.0059609808494800595,0.0006362113398245758,0.0024297543600852144,0.0027935941171478053,0.0007461509582220827,0.0006973625680195794,0.8,0.002243246061925051,0.00047289227362049815,0.0006268157502257233,0.003376623580736238,0.0009092401447850609,0.0003553404910313761,0.0014673825265704803,0.0005024267443274186,0.00366211660917988,0.0029329895516404902,0.0008733687133625449,0.01714996442631467,0.006887666760483932,0.0019868284943800395,0.0009060330666100357,0.019004583346974774,7.204746483965122e-05,0.000819469307203179,0.0021550166638880444,0.0007341684585336349,0.036831390500842894,0.000814118066127274,0.0002944084573811226,0.00026061980689632446,0.0005338621482626316,0.00017241765282050294,0.0002977020285004001,0.0009533535521602963,0.0004265867379518523,0.000403826792314597,0.0006982292446908921,0.0008292871958701443,0.014792647189486738,0.0006259439800828158,0.003445855514487832,0.0005966577277105453,0.0008785526133466226,0.0004815705028137257,0.0014841199575491657,0.0004447679239441801,0.004407854531301951,0.0008946783390497102,0.0026758219187633736
22043,0.0011559443711945832,0.0017759033980376568,0.00037520579631444427,0.00048554601214319596,0.004209607356921885,0.00171151607588948,0.0012795800081927984,0.0018039363672865307,0.007981348550909893,0.0013323662515749607,0.0029808052218117773,0.0004750450457265712,0.0030410950808760035,0.0007919594283014144,0.0025463781210388198,0.002608302224423582,0.0014608898051736746,0.00047142648398834603,0.0005606089647281854,0.0015746665778184662,0.0013203188350341994,0.7999999999999998,0.0004851570115462713,0.00038226829187990713,0.002384382427552993,0.00044886544700320746,0.0009374328284496543,0.0014577610931818504,0.000382365849795044,0.026902913103523548,0.0036380779480571866,0.000501394894803059,0.0006455731664671245,0.0013948959453124869,0.012333134418126647,0.00026720360877040457,0.0019486634139414963,6.340677488732619e-05,0.0007359307944157388,0.06423673142013214,0.001607202784264767,0.0012883177834478608,0.0028403861420829494,7.90316217356515e-05,0.0001236718754144773,0.0003501645541784316,0.0001886919542660035,0.00024780346347281693,0.0021552952256199123,0.0005571276877456104,0.00021688647659080408,0.00011644171984282718,0.00031488118287319324,0.0009478807004452301,0.00029137958987143,0.001063102534822319,0.0005442315606871724,0.002760769196145574,0.00015951704032420299,0.0008023147637047145,0.00047160564289673384,0.000520182892520147,0.0008638658659600663,0.02240063932585446
22045,0.005741861709109057,0.001285215123294353,0.002292769863753543,0.00374824422886984,0.0012093992745133137,0.001048081326458213,0.0001801087321564582,0.0006184595633670301,0.001237168689452059,0.002620192939478048,0.0002571836368793888,0.0008401457628179513,0.00047032772114552696,0.00013759973430620755,0.000560546120640074,0.00018344355222306153,0.004205371494047567,0.00012561888917120086,0.0013701971768447464,0.002639303539813954,0.00029214082922476327,0.000517647864388795,0.8,0.005778306460060022,0.00021110221705809463,0.0023833434977197886,0.001884869350587708,0.03259448177803337,0.0032311501316388573,0.00043131191482678716,0.0002677076068079291,0.0019628492920480095,0.0001839688510874909,0.0002733792706121216,0.0003834802128193418,0.0015923154164747347,0.0009104670425670974,0.0006529359927956657,0.0021773100297231298,0.0020885393178013906,0.00014439945578495554,0.0002930515520698404,0.00027586075466697383,0.0006689128989483377,0.0011432649071736276,0.000940694495802557,0.0014019779061441428,0.0013676229398022616,0.005386547063060856,0.031039340372481464,0.029554367214163938,0.001982824791425666,0.0016578256523336343,0.00029129206385942845,0.003836302570653844,0.00022256683536546105,0.025418494029508066,0.001045302108731803,0.0007223634056061426,0.00023035489423995354,0.0020028215802125595,0.0001221704773229758,0.0013539229409458388,0.00030917293507894936
22047,0.0013682773102135994,0.0007330671664311343,0.025685248895061057,0.007329879701322124,0.0009240800415168096,0.0005775655419283168,0.0001065946164105774,0.00022304706053162453,0.0005306389431246701,0.0018222773093365652,0.00026316829061236375,0.0003996482216032923,0.000460925643634542,9.4876507714461e-05,0.0006695237622533392,0.00010421771650798614,0.03634230004783493,0.00014465958266243682,0.0025982488159873966,0.001181081366890353,0.00027376873809678895,0.0003569307043362984,0.006866834114570719,0.8,0.00019676357139783836,0.002610529184695224,0.0008752120233775718,0.003090931000275773,0.0034400215506511156,0.00041642216396420886,0.00019085492757996391,0.010579806093630609,0.00021372612856113797,0.00022963414589298207,0.00020057988111471273,0.0020178036528400614,0.0006162813430055884,0.0007023769292234892,0.009980350462715604,0.0013503155919901099,0.00010264082788241856,0.00023339172670428085,0.00016027141526551208,0.0009337263232681544,0.002136975991917416,0.0018100334809097226,0.0025224117615849067,0.002443098464405721,0.002260059640802062,0.020165641796321316,0.002692086082501216,0.002009313273052729,0.003550037937825093,0.0003449774854223063,0.0022548157843386785,0.000243592883230358,0.0019491033140237929,0.000678532661504155,0.0009427821936246222,0.00012117519693903712,0.02433867076478827,0.00013510864210403668,0.0019363532622135584,0.00026673033987323135
22049,0.0004098097457391988,0.0006104474170540267,0.0003634201827352445,0.00016823817662472382,0.001827465119079876,0.0005882176937526263,0.032082144796892864,0.0029123804289749953,0.004600745865618563,0.001179808624916349,0.007991015730733946,0.00022656481672552468,0.0016808100345874813,0.0035418773490486547,0.0016931148421753385,0.00237638563783343,0.0010633003637295759,0.0011828322273580456,0.00026564247044997885,0.00045387690211330656,0.002691194780131035,0.0030583168680575045,0.00022204253858542464,0.00023330248368179975,0.8,0.000367982238312041,0.0006420292273128664,0.0005274413157019683,0.00012961738932519828,0.002511993301780654,0.035321755189984164,0.0003898177937158199,0.001125147953714352,0.003179455507089271,0.005025906294585632,4.3040843716500624e-05,0.023508132269136707,2.8760634975000415e-05,0.00037998121989627685,0.0023973278417285023,0.00266121086901341,0.003534347746726912,0.002167122851736156,3.701118530472554e-05,5.424289974095078e-05,0.00017961319122112757,7.911501079250113e-05,0.0001512318056253486,0.0005699156964784975,0.00044164908128849564,0.00016087972645169874,6.0230110109200875e-05,0.0001944807589761242,0.0011782551904261026,0.00036890832499814096,0.005507118217985082,0.00015831251506965226,0.0008862935241737555,9.412236494472635e-05,0.0031553659586423055,0.0002733281414365753,0.0016920235343028385,0.0005419448058726757,0.02885193237110852
22051,0.0007107248630377412,0.00024844631154681947,0.0035309033410771294,0.0019705870399209366,0.00041301163327532803,0.00021944326990679732,6.544240752332557e-05,0.0003489588709071493,0.0007369648499247576,0.0009355130783461552,0.00011653608395099257,0.00013108052906707216,0.00021531774138705195,6.930437903492515e-05,0.0003079314798439928,8.531020910580148e-05,0.006761937424980023,9.478134787714663e-05,0.0010492781750313558,0.0004684981761490308,0.00016669768820331288,0.00018872316911595558,0.0010773626922944797,0.001462255905900633,9.557831016565897e-05,0.8,0.00032004861399792447,0.0020930681024190164,0.021041595508946142,0.00018515523958619035,0.00017173755790839452,0.0036438638899366277,0.00014265269624512593,0.00012410663431848039,0.000157630975377374,0.0491177852795792,0.0005423667012389368,0.020832027536276446,0.0008582184624343825,0.0007012488011564824,5.877885495151896e-05,0.00014927441416827565,0.00012052189251223397,0.008008536655971735,0.020995412251456253,0.0013107717168801207,0.003135970844232512,0.009127140952835006,0.000948391481454407,0.0009031824228604889,0.0014426166296270134,0.015601424035534958,0.005355120907969995,0.00020853871089344389,0.004329332387304898,0.00011146927673705521,0.0007068458977772994,0.00030410560639493724,0.0033356960581205366,0.00012634488065563516,0.0014415233676256702,8.889500512075017e-05,0.000679067409776269,0.00010894336214465554
22053,0.042593736746613806,0.018164259870952795,0.0011421567320299524,0.0007799090336888827,0.0019381993181893076,0.005997169147499436,0.0003206606765583326,0.0010150272497128185,0.0012265178032601367,0.037058848057809624,0.0004543838776696188,0.008692972224371159,0.0006109840495456961,0.00020922433302475593,0.0006959334932357844,0.000553074108531526,0.002466824801235312,0.00011319704572021094,0.0007914125560590264,0.00590303823489767,0.0003690327745735924,0.0011558869508699191,0.0043182104819424775,0.0009751393026839607,0.00039421650289064283,0.0012353371584564526,0.7999999999999998,0.011529597573954416,0.0012303280511207812,0.0007118421651642319,0.00038925508655122064,0.0012116341343076,0.00036563304124560467,0.00031510830939974463,0.0007571896041197167,0.001126293380488473,0.0015021814337579991,0.00025366820475624085,0.0012097106005410482,0.0030992681475832673,0.0003585141184853552,0.0003164343620402011,0.0006739296009613033,0.00026782016903401605,0.000554795959032401,0.00042954959878022483,0.0004881886576276756,0.0003834421802409241,0.007914554637677417,0.0028680361656438355,0.0017090907980173132,0.0007657773535053813,0.0008406353685339886,0.0003359276753516828,0.0011101250963411078,0.0004735837090152935,0.010976011663377642,0.0031819236979540476,0.0003284355818993855,0.00028371804847062554,0.000966858517707026,0.00020331052586419011,0.0009333265483507914,0.0007589477010748538
22055,0.02270465061568329,0.0018795002158733967,0.0023386973113877878,0.001508491901230813,0.0015325525326061141,0.0015569605577618903,0.0002271356787876425,0.0007405914783407128,0.0015925320866994053,0.004067438507886865,0.00035536949598966543,0.0012665879773990933,0.0005449111792484584,0.00017216865623860764,0.0006892432043570007,0.00028787695636759016,0.006258870818588003,0.00014536208734644787,0.0013604701078992324,0.003873756513831103,0.0003913180329039657,0.0007152571737577868,0.01469020726550388,0.0021280755011465493,0.0003247701221062605,0.003124574699872927,0.0035147129595279746,0.8,0.002013771526871502,0.0005498701075397226,0.0004179418397031244,0.0023329551654209107,0.0002085878358152649,0.00027778845221356315,0.0005299833932641205,0.0019985660865256584,0.0012199854129119041,0.00045817691705443914,0.00215935061955171,0.0030166554200957065,0.0002485865886849156,0.00030370260028499824,0.0004197278312751881,0.000545649892720114,0.0008802660859316385,0.0007949938800627471,0.0010229749823453022,0.0010057775304687666,0.022415691393258965,0.03413787940255986,0.003965798736033771,0.0022185034293111727,0.001583013256541367,0.00030780536395854817,0.0025298604885849434,0.0002529538423508265,0.027829044869022396,0.0014459455954854998,0.0006891589959326729,0.00033206252249596364,0.0018824938112721671,0.00017457382373826965,0.0014122366571796873,0.000425582005190114
22057,0.001805368669419805,0.00042824255842636115,0.004216698932574301,0.011996495157432977,0.0005563552909531962,0.00036822313540322676,5.5609264711109067e-05,0.00030591610878934276,0.0004653301662890527,0.0013642416379315379,0.00014044471564264357,0.00024419430439095893,0.00022197260656055034,5.80151106121628e-05,0.00035091763647545195,6.936053897461305e-05,0.00539515184854859,0.00010479955746101248,0.0010653934191212262,0.0008997942248369918,0.00022017692450136946,0.00025555323701651443,0.00300633813735062,0.0019708923441300527,0.0001728836843399132,0.024790185329711847,0.0004939197181217927,0.004334547724992068,0.8000000000000002,0.0002327692074092864,0.00013556332072280444,0.0037545995700510857,0.00013317556351286847,0.0001694954281330576,0.0001327071262612767,0.006075802384239311,0.0007214914314857941,0.002940215662048687,0.0009904652300787029,0.0009478532374720055,5.433330586726463e-05,0.00015351684165311583,8.644599903162335e-05,0.003208222534427387,0.012795293544841265,0.0011740308005990998,0.00935312082632988,0.006942705378605526,0.0017678109188540522,0.003012865539741997,0.005881664038603719,0.005620752033141271,0.0033221398394816058,0.00016812449405247186,0.057603707294504654,0.00013011031633275436,0.002223883526105505,0.00047356458922930835,0.001666414018056977,9.469570815480814e-05,0.0015977325727559862,0.00014323613335555453,0.0007596224226222135,0.000174847177517805
22059,0.0009466215953103979,0.0011148531335816352,0.0009658266051697998,0.0002665164669448746,0.005929398557997431,0.0012397237725185794,0.0013320054201974637,0.0018444549764396435,0.002042318407338473,0.0010815650308386923,0.01724704027896607,0.0002856270697675499,0.02822542887876484,0.0009655869078185828,0.006712068960406138,0.0010185671510889445,0.0013864415136286034,0.0007690954865145733,0.0006630150764813107,0.0011871374518852456,0.0032648908432767417,0.02945416549636078,0.0009442485410216042,0.0006187409090686115,0.0036526488784412066,0.00039598302037592814,0.0009135608404094677,0.0017838035117270473,0.00035894645568700735,0.8,0.003182546010152349,0.0005593166778655903,0.0012146999103436664,0.0019834075246893987,0.0030927302308543306,0.0004837986548844452,0.006434265080464527,0.00026019290841148543,0.0008455585197232043,0.026049706816898926,0.0011360565092112293,0.0026746300370776364,0.0017533563276575295,0.00028017582183716074,0.0003247104402609114,0.0005315658205398492,0.0002466274202654493,0.0003658047303836621,0.0011654392695238016,0.0009428821705850932,0.0005263439131073006,0.0008987479599802393,0.000843677200429832,0.0024622206033558616,0.0005875124850280375,0.002085551546498616,0.0008660725608252872,0.0013798640042715707,0.0004976437927718548,0.001000058144961849,0.000626230796641921,0.0011592276875028468,0.0010070189594981367,0.01592207822546911
22061,0.00039217222938289976,0.0006260905427367125,0.0005975083618417812,0.00014134465686802791,0.0012868792482123692,0.0007257635411861152,0.016340242065762713,0.006774514402355336,0.007206392983964143,0.0018337671035573134,0.002750066196250631,0.00018220152812670347,0.0014971669664906018,0.018819094068995415,0.0012755774768663328,0.0023938745614891246,0.0019734672264385502,0.0012696688215013564,0.0002764810027574713,0.00047148330919992497,0.002744440421935347,0.002193470082786801,0.0003263637251348823,0.0002288744584204546,0.028405601554568522,0.000697254751389743,0.0004579620038068016,0.0012290053347794637,0.00027084294344694,0.0018595867493877486,0.8,0.000608344389153123,0.0027103248336723357,0.004550869601178846,0.003306627784587144,0.0005610784551024728,0.027740196892509516,8.46280311964212e-05,0.0002695604093347042,0.002166939057134314,0.002029869840470565,0.00354455341479099,0.0016639929973257836,0.0001283108383947197,0.0001659621896967872,0.00019865066692866177,0.00013608557398912783,0.000191303487018421,0.0005753111080964372,0.0003949783008271752,0.00029350193152121536,0.0008212654712108711,0.00043713213503499373,0.0011054980025169943,0.0002929452994492323,0.02888383317259329,0.00028892929518809787,0.0009430069773270599,0.00019260469857507908,0.004350415257638088,0.00026073699338740507,0.0017122249878995563,0.0003989189581701735,0.0037442406284401227
22063,0.0013016533201641067,0.0005168573967999298,0.022391783804396454,0.0022518255770571627,0.0009044459200973102,0.0004771908201697642,0.00010218975237285112,0.00048583545917457385,0.0009757010503497719,0.0016538622764379475,0.00028195796925654113,0.00023867798591501515,0.0005228029417452571,8.253863756651314e-05,0.0007235729863722472,0.00014568515122230041,0.05182674031042898,0.00016134973899270208,0.003375032339991407,0.0008388495833087457,0.00042612880531440377,0.00040184506985609174,0.0016887000376233131,0.003427254578730107,0.00019749296800573916,0.006680663046458588,0.0006030936248562421,0.003431804686434554,0.0033686814041742866,0.0004012477762037052,0.00022175831612336345,0.8,0.00029708406450522845,0.00022976492395560121,0.0002497482555391892,0.0028959079288709863,0.0007767257601565496,0.0010487500284707741,0.002498273366650612,0.0013652313060275897,0.00013098000837166368,0.0002922826180153275,0.00021460050589517594,0.0014423950396762765,0.002357691946860521,0.012467337770102165,0.0025628942897945304,0.008114320341716429,0.0017488765597700844,0.0023254243561151,0.0022065053406209144,0.0060680355362024785,0.027198881587365453,0.0004519000504573942,0.0023919137895802873,0.0001762872893949759,0.0011895834820093833,0.0005372079137452388,0.0024756287020927773,0.00013368649211106286,0.003812174407713345,0.00015019203900958926,0.001800548760904274,0.00028194220269902735
22065,0.000562344063011253,0.0004977947119993956,0.0003973838778660126,0.00028988106771003595,0.001749587787017685,0.00029999068833793605,0.0007686523371453433,0.0013521073938710289,0.004648111187651391,0.0014931685643410752,0.0035023359603394877,8.217638416497629e-05,0.002333081332724987,0.0014455710170092674,0.0037751862952120864,0.0008407744146254201,0.0017725388575931796,0.030312940013867248,0.0008924894132166266,0.0005993241307165222,0.030654907327853913,0.0011722573997818876,0.0004102228720857942,0.0002941107746286296,0.0018095772063996668,0.0009510843399846346,0.0003924894364127939,0.0014913072861599684,0.00034740678458859323,0.0018860367044106802,0.0014571149874211921,0.0006192005838044225,0.7999999999999998,0.006132172622884925,0.0008738982729732578,0.0007198751042458184,0.016068315692501802,0.00020982805148835968,0.0005132850419181331,0.0012772169876099021,0.0006974180520242487,0.027895146615599307,0.0005073476362708706,0.0002424791231674602,0.0006165870547574353,0.0006966473352596173,0.00019347137489027802,0.00042730172682491936,0.0009099497990522214,0.0004814371972929453,0.00024828715566188527,0.0012756873676572026,0.0009621354070543972,0.02555821042201769,0.0002189584442148598,0.0026478088484211616,0.0001601913392078775,0.0005041382727914206,0.00043661366106930686,0.0005726988863877904,0.0004909861814765641,0.007347064584132982,0.0009499643104471027,0.001063722228745048
22067,0.00037542250549348847,0.0005453526377389491,0.0005741717787892741,8.189332665400125e-05,0.0013021326221649928,0.0005942106958014079,0.0016211741712481905,0.0032044993180847005,0.003438989952586536,0.0010413065332878883,0.003165860502680937,0.0002950939497834372,0.0015985118094393152,0.002407862559819801,0.0018123696889835838,0.000993990099192847,0.0023756754799203962,0.005834816523993922,0.000387214198055114,0.000632894279365867,0.004595839436749664,0.0012087979901409009,0.0004619080025517144,0.0002768268761225788,0.0029810422708835757,0.0006388743666847497,0.00017285907959579418,0.00170806930806378,0.000677967303368542,0.001744842095669392,0.004655976262238664,0.0008839748510413781,0.00391457465196923,0.8,0.002055589805685386,5.503904045407584e-05,0.06097796945165855,3.625695063302556e-05,0.00040336882750840574,0.0016594309556335059,0.0009914860485669562,0.022886697974025223,0.0008132522638959362,9.310398480339296e-05,0.00024225452651239487,0.00023356925831197856,0.0002629942312800702,0.00021541456359385288,0.0008023290473668772,0.00028135499181080394,0.00024637479589271994,0.0004906717285703064,0.0005537150151816074,0.0022719345437997997,0.000494042585974073,0.019556675022784877,0.0003715810050524299,0.0005361603872836159,0.0001995358856701446,0.0015525257298734556,0.00036198228468917166,0.023078159978629664,0.0005028838760293323,0.0015686501106636982
22069,0.0010201653120263244,0.001928344084821465,0.0004387180535948212,0.00034786700192570235,0.0036592352674070737,0.0027753694568194865,0.008206112166872979,0.005663654905881144,0.009710512538917498,0.0019618614525328776,0.0016587727213300944,0.0005128188810085149,0.001515395157381717,0.0017857623483755656,0.0013132856054027988,0.009370440582919307,0.0016553452722229208,0.0005213775332003074,0.00041793932154349104,0.0010391442373441928,0.001425792269501123,0.010724893020952711,0.0005082857183604998,0.00035273139372533755,0.0023285530082577744,0.0014048448780489267,0.0013104018460446233,0.0020861095828605164,0.0005106503313339521,0.0021322889561228233,0.0035362848637667177,0.000497132520653142,0.0006746487663378522,0.0011508877089604014,0.8,0.0023488089426483222,0.003671030071156074,5.421668252664828e-05,0.00048085722383987194,0.02283393695792255,0.017691107561810675,0.0011069551566459934,0.02382591318988922,0.00018335324556281005,0.0003087922150436243,0.00022557971674477326,0.0003047064981392793,0.0003688684223798702,0.0011423611089470963,0.0006188732190457988,0.000571657726210378,0.0008885478507783347,0.000725546826810035,0.0006082117683657514,0.0005295942482096747,0.00177015083020457,0.0006088339229114211,0.010276573910569747,0.00016566470157401735,0.0029429470905572614,0.0003988625751216132,0.0007523251721201907,0.0005201644961908751,0.01992993190161879
22071,0.000534671419523987,0.0002211557701188279,0.002831584572633017,0.0017648951655460734,0.00033505956638154444,0.00018689589426429244,5.918653010841078e-05,0.0002793999046424688,0.0005812396402494068,0.0006307068848966433,0.00010908342012440144,0.00010920313115677644,0.00020005082000423765,5.995798529656131e-05,0.0002866658064100088,8.25485272877486e-05,0.006025239108513549,8.710124775057115e-05,0.000980268297760438,0.000376478513697155,0.00014795947605977694,0.00015178872349933198,0.0009211450941364171,0.0013060213637363773,8.076297551600607e-05,0.06903352560206737,0.00023325248874992306,0.0013950995611586435,0.003862795836088921,0.00015019373095349198,0.00014932911151567193,0.002819853184712152,0.00012687288232276166,9.542961917468125e-05,0.000153259774195597,0.8,0.0003600942242020148,0.00875235895386685,0.0007703784949966601,0.0005408727401064971,4.697079153407562e-05,0.0001215149911515016,9.752823972675127e-05,0.03163335165204431,0.006706962681432922,0.0013236420445209725,0.002691611754515991,0.005215431248689778,0.0007354733348817497,0.0007445007458206548,0.0012444009372682713,0.02913289061291815,0.003951937412906867,0.00020014713852578762,0.002987971164692639,6.926628543732591e-05,0.0006194783064633731,0.0002151336951755178,0.0031688062841249967,0.00011476316422130092,0.0013297826649686176,8.009969841507105e-05,0.0006687721548066489,0.00010717695233142641
22073,0.0006249848163357788,0.0006015976301664612,0.0008134507738126226,0.00019367040213059844,0.0015288299602587228,0.000638697673768469,0.0027466388523557004,0.003966870430885116,0.006573488924371604,0.002715537758516364,0.01279693393251182,0.0001458222926903876,0.001956126129848534,0.002653500353833826,0.001907284724266915,0.0016925399465361024,0.003346036906231835,0.0023401707697116576,0.00041917440116335565,0.0006219328333177456,0.006515938840175208,0.002032731359921447,0.000529205748268258,0.0003176399761285388,0.013097385682099852,0.0010938975603938697,0.0005533801528321957,0.0018318937395789023,0.000534750440471559,0.0024617178667590725,0.015550448711080125,0.0009274214231722507,0.002801232152612592,0.029037087931082065,0.002684744874717749,0.001191204153473263,0.8,0.00015332851534678228,0.0004354922706389969,0.0025364435512332537,0.0013488988623756774,0.020264249004362585,0.0010688079333960221,0.00022113965668512164,0.0003798924216516449,0.00028087657272761495,0.00023885076493520606,0.0003561274627196409,0.0008229700633562368,0.0005435784973238578,0.0004917797365646887,0.0012138609104158603,0.0009055902302081534,0.001825887178801594,0.0006202583431498961,0.025374743083329553,0.00044781489306782433,0.0010816877283583396,0.00042924014229057993,0.0023414490571153214,0.000385211831823606,0.0035410949339154505,0.0005065549440862259,0.0027402012846396637
22075,0.0006057972307453104,0.0003866826257272944,0.002321064975859159,0.0018269207377469463,0.0004701841802290933,0.00035120463276609834,3.87590720061237e-05,0.00034732860373328536,0.0004864150396278319,0.0014428407459478312,0.00014990011034713788,0.00015359342604496072,0.00023868653533206622,8.593382898138261e-05,0.00041225589882691106,4.397943812147303e-05,0.002779243537655955,0.00010013207755128287,0.0008380346992807988,0.0002612009173780599,0.00014105491369463338,0.0002625864536025047,0.001503637928780789,0.0011111695595289227,0.00011037280171108739,0.06969099270459789,0.0004046979809863925,0.001750023705941583,0.006068244715153654,0.00022279682969607038,0.00011395458668221464,0.00244671461146578,0.00016548248419316307,0.0001367068379503671,9.997800462021005e-05,0.0231121825733681,0.0004793923792405241,0.8,0.0006878896193254741,0.0010916996599525154,4.143956881482772e-05,0.0001931859056314472,4.492466464810277e-05,0.03546491882671879,0.0061815104809044225,0.0011578875963256029,0.002610308473036924,0.0037980625534032903,0.0006890811932982659,0.0013028130131465894,0.00210326658377251,0.009284210689088567,0.003133513103661993,0.00021826673928226152,0.004930626148551589,5.548489429158009e-05,0.0009580881748240293,0.0005641729206987363,0.002308013075214858,0.00015386941814635267,0.0010023148275158781,0.00013139121434966485,0.0006203874662675503,0.00011252580400528521
22077,0.0024638870111933528,0.0010074299592934294,0.003603069555323679,0.0013970024014446848,0.01412737469142149,0.0007794357658775411,0.00024894801046210474,0.000683234412156256,0.0008200769519836474,0.0023802041956559996,0.0009883373609339968,0.00044269098746725735,0.001052391655773755,0.0001406805559411151,0.0026438669223264074,0.00010819842983057644,0.025357214145511998,0.000545559186500463,0.0038026269666773865,0.0035505633510976567,0.0008080479545748415,0.0012351296765243883,0.0029446161427032387,0.010514444634926217,0.0008455978140163332,0.0023868920691233354,0.0010872229563555701,0.005069154415538685,0.001344845449166016,0.0013159833020281524,0.0004034208578833964,0.005567044862302559,0.0007156233275754535,0.0006764611848097043,0.0004826396977498093,0.001413519273523383,0.0016688459098865318,0.0003842433739291434,0.8,0.004023889453180702,0.00022941721493761625,0.0008867047227788337,0.00020770041714895278,0.0004580349669050943,0.0010367467051997945,0.001925621021112446,0.0012088121802297188,0.0012317639226804972,0.017105253611187535,0.004759760165049354,0.0020640281818423314,0.0020731258967647387,0.0025748865465434457,0.0006214832986487966,0.0013608084036724046,0.0006977422722596929,0.001964398781667002,0.0006712477266113134,0.0008191326392318519,0.0002279169603613177,0.01761802742520654,0.0005797344960646516,0.029867720359839138,0.0007795172113866293
22079,0.002310798319881936,0.006727454605360131,0.0012144612732428364,0.00048671956441459583,0.024289995509247896,0.002777606712249707,0.001477100791871185,0.0024886843701248597,0.00456528391650472,0.004530945918267651,0.001542744022249436,0.000700183384493613,0.00259497677507078,0.000816644842533476,0.0025576600268510884,0.0021244963230328193,0.004296784077780544,0.00047553281240348875,0.0009118389840814803,0.010980875470462377,0.0012781642033629647,0.02843314219737711,0.0014480937833865769,0.000908812428386657,0.0012656005449039522,0.002093975270300884,0.0023917002013845567,0.004770268855799103,0.0008398228603583699,0.008577178671402874,0.0023234312517240435,0.0014874913868021295,0.000699377270634918,0.0009765997739544436,0.012408776977486208,0.0016892363586243145,0.0044365685098844004,0.0002462041851313532,0.0012595418851191864,0.8,0.0017361946408094263,0.0009344092611951768,0.002733994623489855,0.0003713430020054108,0.000545020202636376,0.0005554483243928282,0.0003977006403577782,0.0004942969677727765,0.00509178226338823,0.001359804454331709,0.0008495635345198551,0.001569978732418259,0.001068308452339204,0.0009457317866523076,0.0009248857049909562,0.0008657182389884174,0.0013290839357631209,0.015507557120606419,0.0005421593979339416,0.0011830181488837214,0.0008029258772705803,0.00051943328808896,0.0012541823603579281,0.0030126847246580313
22081,0.0005731510276341507,0.0007503517655168001,0.0004420547788504126,8.187143894087622e-05,0.0020250317021487793,0.001139745327823348,0.021247832670728627,0.015854212683523865,0.018247215908765282,0.0007210758085359168,0.0016990628890418207,0.0005106270866933747,0.0009944128308117179,0.002341181942129658,0.0005670758323180584,0.027907995059826655,0.0005717157914846786,0.00033234677929022997,0.00020313972550592803,0.0005503501661252832,0.0008450454638450518,0.0030224059540712193,0.0004119734751405732,0.00013840845410895207,0.003028612617799557,0.00045916817992230197,0.000865444053979122,0.0007465765570515202,0.0002130416639490062,0.0020355317634060065,0.002670890132975041,0.0002867069564609073,0.0005602653806809114,0.001060440786931947,0.047754387454073115,0.0003719774561227116,0.002917194902733713,0.00010740456298052414,0.000264452823408154,0.005609365858411587,0.8,0.0008972865406926915,0.009082550621285226,0.00019774343881733095,0.0002136800293270812,0.0002981580631265575,0.00015251570277951632,0.00022689024496495643,0.0005403415999815861,0.0003009733785318685,8.234713487687623e-05,0.0006353578394302575,0.00033696820605629707,0.000799887477398018,4.268869685832564e-05,0.0015359315799083541,0.0006203620861672794,0.0020635712990395177,0.00014578528948276618,0.006281447644721316,0.0002543867059790678,0.0004225727480505063,0.0003951037973499949,0.004343704161427159
22083,0.0004896249284470917,0.0004312031537249237,0.0006157284220021108,0.0001554985052239816,0.0015708984094779312,0.0004341088095085823,0.001176265109741114,0.001414791313684033,0.0022011992458318484,0.0011257184295354375,0.013078816958973626,8.73525167434263e-05,0.0030232413464459664,0.0012151427867438732,0.0025357277869244585,0.0005408976452824502,0.0015194727420870234,0.007526301193973243,0.0004730217658011364,0.0004334140484539151,0.038943396985226295,0.001901373110340286,0.00036103780263708124,0.0003151030286930676,0.0026523319163752053,0.0005491564860398392,0.00023561276457623713,0.0013773579109168878,0.0002177442785671205,0.002475424148282261,0.002599404129901696,0.0005325243710008673,0.015105007775140494,0.017569962361035207,0.0013836765990457233,0.0005114265415919594,0.036791148659405686,0.00016078955576094033,0.00046008357121179045,0.0012856657034709545,0.0008354802739326046,0.8,0.0006030316620309348,0.00021416593237557043,0.0003797970455938901,0.0004145071393980148,0.00023072738151846636,0.00019083002636516142,0.0007669670740410174,0.0003142348200038926,0.00027645752902422566,0.000808671473881294,0.0006868395552918162,0.0034474203332494186,0.0003185654415316099,0.004254866749523556,0.0004996797341113506,0.000593654980418789,0.0004362718916872573,0.0009863246097579742,0.0003020931599734588,0.015314478753822776,0.0006426005075345224,0.002005681107106612
22085,0.0010109726526078852,0.005104291302514722,0.00032122090013208475,0.0002436966552574736,0.002601503122482202,0.005911679643113873,0.0037160229316514494,0.005015483695545276,0.007235869994923754,0.003939666848408074,0.0012725148578215952,0.0007329723872491816,0.0014198425018790062,0.001807648209788392,0.0011364670039527669,0.025176752000253853,0.001250551342619472,0.0002807434352279894,0.00037015245609812574,0.0014701869871164624,0.0012803963727629386,0.0035664714835489586,0.0005102688828680225,0.0002057359531008784,0.0018997514164749,0.00022326562458175808,0.001802847734646131,0.003036919601227416,0.0002988464021438442,0.002135450743508417,0.0029799134502519376,0.0005042526292560671,0.0006340828208062942,0.0007394715193457612,0.04509571193106781,0.0001029882937077365,0.003401046924608706,8.963568251951129e-05,0.0004284024391122669,0.008661275291085829,0.004948841837041866,0.0007352226978947013,0.7999999999999998,3.8207815500750637e-05,6.256379752525104e-05,0.0002131401925821133,9.871833875222664e-05,8.042009807400135e-05,0.0014964934620946965,0.0007135589986565206,0.0004870557014062918,0.0003427657926252547,0.0003933315577428554,0.0005031162073052529,0.0004733078425429764,0.0011665026439781226,0.0006062872490800492,0.03298046808677785,0.00018441623785642262,0.0025368005913216727,0.00024348244771187904,0.0004477274363728368,0.0004002589428311316,0.003232337899056374
22087,0.00046970761896831636,0.0001513336773141489,0.003053467676398526,0.0017529840629276587,0.00029799894500484434,8.811546439947296e-05,2.7101199548900414e-05,8.341595971215023e-05,0.00017054500380580355,0.0004514846684064106,8.926271194487636e-05,8.911762815450136e-05,0.0001895599458146995,3.5444424013443505e-05,0.0003127370532508912,1.7017924436947937e-05,0.0036037666394499977,8.49857239442729e-05,0.0009312918942751187,0.0002553527650983721,0.0001299148766771486,0.00015422217186841715,0.0007844418322025643,0.0012115859115928128,7.986947337019442e-05,0.03146213639122405,0.00021074694829259304,0.0011277126200220995,0.0041755047640266215,0.00012174203624085186,6.870066722821927e-05,0.0027623043511780126,0.00011035397849127668,7.959992836644444e-05,9.954923740504134e-05,0.05273669805870098,0.0002807868398606601,0.03418848812957105,0.0007395123201383374,0.0003107372711413958,2.9426990377800446e-05,7.691470522780118e-05,3.209790467607549e-05,0.8,0.005771581099073505,0.0012115862287084937,0.0035102764999365606,0.005465585455846539,0.0004289121023564612,0.0007825740317215326,0.0012794879016876832,0.02467284922745738,0.004789492250321491,0.00018557952078335284,0.0030212230448867857,3.106475176090047e-05,0.0005885606882840615,0.00014999184533266032,0.003006999407514014,5.0723828152826665e-05,0.0011924293409128171,5.490022855030084e-05,0.0006168955500572459,6.154860190555094e-05
22089,0.0006259022167097794,0.0003187562068872702,0.007047206853163661,0.002663879684874421,0.00041587242714254184,0.000227571136098508,9.486452913761077e-05,0.00041163157667380965,0.0010768834820238783,0.0010312436432717619,0.00011885996963045951,0.00014860880303047087,0.0002257739272493829,9.574387351575899e-05,0.0004179780390113935,0.00011552922574405558,0.007023806759504832,0.00011357730175291413,0.0013322667974425253,0.0004256913327788608,0.00016286132649370388,0.00016290599675174294,0.0011479983795979415,0.0019228432848697134,8.936741453929192e-05,0.051075131952292095,0.00036246960521395683,0.0017806524716721414,0.023201783624790372,0.00016765754590299616,0.0002200872333089204,0.005526340092232148,0.00010619787291110149,0.00015250050227056316,0.0002029463317370545,0.01235213429256644,0.00047742626692341483,0.0031663870779420483,0.0010993073596980377,0.0008485360044742686,6.762331558883066e-05,0.00012979421399493936,0.00012309609344316898,0.00470264604529164,0.8,0.0014195945344661046,0.0064868293687673564,0.029463846833142376,0.0008880369120836754,0.0009830989718614283,0.0017017908172670914,0.00750783168647348,0.006894269024370137,0.00021341409973112176,0.005042998664938739,0.00011534074774736888,0.0007133391815830509,0.00035240416306667546,0.0021392556944612954,0.00020675016666311342,0.001574082513549857,0.00012224200202002206,0.0009020311458536537,9.250138180298413e-05
22091,0.0006149643038844519,0.0003309738509696803,0.0050539472571944945,0.001544556711886801,0.0009026251313703316,0.00028699250492689675,0.00010291812447975164,0.0003842386730495077,0.0006042582823641955,0.0007205005997083724,0.00034860784054010547,0.0001513228012145774,0.0006673897268589605,6.96358463404761e-05,0.000948554274893515,0.00028331824087833883,0.020038947519947593,0.00023821784616232878,0.02607906110664266,0.0006761418416839279,0.0005502718918071009,0.00046931266762347457,0.0009715293725937747,0.0021461170959314276,0.0002843130876341467,0.003041045475616765,0.0004173672553092238,0.0010239106278497427,0.0012686357849100716,0.0004612924805088823,0.000354471142093915,0.03251812096712401,0.0005128580586980503,0.00028273440446867164,0.00016359801526347756,0.002226441500173857,0.0005404486106352601,0.0007321599446179366,0.0024666388403004596,0.0012318375574527898,0.0001061238407312017,0.00029706395162330465,0.00010358749708780165,0.0009632080657078902,0.001602272028612377,0.8,0.001524518631461099,0.0017178059798167943,0.0009660257741900747,0.000999700147603333,0.0013754685057885076,0.006711751995934247,0.05521615456142787,0.0007094319603605362,0.0017069075020005146,0.00023346740401169588,0.000967411509906659,0.0004024073765199408,0.007889916546401636,0.0001714533284194199,0.0023853502165170314,0.00020093571235635317,0.0018094418405435787,0.00022931835736807863
22093,0.0006603228876746117,0.0003518277851445471,0.04389139765583055,0.017122120150164708,0.0005548714239211569,0.000247480172388874,6.0951893139004296e-05,0.00018509385651781603,0.0003116150368288169,0.0005824277336698117,0.00016354149860210916,0.00019424321287020625,0.0002653459797870073,2.6469527021175385e-05,0.00036724323228633715,6.596498532758277e-05,0.011149391069542146,8.802477470692969e-05,0.0016428141336414588,0.0007131318413102648,0.00016209880136640578,0.00018962694498483117,0.0011927527946957413,0.0035710362701701155,6.763955212495099e-05,0.00706899185210693,0.00040568008637579796,0.0013033079288950426,0.023033375766188913,0.00018724920646040274,0.0001033553958907867,0.008938089969909236,0.00013696486250468041,0.00016357823908869779,8.094995768965117e-05,0.004515561032192658,0.0003608253916053097,0.0017289522880803,0.0017746293646663548,0.0005268501933673372,4.9733196454625726e-05,9.487712823612638e-05,7.683959926637952e-05,0.0019556959881752638,0.007053998806627083,0.0016473014816118785,0.8,0.02928661960899404,0.0012104271761744516,0.0015414074626224244,0.0027157757475074202,0.004289929811683836,0.00447717239238345,0.0002183436333682032,0.004996862594856112,6.020257424415427e-05,0.0007327059587285209,0.0001907184906409914,0.0013306769454487976,7.883995125207969e-05,0.002580265748972904,6.023049922470088e-05,0.0010240139830354172,0.0001715664717518411
22095,0.0009480934693312502,0.0002956271246404244,0.014501204672457167,0.003456212158933031,0.000499073069936875,0.00032389747614459193,0.00010255795588933516,0.0001362004802363371,0.0004972385923922564,0.0012883940899827296,0.0001525002536724192,0.0001786311175759502,0.0002769503155347017,4.58625840580524e-05,0.00042775163662158767,7.88028247856792e-05,0.00845153100294626,7.409836102785116e-05,0.0014178366852826872,0.0006116200278272744,0.00017427460733079452,0.0002040678555519312,0.0013120930708106278,0.0023281775877340895,0.00011562200357215479,0.019614562359695574,0.00042731504349802685,0.002141100593674889,0.01131828386305612,0.00020408899431954502,0.00015216350063810833,0.01273763471226953,0.0001674151917526,0.00016095911597075846,0.00014479102642274143,0.008665830801804686,0.0006426129362450119,0.002333769634187536,0.0014426451482942857,0.0009705483414127179,4.362258347547569e-05,0.0001694319004694168,8.135002460911805e-05,0.003372872661519583,0.028107998949722816,0.0017758378839080346,0.023059724771309197,0.8000000000000002,0.001179475291270246,0.001722292644088444,0.002086419631350394,0.008524865870463366,0.018328810121322082,0.00024484930313846507,0.00509339391035388,0.00012563094053654673,0.0010029972325301677,0.0004270832098427551,0.002319179319790135,0.00010722840606126852,0.0018905024891017147,0.00010521539107014902,0.0010776716509835874,0.00013150552556497446
22097,0.026213018807239648,0.0030383193934550284,0.0018737483081582573,0.0011342449046892755,0.010982553319141225,0.0022981341450435287,0.00024407490617417264,0.0007074392070276719,0.0012913941808991186,0.004047308566502444,0.0004889204013677967,0.0009745682314225684,0.000961699518176051,0.00016236920972467005,0.0014936446825395831,0.0002929557036685868,0.004771594615566282,0.00014361060807282415,0.0015674055085030485,0.027605420852739013,0.0004628788898256906,0.0012553480881615584,0.005142734592051902,0.002039928359363945,0.0003901537817066396,0.001613660311738703,0.003741463610044454,0.029443828928145736,0.001254998097873548,0.000858532128250364,0.0003579484774261555,0.001707527516170021,0.00028443418868459244,0.0003290725023064272,0.0006043095074885868,0.0010875529427651941,0.001334848030026953,0.00026773989916189367,0.011559092525044504,0.00409292247447861,0.0003427826172602697,0.00033105814506539016,0.000511793467824962,0.0003574667174793363,0.0006378870636625229,0.0010754717161490547,0.0008101812330290106,0.0007012443717215796,0.8,0.016463115823566143,0.0029881370855432124,0.0014758076457738667,0.0011020921111623025,0.0004224492330780266,0.0014952143663244416,0.0002885510028905574,0.005482537471746834,0.002219973359579044,0.0005011715868783739,0.00028236058773450446,0.0016935272061195362,0.0002207615966933137,0.0017315886113139954,0.0007434270585774435
22099,0.006877064236138371,0.001434455887931188,0.0020454524912013623,0.008055536365422096,0.0014173727670735326,0.0009259729719571539,0.00023555990114320838,0.0006295044499102569,0.0011546801816189607,0.002169714968427543,0.00030818973601823177,0.0007572967676221905,0.0005593099460285125,9.333521933547757e-05,0.0006585922841358407,0.00024218709690175945,0.0038545861540715026,0.00015470685036718008,0.001415763713779259,0.0028935967814237976,0.00027085815519665556,0.0005958643071104137,0.030830438919711864,0.012586859427781904,0.00023474816538658145,0.0014909580260701644,0.0020491732087466125,0.047191778127354825,0.0021103457500372628,0.0005324527362139125,0.000334663618896614,0.002031904647385244,0.00017957491685365409,0.00012129201779627805,0.00043081473390281364,0.0010554075738900923,0.0008180729552948645,0.0003926322496581846,0.003171492979001089,0.0017829086958376452,0.00020976915845950556,0.00027447208059653406,0.00031949718619165933,0.0005467213921883916,0.0010012592832864067,0.0009565568756082228,0.001124244782412424,0.0010542008759276543,0.017255854809730173,0.8,0.012312921235915193,0.0014156075198857134,0.0012590551482021437,0.00031042079251535586,0.0025427780928986353,0.00029400455023278777,0.009117401713361856,0.0010921922581953172,0.0005231766703704657,0.00027330251801731243,0.002031297258407464,9.98108803069522e-05,0.0015267533460931308,0.0003635815885625596
22101,0.004234362074726896,0.0007598255988531604,0.0032744175456624765,0.012516168779598002,0.0008375340732735867,0.0005634538645774815,8.06321284714678e-05,0.0002463157016752351,0.0003142863530845105,0.0018381911650606735,0.00023410125060866968,0.0005406796260499918,0.00032641933201932164,8.988925674239257e-05,0.0004439744387540147,5.885686970813422e-05,0.004343210362844779,8.153488542481781e-05,0.0012120002226452605,0.001520896333114676,0.00021077035543052785,0.000379814762155655,0.04338668237641341,0.002789021449333968,0.00015282685721717686,0.004157683138115586,0.0009675762753156808,0.010273439157212228,0.013903733349300573,0.0003529662201117463,0.0001608045584699516,0.002822341675399158,0.00012372337116571856,0.0001446131765888431,0.00018106891059011914,0.002571597755093509,0.0005730986535992708,0.001073444725652224,0.001577693798338974,0.0012672697477168864,8.607891315490969e-05,0.0001491481473113686,0.00013611250468810197,0.0013868635050681177,0.0022348048721689464,0.0010132795011185245,0.0024872719198960978,0.002422423527650924,0.0028478645196620797,0.018720472509531377,0.8,0.0028718773570933997,0.002229329765216591,0.00019398627322515333,0.031389018515303575,0.000137256998234943,0.005758476427176694,0.0007420871355518901,0.0009675961607035111,0.00012342213437371776,0.0020089672473924494,0.0001441238810923681,0.0011727073119193344,0.0001899106963491193
22103,0.000923894816622591,0.0003151883615709766,0.004356849950156866,0.0017588566187736086,0.0006318332898721181,0.0003160088385390723,9.821855816537712e-05,0.000534714779938549,0.001046871983808147,0.0013220130409465377,0.00020366865723554388,0.00012699989902137745,0.00035098163740865146,8.451482002610187e-05,0.0005782714099146612,0.00010832833803033252,0.00878267544330718,0.00018547812932347862,0.0015398386267763283,0.0006263517059819585,0.00029984385613552586,0.0003119974201481966,0.001244632375666372,0.0016452598902935965,0.00016113488454819343,0.02052067586812185,0.000334806015668082,0.002556361682009301,0.004033343952101509,0.00030230245567622105,0.00022300184627424015,0.004710069572404014,0.00027335310317147516,0.00027668763093504625,0.0002536314130644159,0.029982318467365057,0.0011462908585246833,0.003418946927164777,0.001148185252744527,0.0010659570119852704,6.344199043005122e-05,0.0002712218194472407,0.00013526114927545305,0.010077625785995066,0.004705690284550638,0.0021969685539692634,0.002713442052966282,0.00577309309756432,0.0011491586071855357,0.0011514605996361445,0.001375728716355968,0.8,0.03959683859921821,0.00036533654424514137,0.0037515352152780643,0.00021006361698558485,0.0009425305228934061,0.00045933801677708596,0.02405553099732105,0.00020545781095205497,0.0016215016242161213,0.0001847731080388988,0.0009696205414930927,0.00022402135578345484
22105,0.0010772552939039674,0.00036244485507604997,0.005799187666473993,0.0018467473891803263,0.000701116089872815,0.00033654389390186894,8.857752340660624e-05,0.0002737339226041377,0.0004968861194763148,0.0011694683059160368,0.0002622333681174189,0.00014179396372738715,0.00044372487481669196,8.955899533156112e-05,0.0006964104714433055,0.00011799225405610634,0.010935761507882835,0.00019514279116442288,0.0027706237841199784,0.00078666476610083,0.00043438970889112086,0.00033605616550926466,0.0012846933939795414,0.0024752350894813187,0.00017238220569882232,0.00893192606483835,0.0003967864680409953,0.002897476050976576,0.0034252340441030945,0.00034157053981929004,0.00019635928225127737,0.03175572425780868,0.0003023293527366495,0.0002181049185160077,0.00021441404402140765,0.006964783357318626,0.0007905741273688982,0.0016074643426338975,0.0019167588211212359,0.001083641215186042,9.15245480936563e-05,0.0002827008001300989,0.00012586370627760163,0.002162453866178745,0.0037941962730719623,0.016821424785816483,0.00287656147873415,0.011601601322082617,0.0012932528080022005,0.0013801214043961678,0.0014938392118190697,0.03695253052501987,0.8,0.0004969016775580526,0.002703742661594882,0.00019634256625602234,0.0009548773682377968,0.00041763713485561967,0.01779697556541264,0.00013961713024128656,0.0022186345213066365,0.00016764940377774745,0.001506422819548582,0.00018735713471431772
22107,0.0007491919490189463,0.0008029496627686971,0.0004435103064973811,0.00027829463997407883,0.0019194604889184986,0.0002588984004385536,0.0005701483226810578,0.0014787581128175784,0.0038744028240348025,0.00016208005222800222,0.0028893889478573366,0.0001250131932055267,0.011417431855822767,0.0004660530030177314,0.03033198780016918,0.00025505218468182845,0.0026430977603413915,0.0045885091075060155,0.0010490624544524645,0.0005734459125556829,0.03717608497927763,0.006336818826159681,0.000292859948809504,0.0004734342454644315,0.003028716049764122,0.00020904515361897788,0.00025063900057830345,0.0007655939033425965,0.0009901928945879857,0.0050762329150849834,0.0008679351128193618,0.0010066151843656748,0.035376092801433806,0.0030100442827399607,0.0009957937903925748,0.0006101714006363694,0.010036457921722045,0.00013524068585367684,0.0008365930427891864,0.0009893635077571636,0.0008690504534249232,0.008873727105539547,0.001530365352174254,0.00018023916726430246,0.0002320032032395532,0.0008666906090583618,0.0002997832810552791,0.00029681994117827906,0.0005344367249471073,0.0012182969423870389,0.0006198988747902446,0.00032440083303142945,0.0005603444914977827,0.8,0.00016170736570125221,0.0009173985474165127,0.0006641266323028201,0.0007661715584750216,0.0009674103987432994,0.00036040100033115496,0.0006059357705915584,0.0036147594044753793,0.0011718310885498913,0.001023538627639414
22109,0.002239403330328049,0.00045685443411946555,0.003501693333351119,0.008235808214458807,0.0005702753114647061,0.0003500079593798335,8.623897877339585e-05,0.000350344582487525,0.0008016821375913811,0.0015676513018040715,0.00016657097706221095,0.0002797272472303931,0.00022228812164620609,5.84200765721447e-05,0.0003415124850283219,9.663714577468494e-05,0.005251711122047524,6.353862416811762e-05,0.000960598765329603,0.001035342981495442,0.00019466604545355032,0.0002684587994391042,0.003256871157385392,0.0019812889825351347,9.98001201656238e-05,0.009257195631996996,0.0006216172145973014,0.005030824484436353,0.07314763746490195,0.00019652812703247242,0.00013700517382121897,0.0030934406045836104,0.00012672940867260198,0.0001534734566055109,0.00013942839702673552,0.005423838273455606,0.0007504286860603047,0.002646847665202304,0.001029494985138743,0.0012432293507913853,6.981457737533443e-05,0.00013496444108486327,0.00014289085527744957,0.0031723442055580247,0.005099989177689431,0.0010258510860489483,0.0038609085791977385,0.00419807844011094,0.002193013459154479,0.003275759264113055,0.02595519465181199,0.004604092046299819,0.003264841545938692,0.00016490849063507184,0.8,0.0001452756855864358,0.0024974343549582245,0.0005911845341739795,0.0014700913714013292,0.0001428457167549796,0.0015629656213624176,7.124734416948445e-05,0.0007902522247096144,0.0001309411671727465
22111,0.00028849936775146795,0.00039744664662521954,0.000231237267211442,0.00011013285325032286,0.0008286447108682821,0.0003774119551871193,0.004847897373090426,0.0036589197564555016,0.003972049983393535,0.0012991304563095695,0.0034928294008369056,0.00017397975577876997,0.0011984943090705075,0.018048963307626585,0.0011991578974998591,0.0011305955409414948,0.0011800753893205541,0.0019257534442365587,0.0002200033700773035,0.0003702533516954981,0.003352000909002763,0.0013262906086533152,0.00022923844660689195,0.00011348127096360181,0.0044263074571244555,0.0003108779157459816,0.0005027215284636769,0.0009472765187520199,8.325822555917242e-05,0.0014469009317248577,0.037745001117889795,0.0003484036679170361,0.001574905030089723,0.03319117556825419,0.0019839204254701536,3.7560528120725604e-05,0.04595199460949573,2.4819669253675123e-05,0.00022052840947160352,0.0017639937186674846,0.0015301842020159048,0.004998490774646799,0.0013903902582893058,3.2637115406000524e-05,0.00013554398986894437,0.0002062085075660744,6.2420004569026e-05,0.0001941423118053664,0.0005273480808139811,0.00026856078656129265,0.00032806922118745687,0.00010208895594152272,0.00023819608472174208,0.0014003692126338622,0.00012575963976334422,0.8000000000000002,0.0001445703172163484,0.0005457669073216971,9.631854718675154e-05,0.002520426972733565,0.0001902744063452991,0.0022323279867919044,0.00029320642918952974,0.0019045665929704855
22113,0.024652986784967575,0.0020518546789225394,0.0016051024509741783,0.0018185472542545048,0.0012549792431550966,0.0022593870556305447,0.00018710069790413633,0.0008685528659859172,0.001603345284763049,0.004141776064992224,0.00030023955994546337,0.015466287690443704,0.00042199211244903516,0.00015112745611683842,0.000552704637374701,0.00024569107352014546,0.0037376020550396014,0.00011315666098243237,0.0010533055582876481,0.0030444043417696145,0.00028517471995766577,0.0005892659280121712,0.027703871228341063,0.0016922198200636843,0.0002693922118555182,0.0018324982639502925,0.008374533895165749,0.047755555938485454,0.0025881336775761647,0.0006276867329771656,0.0004671977217354289,0.0016374416697897336,0.0001406815824915302,0.0001441690515651606,0.0005231632022740389,0.0012216120330758593,0.000834303033053506,0.0003580347803166671,0.0015837299158980773,0.0016351674909042442,0.00025950910386204033,0.00025756158556907067,0.0003962256311232981,0.0004624309640063547,0.0007487381859212427,0.0006685098611244253,0.0008676340688326707,0.0007425817376995293,0.006881907159357971,0.007642749856891005,0.004827550731535866,0.0013146533645505296,0.0009530470119682257,0.00022993931992335408,0.002579158747187132,0.00024869129772272586,0.8,0.001466037564765336,0.0002703491126278575,0.00030195299408223485,0.0014616086637870616,0.00015386982629233845,0.0010941350895522274,0.0003771816966493451
22115,0.0016752292065826079,0.01001852269128021,0.0006388210519899088,0.00029654712212395876,0.0027648508456930786,0.04802683247540895,0.0015714212404190412,0.0025810723218436583,0.004101443401540947,0.009062726019041867,0.0008797375659827193,0.001527057256703398,0.001199449627194742,0.0008609440056823129,0.0011494847799669,0.003105244746067443,0.0023413343789636092,0.00029343488770911213,0.0004852489653549889,0.002241540501001893,0.0006361099346639184,0.0029210133826392255,0.0008670159852504847,0.0005742833576393973,0.0011364112469460326,0.0021332790907313344,0.003704234683380169,0.0033776145966580855,0.0007381481104272745,0.001566541174401274,0.0021080154100515244,0.0007871755651330202,0.0003693610606594635,0.0004225369356437145,0.01213703913385593,0.001540193578025114,0.0019376531493728944,0.00020219908664226223,0.0007712996201511475,0.027546603167181938,0.0019953661928870134,0.00045534950711888667,0.020546607883918204,0.0003293148537803465,0.0007544398679933263,0.00026857141584025654,0.0002943831129933622,0.0003751994954027455,0.001968595868865557,0.0010793553193816918,0.0007371231740602658,0.0017227888162465526,0.0008672837261669821,0.0003955476294542072,0.0007114522174690473,0.0006194388620369731,0.0009850815052613814,0.8,0.0004521681161707788,0.0013184175128553419,0.0006004157288566211,0.0003499319914482649,0.0007453852912323203,0.0021301105505543
22117,0.0007036074462793833,0.00039982020548997985,0.0028620885587668176,0.0014037009679499883,0.0008980945375912364,0.0005343777442344866,0.00012799824459778294,0.0003659016193015971,0.0005499209848253736,0.0011823618185269043,0.0003861975616909679,9.940890189995155e-05,0.0006253146612712466,0.0001530809599903392,0.0009149446331438071,9.012595488008232e-05,0.006597776250855854,0.0003892577950314429,0.0024535852844112405,0.0006901542703018273,0.000597615713905983,0.00034595221936416725,0.0014692650788332411,0.0021311266646459456,0.00023375629720949045,0.006849532197740228,0.0004329113423264613,0.0021005232945711396,0.0023351843024755903,0.00039802977033201226,0.00029929233485005333,0.004244558320801296,0.0005602328685575457,0.0003628309989386543,0.0002568018991004218,0.005789879868625013,0.0014547707536065573,0.001966511513498477,0.0016912542291249533,0.0010548820241642611,7.796053749907623e-05,0.0004369931670116497,0.00011753328272735773,0.00260948446884563,0.002483915793083503,0.003656684792142859,0.0020568088710843165,0.00264239967923335,0.0007596433433375724,0.000926635923839156,0.0008794714701390125,0.06712461084306118,0.05185025832256305,0.0007130165678350613,0.0019197717961842546,0.00034715710125815996,0.0006376354235087955,0.00030459411683052837,0.8,0.00014204658898663903,0.001836023945645694,0.0003743564963954736,0.0016931650445786168,0.00040720233049721093
22119,0.00039630150072720476,0.0005153124326198046,0.00014870693873975636,6.802166893781457e-05,0.0011829181147832186,0.0006793260373400747,0.022707509911637207,0.0555955382264766,0.020771371376350104,0.0013468863817721508,0.0014017406136111702,0.00014226988003814068,0.000737035107444204,0.03360594751155094,0.0006951374417731229,0.005594726049960117,0.000868227052152375,0.00080422922839029,0.00017600185924017972,0.0004107100895317874,0.001334173753656822,0.0012975200276072111,0.0002118424979213594,0.00016660929204205662,0.002927344810849756,0.000692682450850001,0.00036540890355240234,0.0010301307404039586,0.00021992075499575005,0.00116143605317863,0.008484784245175283,0.0003120818989029035,0.0008359236656059677,0.0019079407019946277,0.004499661700871427,0.00021594130642308245,0.00498456832890354,0.0001008233931821384,0.00019970999096058012,0.0015236618036351891,0.0038355202724201618,0.0013966967072379826,0.0026683325995217177,0.00012645696948402065,0.00013543884162526968,8.865878248300136e-05,0.00012701554374610605,0.00012208130742688098,0.0006691189155788576,0.0003953442334340568,0.00032532454217583075,0.0005483399339526831,0.0004236539478480114,0.0006540720337659451,0.0003052911383871193,0.0031634839366680204,0.0003362167403657789,0.0009759866837048427,0.00017600561699360887,0.8,0.00010023258108645154,0.0009491554392446787,0.00019405462662885296,0.0019634348624311287
22121,0.0015001029134965407,0.0007518511241354322,0.00901065437177601,0.0026181248382820287,0.0014072363174951591,0.0004660686653601893,0.00014690268084595836,0.00034677882243647115,0.0006745099431688058,0.0015580050163130359,0.0003315379472823323,0.00031661050502134337,0.0006633485145412821,7.854319858871864e-05,0.0009096971524166232,0.00012845953639595433,0.06131119609044446,0.00016233750041608734,0.004376773187161271,0.0014211282346354042,0.00043912313936127505,0.0006847630657149511,0.002421891075952361,0.026051726422379413,0.000302868402392448,0.0030206600754975462,0.0007157891405559792,0.003036747574795796,0.002838728906129033,0.0005955550544200661,0.00026010520705599746,0.011324783946513662,0.00030057207557492054,0.00028221429730806535,0.00025460881923747747,0.0016645131331883215,0.00097798420795791,0.0006593347974882995,0.01958139787844937,0.0013862677673555086,0.00013276349017939443,0.00030859500386878447,0.00018191442425163386,0.0008188558767631543,0.002007786272756504,0.0020388416869177536,0.0018734417460170997,0.0021023231641073476,0.002808647345555285,0.003095928541129721,0.0022526932609841024,0.002857652375956111,0.004673946769937144,0.000428824385404795,0.0017385114474682002,0.000211457666217983,0.001802317525298741,0.00048126176852357445,0.00131185274918229,0.00014676574705544334,0.8,0.00021242507371554056,0.0031789145171524013,0.00035477761401540636
22123,0.0003241700141433619,0.00038103582157906276,0.00033733391520368713,0.0006299831864269306,0.0015516156583522656,0.000332136055550937,0.001057659741433498,0.0016957538008840248,0.0026719730753057068,0.0009673078521374744,0.002240835089105073,6.216191287977595e-05,0.00151168041644428,0.0010384219596684407,0.001928562005547932,0.0005150619041254649,0.0012824652544887866,0.0620926225519868,0.0003803203033792058,0.00026147096590095403,0.007240968262071617,0.0010670592074771051,0.00011198399537462672,0.00017216284234022764,0.003138542166154167,0.00043255005544829556,0.00029376909474191146,0.0010261015680835003,0.0005949919088220801,0.0017019266740715968,0.0026490080295711823,0.00021974291641457835,0.007346625692168451,0.03658632704076659,0.0007318641553497182,0.0006085411915873303,0.0162492923470097,5.24187193607508e-05,0.00031080552080377976,0.0009093822511212279,0.0005625333794730336,0.020312879353818213,0.0002952635490375295,7.052182557800107e-05,0.000262965613536986,0.00032466893948420497,0.00010937387751710166,0.0002863692577072363,0.0005749604697715727,0.0006870915827073814,0.00043137289575909555,0.0010138104463655003,0.0009196844513861669,0.0024562950259475265,5.879954346347589e-05,0.004226018030083641,0.0006337980822335556,0.00024608545487762873,0.0004203120331380383,0.001056481592587505,0.00039696784266971306,0.8,0.0007861202299053509,0.0011609913996693995
22125,0.0014538890115844232,0.0008970406050779416,0.005058431944972863,0.0009625901027278872,0.006443233858424865,0.0004909870152446192,0.00023420406170587428,0.00025041604052948027,0.000544607405306462,0.0010590706579636775,0.0006345693042513813,0.000329223538916901,0.0015858651966318602,0.00012747294222327727,0.00723894489490683,0.00013136300960725234,0.04173124572993512,0.00031803286130692096,0.026966390870898974,0.0016547730880537913,0.0008758019946363267,0.0010847211369443958,0.0013062344740295045,0.002557267953002495,0.0004752701599279842,0.002610268240435802,0.000709425933562348,0.0019862669920634297,0.0011994583998063395,0.0013203709906352806,0.0002944268207643455,0.0066533248557775985,0.00044205060967738284,0.0005691736675774067,0.0003615518983257064,0.0025170749503220604,0.000863581673224603,0.0006078492136748123,0.04110953660166504,0.0018953765906684428,0.00022778382190955404,0.0005325665387073402,0.00023808255916312924,0.0007159810470871844,0.00167240304810228,0.0029273288050861886,0.001298102078693305,0.001702288628257305,0.0030779409866997526,0.0015622535848228032,0.001183565677824653,0.003007978108320106,0.004050890124724368,0.0008841994851940106,0.0009542929363150443,0.00034712368422965695,0.0010870486832610057,0.0006576990382629979,0.0012455755268976551,0.00014632471409697275,0.00407092181701378,0.00032859748507086626,0.8000000000000002,0.0005296663232682747
22127,0.0007010425835821035,0.0008321463275571693,0.0009254429109409697,0.0002790741448810255,0.003067891134157438,0.0009320330633666919,0.008718042153758133,0.003330738928830009,0.0045674999512436525,0.0012477545806122712,0.008694051777336023,0.00028683163606822,0.0019834501741689704,0.001828567689802079,0.001754953693135168,0.002771342130952385,0.0036174655420666848,0.0007086695391365728,0.0004053230589855219,0.0008264578299177691,0.002286647311340028,0.023828948955461813,0.0003206101564097109,0.00027164985204804475,0.026197328139130494,0.00011147460563471715,0.0012941909357042968,0.0011778883641491297,0.000371905296195048,0.012129810040907848,0.008843531221378282,0.0008549511985157882,0.0013607230354031616,0.0019606081804189883,0.029989119976098114,5.7362506302675936e-05,0.006556913230244324,0.00013934864753228292,0.00048194626790827317,0.01016161519181625,0.0036797579514796846,0.0017544943488863127,0.003953313270751596,4.90860911036258e-05,0.00037633546964767307,0.00028034707487896985,0.0002623691113156002,0.0003484666664453573,0.0009679996198334038,0.0006106954036387518,0.00047350273806704,0.000679788237785095,0.0005996998760445476,0.0013937960245489912,0.0002181075035710995,0.0022294297496483774,0.00045360466508521875,0.0017909632073172786,0.00026292158110155023,0.0018200578277212788,0.0003769569761112368,0.0010137245232203142,0.0005292301186988336,0.8
