recipient_parish,Acadia,Allen,Ascension,Assumption,Avoyelles,Beauregard,Bienville,Bossier,Caddo,Calcasieu,Caldwell,Cameron,Catahoula,Claiborne,Concordia,De Soto,East Baton Rouge,East Carroll,East Feliciana,Evangeline,Franklin,Grant,Iberia,Iberville,Jackson,Jefferson,Jefferson Davis,Lafayette,Lafourche,La Salle,Lincoln,Livingston,Madison,Morehouse,Natchitoches,Orleans,Ouachita,Plaquemines,Pointe Coupee,Rapides,Red River,Richland,Sabine,St. Bernard,St. Charles,St. Helena,St. James,St. John the Baptist,St. Landry,St. Martin,St. Mary,St. Tammany,Tangipahoa,Tensas,Terrebonne,Union,Vermilion,Vernon,Washington,Webster,West Baton Rouge,West Carroll,West Feliciana,Winn
Acadia,0.8,0.0004506969044063204,0.0012507450161196561,0.0011521817587139692,0.0006801016687185238,0.0007925113528229031,0.005259194526200902,0.008772102372294286,0.008449294055693371,0.0006526362779471916,0.0029544676799839,0.0006784275800892608,0.0018412803515292352,0.009767580237989446,0.001831315331570959,0.005378461270579617,0.0010313329671962702,0.010703231675182043,0.001228292308023636,0.0003734783736251291,0.003660872971933207,0.0013171005737690098,0.0004599468658762508,0.000853636399945109,0.004053433965178965,0.0035691667041086433,0.0003391505329134592,0.0003083177945419531,0.0021852412655436336,0.0017557155658277268,0.0060022728346528,0.0014338994050273606,0.006484254770741356,0.00873757012696975,0.0022106797499813397,0.004016269687361743,0.005662864494857023,0.0052473794746533626,0.0006989764036123509,0.0009090193929236246,0.003681368710875055,0.005517536328230229,0.002396653978089372,0.0047028967435951,0.0026974164567838445,0.0019234024213868005,0.0016725707015407814,0.0021974231084598817,0.00032128706691253884,0.00039494337167958905,0.0009396880042636326,0.004349691934281836,0.002400417716559305,0.0034340979706064738,0.00207748873494925,0.008387416407114365,0.00033067936524395667,0.0010722785532180444,0.004559285793324111,0.009061886553775675,0.0008312616718428019,0.01058129116349381,0.0008837783944935797,0.0024321381601746313
Allen,0.00047659872841779197,0.8,0.0024649510820110745,0.0025166123286438457,0.0006300232624349289,0.00041111965590732665,0.002816125441650861,0.004396590661990291,0.004167686705706201,0.0005291693812122625,0.0020428324481950567,0.0007092834131815921,0.00151037822671075,0.005358388438075339,0.001722028551418697,0.002614331968715975,0.0018797363306773923,0.008687994835073092,0.0018748065605154747,0.00036738784256298525,0.002858101102488988,0.0008003532495781554,0.0010611444118469016,0.0016966147475414339,0.0023716657374478855,0.007348625571445338,0.0004071359087605005,0.0006964040841987008,0.004827189336794641,0.001236024725859708,0.003516962147968031,0.002591165079310086,0.0055530897668761075,0.006036658916572246,0.001135427083467846,0.008186876759634563,0.0037534096295848544,0.011099119121014467,0.0011088538584646433,0.0005874418327503503,0.0018662931466379602,0.004105914981379168,0.0011507404141961597,0.009624946264789578,0.0056207012494102785,0.0030925264756324743,0.003490063893521513,0.004474540305073923,0.0005210274175078586,0.0008463911752627547,0.00215970490247848,0.008064389087055698,0.0042322225320557,0.003141070579845699,0.004672332762272773,0.005173567064599689,0.0007673086909864296,0.0005125324760993987,0.007462531866735533,0.00473654071853428,0.0015327430858534839,0.008080508639215141,0.0012194980541194514,0.001403595282030163
Ascension,0.0008069263181319803,0.0015038520082610893,0.8,0.00022144933124112947,0.0008549660301881144,0.002859400821488398,0.00846635852858119,0.016885911419360886,0.01750993544696726,0.002578665314413101,0.0028544172946362934,0.002519140463651089,0.0014699720384535257,0.013672842296613627,0.0011068206009234227,0.012394823845871358,0.00019062939607572392,0.005482918208933948,0.00031145649433534744,0.0009101718073378241,0.002557817808394633,0.0021236902624960975,0.0004308017326091754,0.00019263381251308586,0.005349669557415426,0.00039570104871521116,0.0013387226739286855,0.0005448196771805983,0.0003300877469773118,0.0019324232624013933,0.007417780488798479,0.00018790739621978164,0.0032085749315010816,0.006772443685584602,0.004522468524962881,0.00043773402068647804,0.005212526816062337,0.0006119330712349068,0.00033645459512532297,0.0015523860292207484,0.007333198147771197,0.0038971205859056296,0.006355991491949469,0.0005150701440382746,0.00030916106474949615,0.0003065299441480292,0.00020182391428464567,0.00024083216649747712,0.0006219670530137479,0.0004181794327310311,0.00033158421762733304,0.0004631958342363136,0.0002835863475442884,0.0017200993394106952,0.0003615103577170691,0.008664470030637052,0.0006636738316596362,0.0032296503786958548,0.0005719505463000019,0.014890217861737614,0.00021757419073234105,0.006268310072860257,0.00041187987253289287,0.003665188365726079
Assumption,0.0005610123177830127,0.0011587758015523275,0.00016713240992708217,0.8,0.000822275548671014,0.0021495750732157363,0.00854403018945338,0.016435406685582122,0.016699413478343923,0.001711415759291649,0.0031316128823867958,0.0015614126906055,0.0016300240969288153,0.014353469015265859,0.0012722966468575636,0.011402603849826607,0.00022077038212504617,0.006706322626316363,0.0003762856150668789,0.0007421159324540787,0.0029607238038337307,0.002062501386739855,0.0002594486641195853,0.00017372191461759092,0.005599707779166109,0.0003209721594114406,0.0009017361634543409,0.00037068202533169236,0.0001905412394645694,0.002036523536309825,0.00792367195909662,0.00023895470265817266,0.003913071450545181,0.007860583059169896,0.004235131575198356,0.0003653008889695321,0.005853490371306048,0.0004549655214428914,0.00033978882277095314,0.001461988275185326,0.006987061778196354,0.004546162332219995,0.005529438822290764,0.0004229568716044225,0.0002406827274964296,0.00038970338917196026,0.0001552156098046906,0.0002092313742140331,0.0004913693800937578,0.00029534788977285414,0.00015467964439200803,0.00047896447900280196,0.00034081164710702676,0.002068896220534782,0.00019025063857551396,0.009611259717564715,0.00040726299239183264,0.0026478255184335464,0.0006784189050208694,0.015075630459682013,0.00022211238995741486,0.007548441700629847,0.00045004000913280564,0.003688779202264051
Avoyelles,0.0011611098242094006,0.0010171564100355682,0.0022624720326836377,0.0028831380236658214,0.8,0.0017628869018422384,0.0036279531155984086,0.006973372511683001,0.007155261795680485,0.002460076327938397,0.001569201904369672,0.0031054495454667565,0.0009416499623889471,0.006261437622935242,0.0009759890818188606,0.005047848908245474,0.0015861150994763062,0.0054985937475415655,0.0012646489982378688,0.0006731251271629266,0.0018725264895093226,0.0008730183815877693,0.001740091093307448,0.0016872847399024204,0.00246239790969868,0.006642848231607527,0.0015399173660536481,0.001243660699932901,0.005348983788189727,0.0009452622542014173,0.003571657376135877,0.0020571860119984083,0.0033656764293809207,0.004556861997280876,0.0018397493443782975,0.007210640554402294,0.0030304576002943063,0.010415383732295232,0.0008839171902210642,0.0006323678019326157,0.002992538752816304,0.002831585342430263,0.0026941376926400205,0.008473964320318179,0.005300905566228747,0.0020893941519161165,0.003438281030055429,0.004094544483706335,0.0007844216940886447,0.0012256294390145886,0.003035203189978631,0.006083923416719232,0.00310238787385685,0.0018191513921100722,0.005517916253829445,0.0046863301583998495,0.0016784143829029717,0.0015570159494364634,0.0048904749627606955,0.006400759409930586,0.0013741845822705192,0.005411403023588288,0.0007999711838899504,0.0015700858138204487
Beauregard,0.000545550614274114,0.00026762673382277395,0.0030509809442547725,0.003039000506782653,0.0007108116687890455,0.8,0.0016673423629249373,0.002226939741653046,0.0020222831028165805,0.0002938413214340601,0.001699797211549774,0.0004384705322569316,0.001467545600836768,0.003218775252938053,0.0017988248977186135,0.0012222544858162719,0.0023352024948052864,0.007778985615035195,0.0022966288348173743,0.00045410463877875254,0.0025826478993241373,0.0006438283302086219,0.0012312225724821879,0.00209506761990552,0.0016242728940800296,0.009057306555649097,0.0003776175065383424,0.0008201616046393893,0.005805150861009989,0.0010886625028637173,0.002363066775757023,0.003218626975024417,0.005229288420800279,0.004769727954376947,0.0006608389254216536,0.010110034896274617,0.0028997912800453013,0.013599550311842155,0.001372328340642546,0.0005366713804220572,0.001009592027836595,0.0035150993002134455,0.0005231413896324801,0.011880216494374535,0.0069068787533584555,0.0038017531637054383,0.004282802054624937,0.005521367875908687,0.0006448855125798076,0.0010214652042176804,0.0025147932642270105,0.010017146269195172,0.005248198796958755,0.0031440709362757966,0.0055544447716127906,0.0036473264701224225,0.0008413851578992223,0.00024352410830006757,0.009159821049380443,0.0026254361018198304,0.0019033056716803779,0.006911468760664902,0.0014788479289934702,0.0009821987678046218
Bienville,0.0017961558595874312,0.0009095120905140857,0.004481839926113628,0.0059928879439486386,0.000725749911392382,0.0008272180695488234,0.8,0.0001504515645101481,0.0001728298552431436,0.0017228288646491162,0.00025689774939636746,0.0025525444434558193,0.0004575962167021261,0.00013432337607358915,0.0006646887130146989,0.0001816297754310697,0.0030955201172449287,0.0007919753138887734,0.00212140486278578,0.0010048186924835677,0.0004082006530709773,0.00029293800287771154,0.0034098534105606298,0.003471146688709945,0.00012256828268578579,0.01238490534722222,0.0017161581862022255,0.0022977728993958287,0.010957294280676938,0.0003127053280928978,0.00012621508557777384,0.003775029201073724,0.000733275993738115,0.0003453533584617573,0.00017637893767919762,0.013153543907946184,0.00023121853244141794,0.01956031533374624,0.0017792049597393877,0.0004240484983325534,0.00012240106181989684,0.0003825970310847369,0.0002662817067518374,0.015342964981354167,0.010228503617277404,0.0032119718229653644,0.006876111947943583,0.00785964464666817,0.001448164194361093,0.002443396403082116,0.0062800450221996585,0.00965275591541755,0.005053133738020218,0.0007083193075291858,0.011433033270951473,0.00019689843739010673,0.0028802276178338483,0.00047643470130435175,0.00630855801720662,0.00012276746631458007,0.0027784196285039887,0.0006060757827669948,0.0014410930514376882,0.0001612003955996986
Bossier,0.0015220678318028178,0.0007214031679056344,0.004541399663934416,0.0058567861842021545,0.0007087184230660561,0.0005613183306295595,7.643675466932432e-05,0.8,4.412954832845757e-05,0.001170555190602597,0.000282232883433738,0.0017493326631232793,0.000496197122491421,8.475202600538795e-05,0.0007226177486684085,6.89738776122149e-05,0.0031493069960826887,0.0007868636973725066,0.002223763131812379,0.0008853343173955235,0.00044555705872587775,0.0002824381552912956,0.0030837597886839313,0.0034376186031057983,0.00013450706311974412,0.012867053436534647,0.0013303976214136188,0.002042691608052911,0.010897750755202442,0.0003327994096394267,0.0001255195656344917,0.00391445598060814,0.0007749999130016608,0.0003303418709373525,0.00014113407865213071,0.013748239833825511,0.00023866271587093954,0.020306379490646728,0.0017818156480065744,0.00039814820518624465,8.448872499158387e-05,0.0004026086259383315,0.00015247169010693096,0.016074796496484873,0.010503345396453537,0.003424450024803049,0.006945033802588723,0.008078477961251468,0.0013119801090592886,0.002247983250395461,0.005892971567238751,0.010330896278522708,0.005367994826189598,0.0007766355084663413,0.011224712594749756,0.00017665493770661214,0.0024676451747676657,0.00033034831820815655,0.006865297800163748,5.544315590962769e-05,0.0027827016758090115,0.0005884054847841492,0.0014825108118829635,0.0001656854222495923
Caddo,0.0014070538893191699,0.0006563221578951945,0.004519701485893985,0.005711367717512796,0.0006979372455988831,0.0004892183092625481,8.427219144048348e-05,4.235351629895117e-05,0.8,0.0010131072801310074,0.00030734188136381617,0.0015133602620237083,0.0005243982775694849,0.00010122664738113383,0.00076489781336766,5.683730623428258e-05,0.0031451060202935073,0.0009140931935762226,0.002267099769126382,0.0008335762193489582,0.0004940407940474783,0.00027974279111601746,0.0029107890443816134,0.0033807945485798503,0.0001480615627569094,0.012983167022901192,0.0011951000617652923,0.001918836337833053,0.010709313952443074,0.00034668797726392005,0.00014432437314162812,0.00395417742028991,0.0008808670855011008,0.0003860314318805164,0.00013416227562056005,0.013931015192489696,0.0002732041099118445,0.020464656444178445,0.0017673298011248262,0.0003878149655061894,8.11396110264163e-05,0.0004581435901775269,0.0001312866814197915,0.01631360318397617,0.01051915777996765,0.0035348678194362794,0.006891411361826859,0.008099706314270991,0.0012449263609450984,0.002140013310557104,0.005636954299676049,0.010681823813551618,0.005518534224306481,0.0008536425111825387,0.010954237089638844,0.0002077085663746256,0.002283842414128607,0.0002921511463680103,0.0072433757215945496,6.626219219021213e-05,0.0027553170900749243,0.0006868148559588161,0.0014947223391542062,0.0001709693458252819
Calcasieu,0.00036602724907962736,0.0002806523025632564,0.0022416720969407732,0.0019712709951644645,0.0008081487946358454,0.00023940075640689894,0.002829173369042377,0.003783587532363648,0.0034119867563877264,0.8,0.002551266792424321,0.00017074581898929238,0.001963905962414422,0.005461781016063145,0.0022368608833997603,0.002051376580519526,0.0018465845012029863,0.011184079645693438,0.002087024645093478,0.0004350140565996044,0.003676282643571765,0.0009717869308477705,0.0007551630168725051,0.0015310840496707634,0.0026641163583149166,0.0062705567202936425,0.00022009196778642124,0.0005425656083385098,0.003643242131941563,0.001569576691481382,0.0039087252756604554,0.0025684682118525368,0.007211713684712691,0.007412885113556297,0.0011175723766190953,0.007083695182932559,0.0045473821700820925,0.00904019974622223,0.001193065526199915,0.0007460607464688781,0.001723149202532884,0.005204208354961543,0.0008818870383716143,0.008272184512681172,0.00471941561971853,0.003354219150762897,0.002938130911462495,0.0038924934780835887,0.0005246933586252725,0.0007048365138218968,0.0014892954376233736,0.007815207167782532,0.004292691390082027,0.004091709431039794,0.0033721188131351815,0.0059521796286740045,0.00048467627652942834,0.0004147159985005239,0.008038019440400368,0.004481524301951661,0.0014887208352322271,0.010262010145225407,0.0014163003575383768,0.0015908187268525785
Caldwell,0.002657411114467735,0.0017375765509747372,0.003979530782223293,0.005784904221808419,0.000826720812349553,0.002220992332562379,0.0006765735547551576,0.0014630420221572189,0.0016600109124457396,0.004091600030703593,0.8,0.005700037243867198,0.0003563720400419853,0.0009180958023221447,0.0004987743739114671,0.0015012059348550129,0.002750542085858201,0.0008539057985771564,0.001750393568278201,0.0014603633120215613,0.0003098586932904736,0.000484629403522122,0.004086600548997504,0.0033030659244923442,0.0003856207254210519,0.010129293359301069,0.0031218742136147042,0.0029561944570482505,0.009979797928055374,0.00030849501961586096,0.0004875797672444677,0.0031644108348808397,0.0006299134258058413,0.0005455361957544248,0.0006958041983450063,0.010593852695375952,0.00035389535833188615,0.015951263867469877,0.0016972465911977268,0.0006379119680841745,0.0008283406655419682,0.00037958563688284534,0.0013270081573206669,0.012268245256788256,0.008630501034668132,0.002497360040348106,0.006090432264071526,0.006644068743296014,0.0018594823009668974,0.0028715622004923677,0.006680765324586891,0.007348659171878339,0.003945127632531857,0.0005114188514392068,0.010729464260466014,0.0005633646691561705,0.003971805113833531,0.0014178031971040365,0.00460910950048023,0.001110335978907624,0.002588972067341612,0.0007450348802660572,0.0012823298752064223,0.0003883255063954653
Cameron,0.00031777012925627364,0.0003141673692340682,0.0018289290584974818,0.0015020205648432756,0.0008519901896625152,0.00029834614486625816,0.003500725866045131,0.004722279244585778,0.0042565877964644,0.00014259931751537275,0.002968299817402366,0.8,0.002174400650397158,0.006755687670729097,0.0023892810988642376,0.0025576016019755914,0.0015776421845480715,0.01262970955354499,0.00191358609321212,0.00044381510443734556,0.004159698325090872,0.001144867755719754,0.00057747136734472,0.0012594111107749625,0.003233547309142826,0.0048523528979928275,0.00019792546701783188,0.00044567146675744554,0.00268717364758079,0.001802099025713678,0.004761067017367881,0.0021862695796803573,0.007995137201290208,0.008724294747158037,0.0013813158239942445,0.005509683022936094,0.005385987176861004,0.006805589669049693,0.0010884378870403303,0.0008558199203708162,0.0021444698529925962,0.005987276579949497,0.0011003892189107582,0.006399101213861616,0.0036402189427569513,0.0029960151757408445,0.002291154657524418,0.003066055246256346,0.00048605295543936077,0.000581917605698373,0.0010826241771087518,0.006444465443687687,0.0036649797641916666,0.004430429942624555,0.0024423976944034694,0.007190979256991983,0.00036757593979635226,0.0005155617518473375,0.0070617659139881606,0.00557808142077914,0.0012730167880804014,0.011784403982911047,0.0013489940641853103,0.0019228125353073979
Catahoula,0.0025939145852993304,0.0020121166949918614,0.0032098129641526365,0.004716049723333625,0.0007770085300519765,0.0030032936677138744,0.0018875279567484968,0.0040286512910573,0.004436154905381451,0.004933035425993849,0.0005581614933005769,0.006539819260516973,0.8,0.0027619239583798337,0.00041865438845709025,0.0036545350085537345,0.0022206764519115173,0.0016867148095623876,0.0014105991365967936,0.0014798246715168085,0.0005716827939919761,0.0007338905531617672,0.0035723491155871777,0.002694482977401919,0.001110784087819745,0.008193196285394479,0.003346249681649067,0.0026881335930617634,0.008055356909304423,0.00044703185392701295,0.0014745156462305357,0.002549379875048259,0.001055742903600866,0.001449668176326672,0.0014406986157536382,0.008594902900664964,0.001031448320716844,0.01291492674734421,0.0013962159652218997,0.0007848449612906878,0.002005964705443608,0.0008727221678387249,0.002612757735618864,0.009972452389855498,0.006955636744643152,0.0020431254823079,0.00490867084686664,0.005353247242907761,0.001728588911319334,0.002514729585018806,0.005568426559411951,0.006089184517318691,0.0032255572109105334,0.0006170234747001473,0.008688170008500447,0.001695989182608635,0.0036835367446322463,0.002149346292997033,0.003971775949379585,0.00321834959530663,0.0021067333583422465,0.0016499656603959538,0.0010404560335749394,0.0008936127130825934
Claiborne,0.002101807626936608,0.0010903649061101536,0.004560365814603473,0.006343244485632727,0.0007891881860819524,0.001006160057975834,8.463164652050443e-05,0.00010510557413742528,0.000130800837073194,0.00209555012269025,0.00021964153703749436,0.0031036015743950407,0.0004218732038298864,0.8,0.0005978108324261941,0.000177836677661161,0.0031441665867066935,0.00043983153046692924,0.0020622999557927263,0.001162813374629093,0.0003087346934538017,0.0003303303158331998,0.0038490693794184434,0.0036400094503283614,0.00011237326865799145,0.012032827801641562,0.0020601770148380664,0.0026265513721619904,0.01133433895386484,0.00031055761580253905,8.269898275836693e-05,0.0037164897961615108,0.00047295505455323275,0.00018280372294769608,0.00021439275469992093,0.012634652783548424,0.0001477495807735326,0.018976434180339858,0.0018563336393734667,0.00048121689300961794,0.0001445855560352436,0.00024929633515857036,0.000313388163105186,0.014655846833756998,0.010143684968835104,0.002990969078449425,0.00700140283137688,0.0077979167742709184,0.0016452855187243014,0.002736042579141187,0.006885791578417852,0.008802462982752843,0.004724810245530635,0.000545962497522516,0.011993374471583818,9.686000322686337e-05,0.003345003350985852,0.0005794614528294892,0.005432994803595479,6.700936695703973e-05,0.002882901689006217,0.00032408171570963207,0.0014552012277328366,0.00017787419042128116
Concordia,0.0027604057369557153,0.0024546062388023167,0.00258596072519283,0.003938644387429882,0.0008616984071642676,0.003938847106767369,0.002933616296352328,0.006277519902433287,0.006923455470955572,0.006011828158823899,0.0008358616858536415,0.007688957526227841,0.00044795014927060295,0.004187623170905742,0.8,0.005682089121490977,0.0018051377743844676,0.0018437603890345267,0.0011063441550402584,0.0016651389436156832,0.0007146639908740361,0.0010784913912846702,0.003360309461154371,0.002266892594052139,0.0017125155787995666,0.006282645374806869,0.003809969955117236,0.0026652596988370214,0.0064867846990934435,0.0006910352874227626,0.0022240043558365797,0.0019968682432437296,0.0010956550912884543,0.0018972099990433988,0.002206944163851605,0.006545903294418782,0.0014544810731588586,0.009875825906459648,0.0012162677180903188,0.0010569299948221351,0.0031228006145287367,0.0010998071000805592,0.0039284205737803715,0.007568980157330895,0.005413514305877719,0.0015381065080632497,0.003923265730921894,0.0041779933116869224,0.001781736498721695,0.002389190568246892,0.004859612194454879,0.004533750133221333,0.002429628779750554,0.0005759353398626025,0.007087383510935533,0.0024369778457496204,0.003700210659565059,0.0029915332449047772,0.00291738602178096,0.004970068438178203,0.0017662136505743142,0.001927401294381684,0.0008790396140585075,0.0013929406849861564
De Soto,0.0012383642108355656,0.0005692234406042354,0.004423495667400374,0.0053919143044598335,0.0006807650237323188,0.0004088108649996146,0.00012244825709479895,9.152604002840174e-05,7.858389072127833e-05,0.0008421579115939985,0.0003842829496767505,0.0012572269042022213,0.0005972920313827571,0.00019028550481086273,0.0008679377895190974,0.8,0.003104016806795237,0.0013793862135562667,0.002334559588764399,0.0007541805575615013,0.0006409905572915154,0.0002812898823411913,0.0026238758141365935,0.00324520553558955,0.00019879777925069337,0.012975701567685972,0.0010202172644589314,0.001721491874366617,0.010216303683148107,0.00038590374607317204,0.00022212927334749563,0.003982448755484576,0.0012230085145823388,0.0006076570482380256,0.0001291182704550049,0.014032586730445612,0.0004003755395394458,0.02037434403797977,0.001729523160932506,0.000374564890338002,8.566722240394805e-05,0.0006471404831454238,0.0001096442920124631,0.016472396167192763,0.01037531218707921,0.003723333645799787,0.006695919531269834,0.008013874505569842,0.0011356938097681656,0.0019552337541999783,0.005165587403596795,0.011222172647891623,0.005746893836160676,0.0010674645102395606,0.01033032918896728,0.00034301355559985045,0.0020089185641110987,0.00024753314446025434,0.007975843917679056,0.00012987453259935967,0.0026795815328539956,0.0010631729041349555,0.0015109578279643048,0.00019244895187508262
East Baton Rouge,0.0009178487032506003,0.001581979419832973,0.00026296440787982743,0.00040351678612630915,0.0008268132705286896,0.0030190283225706885,0.008066423961596732,0.01615313713334168,0.016808044222037147,0.002930212911101596,0.002721516608467517,0.0029975824187436274,0.0014028839065955007,0.013003844578770083,0.0010657927521843767,0.011997918727150851,0.8,0.005508352051215039,0.00030930797694639963,0.0009402269220011817,0.0024728467261570164,0.002038687262171701,0.0005678909777055974,0.0002515379240947167,0.005087927168966295,0.0007606928559057906,0.0015272169123495415,0.0006434855432663149,0.0006578085299195907,0.0018378931745049525,0.007058072105012526,0.0002521835131257,0.003213615749126293,0.006560249562785674,0.0043676668233460555,0.0008303654346609993,0.0049935892509706875,0.001190638272684408,0.00032641431393210955,0.00150327873427331,0.007048109578434577,0.003782167532601437,0.006265343411054876,0.0009770102266692866,0.0006067799432825624,0.00036852158728498146,0.0004037878854603117,0.00046808994532311285,0.0006625428906678311,0.0004941443483596185,0.0005522308403021019,0.0007800614615252792,0.0004220294869805109,0.0017006292498975607,0.0007121935815452232,0.008281310831038464,0.0008310267372880027,0.003268761767118219,0.0008180116797448467,0.014179707138913616,0.0002249353626012405,0.006206327241929403,0.00039172349057485566,0.0034950978661019688
East Carroll,0.004453562975537033,0.003418565628466228,0.003536220519575457,0.005730938034823396,0.0013401235728632403,0.004702037445436945,0.0009648938356202844,0.0018869563978167637,0.002283982862333714,0.008297566014781071,0.00039502368034502743,0.011219576376588164,0.0004981940972543858,0.0008504975274662961,0.0005089643484266177,0.002492804421733076,0.0025753850057697995,0.8,0.0015109121759380771,0.002567970542954225,0.0002578765549868847,0.0010266206719819018,0.005533670488978035,0.0034055528909409994,0.0005996847511197972,0.006731472796658967,0.005804093096193412,0.0044134609695634704,0.008491992433581156,0.0006082498850550786,0.0005390697316634782,0.0025573542483660282,0.0001454746481889547,0.00020395284704944068,0.0014264951772950884,0.006712257688445841,0.0002921663345343959,0.010146101754427927,0.0019456735384866695,0.0012721343769563512,0.0014708785084633683,0.00019246187852472473,0.002707765178421181,0.007514410918022247,0.006306206960842389,0.0016906635265432493,0.005130435505717105,0.005001316423623669,0.0029157296253699287,0.003950376530918093,0.007533975297587903,0.003962260009682876,0.00252019840252766,0.00028043434154590097,0.009595465920993501,0.00038518547355014925,0.006118013181108274,0.003052802309418734,0.0021101324096144815,0.0012454910457724239,0.0026665402131807693,0.00011647153730020859,0.0013890911209558305,0.0007961633321116186
East Feliciana,0.001436803067784737,0.002073880245845531,0.0005647130267518192,0.0009039860504831735,0.000866494997117498,0.0039026245373236573,0.007265981533534461,0.014991798074868654,0.015924867994915323,0.004352922001885851,0.0022764164729894482,0.004778966045918866,0.0011712871419855793,0.011210923027615984,0.0008585705155797099,0.011860694819962792,0.00040655044117989626,0.004247584855176825,0.8,0.0012171878791493616,0.0019677185496812257,0.001977753868223458,0.001102309197051242,0.0005489067337902078,0.004435896894980438,0.0013946585123592377,0.0023348000420281164,0.0010961862889630916,0.0014057247585246534,0.001619097914975904,0.00600963254871716,0.0004309371506540459,0.0024792840169503136,0.005197095821327163,0.004317671334782753,0.0014775442391167229,0.004066186934619801,0.002202223310350798,0.00041897251067310627,0.0015398801967549402,0.006765131739591489,0.0029880980859541485,0.006672378634087785,0.001724452246843559,0.0011750448114726656,0.00039610319422929646,0.0008477069634585299,0.0009045477892504516,0.0009494528018124797,0.0008687188668357178,0.001223657130722776,0.0011538247699851452,0.0005884183723125091,0.0013185187702776466,0.001552855034359397,0.006801161436608224,0.001490154182607291,0.0038094390828526826,0.0009505375215365129,0.012659064933799459,0.0004392875833381071,0.0048102585533906506,0.00037715775688857133,0.0031992961831913062
Evangeline,0.0005118294736242002,0.00047611987257841566,0.0019333839628755385,0.0020887198112842986,0.0005403263853033591,0.0009040370169977933,0.004032020699365348,0.006992569872847667,0.006859853522784087,0.0010629697754491946,0.002225057519535996,0.0012985310387797495,0.0014395751569271067,0.007405661790608952,0.001513911612013965,0.00448895051471571,0.0014478391513906047,0.008457795845713547,0.001426007916938712,0.8,0.0028383537930060532,0.000989394347456021,0.0009748916380990151,0.0013438025656098973,0.0030416216397055854,0.005808631202915112,0.0006388381829020546,0.0006441940950249231,0.004009102877873897,0.0013215892917803848,0.004499191469432214,0.0019868021397176686,0.005214545718154178,0.006604941582410938,0.00175130911778577,0.006439311915897131,0.004250285816191848,0.008873424740929503,0.0008437553676289502,0.0006810226682429489,0.002925474623252585,0.004231805133450588,0.002095425967376601,0.007576777196267203,0.004476865860587797,0.002350195222612091,0.002794696918047386,0.0035322383579380365,0.0004227926135409765,0.000725619615181421,0.0019157634349937372,0.006179260178473993,0.0032272708678540104,0.0028259177480108545,0.003957024110787082,0.006269786309563486,0.000803155043752071,0.0010002744274741201,0.005671817053823987,0.007006920272667044,0.0011872585360683625,0.008197072528560573,0.0009331583450644007,0.0018332585241531837
Franklin,0.0033509031937821905,0.0024739248620156964,0.003628956222960008,0.005565750263127376,0.0010039353178019513,0.0034340994374266686,0.0010940221936141955,0.0023504457621964596,0.0027154994974820977,0.005999898575089862,0.0003153271773409788,0.008128856958585,0.0003714467739667648,0.0013132780358346887,0.0004339796168063047,0.0025482293118628103,0.0025433271185972346,0.000567278611969562,0.0015397304093732237,0.0018957624543055498,0.8,0.0007571913401416913,0.004555940243501537,0.0032033867466740914,0.0006223775461223331,0.008400015349995078,0.004243725998615459,0.003469944304368182,0.009078912638995424,0.0004423604442437168,0.0007051046709517914,0.002760086683391823,0.00038531856826316916,0.000495071423273012,0.0011930023633733035,0.008646668230058819,0.0004039458969071389,0.013107912296744387,0.001705093754287242,0.000920281754180213,0.0014142527110686386,0.00028799554272846084,0.002271747149157521,0.009919533330773772,0.007388585327816439,0.002020257683295334,0.005477350113936889,0.0057270612615501655,0.002237126418994738,0.00321457220069698,0.00683240108479026,0.005654338617124442,0.0031682634864615145,0.00032987333403973294,0.009968723891788735,0.0006806807559814426,0.00476360859604173,0.0022825446775604995,0.0033445508678620916,0.0017031256846205861,0.002495968718056826,0.0005390942816105263,0.0012395607484522778,0.0006677914673633002
Grant,0.0015053677831151204,0.0008650417863324693,0.0037622682260474902,0.004841350505160718,0.0005844503285615114,0.0010689667688399615,0.000980335230108008,0.0018604445415751987,0.0019199604207228427,0.0019803982130202173,0.0006158202063523111,0.002793633479235476,0.0005954142486501273,0.0017545515589142261,0.0008177688641871975,0.0013963279882980206,0.002618195605528205,0.0028199474252935375,0.0019324150292616199,0.000825150697467625,0.0009454794522890984,0.8,0.00272263739755323,0.0028339499037495115,0.0007165908396303046,0.010852249968816991,0.0016033816647504043,0.0018513360641929794,0.008983890991707578,0.00040291081533313106,0.0010617991919496636,0.0033142019701149694,0.0019403612914253882,0.0017772441653748517,0.0005089493038873362,0.011688474578199852,0.0010955965506926836,0.017085385448231308,0.0014720530750987513,0.0003392304864009272,0.0008051961702769324,0.0012714868538255483,0.0008532129515041879,0.013707540920812031,0.008759705352156952,0.003093771702624997,0.005741257984176208,0.006747888709224015,0.0011603102796892493,0.0019444899487282474,0.004994913495798079,0.009303617212471657,0.004759352101704724,0.0012587766391808507,0.009270354596627282,0.0015171351918996203,0.0023706710984298866,0.0007038587375494376,0.006791306977472049,0.0017256106168330244,0.002297108198972072,0.0025023608015174886,0.001254047916079663,0.0004324934763748943
Iberia,0.00033569099950453717,0.0007323829418832288,0.00048735382081942756,0.00038889474123463767,0.0007438828703112958,0.0013053862848055292,0.00728690248405711,0.012971262798681,0.012757114656683718,0.0009827216849178017,0.0033160015024160526,0.0008998143464415461,0.0018507603023689987,0.013055147906804471,0.0016270523181740354,0.008317349728559374,0.00046571990909628926,0.00970627644403369,0.0006877648079854986,0.0005191926629215264,0.0036327275759877853,0.0017385939359581687,0.8,0.00034673237677095524,0.005199650085485881,0.0012509143636488973,0.000521886614451403,0.0002273449262443683,0.0007201520539219753,0.002017975790555194,0.00759701616733836,0.0006238066671892214,0.00570201645061227,0.009338582962749245,0.0032504809480053106,0.0014191687566202402,0.006395884709715621,0.0017811226391510027,0.00043466519024744246,0.0011963988198471693,0.005428551896097746,0.005597214510416262,0.0038032522869006716,0.0016501878645702836,0.0009389533602812031,0.0009443459127577474,0.0005899199962077534,0.000790285881480914,0.0003505217941319286,0.00021160738997186981,0.00030376281102776324,0.001703178277595931,0.0010286475470803742,0.0029468918490022874,0.000675974386737509,0.01001198348435123,0.00023369878308505016,0.001732670280082673,0.0020559005829176983,0.01276306060117665,0.0003868741079197614,0.010192917096998304,0.0006066640756269148,0.0032211409773811343
Iberville,0.0006838098982810611,0.0012852197507153623,0.00023918276282618116,0.00028580226277862095,0.00079168310495012,0.0024379845286704393,0.008141616465442581,0.01587047159979432,0.01626263559810471,0.0021868514495664597,0.0029417122936410906,0.0021538745374443807,0.0015321530473721636,0.013550614569157937,0.001204713039370725,0.01129052973789595,0.00022640902351611915,0.006556278828738918,0.0003758940934550466,0.000785485353149893,0.00280346158886694,0.001986236452000346,0.0003805614741677127,0.8,0.005286013354763515,0.000707155045812631,0.0011352281621790894,0.0004632659041301975,0.0005173377552812573,0.001918268878131873,0.007457741560438352,0.0002937760841122565,0.00382045330244028,0.007439305035119383,0.004150079288446172,0.000787594017146269,0.005504211012781988,0.0010778492282247417,0.0003200059899244901,0.001424378359673615,0.0067994759876273,0.004313047701410434,0.005642879972665295,0.00092579240664707,0.0005436659697709767,0.00045630937378109094,0.0003405003217946235,0.00043038998044467476,0.000531483218495937,0.0003551067556571383,0.00036393727725647716,0.0008366319560000173,0.0004851518850913121,0.002000759716744666,0.0005382172834339795,0.00902932258370052,0.0005745511407364841,0.002806092658484849,0.0009676019317564204,0.014359314135621368,0.0002094613793048755,0.007276883971381422,0.0004235917319979068,0.00351398622168194
Jackson,0.0021376877155052394,0.001182786433716207,0.004373035640842241,0.006065060278177868,0.0007606413552451982,0.0012443730569256534,0.0001892668158267082,0.0004088235766315347,0.00046889238759070513,0.0025051408091115368,0.00022610076036853877,0.003640749536901286,0.0004158292707837099,0.00027540904336112893,0.0005991642603546602,0.00045534685496882287,0.003015017567742806,0.0007600663279139216,0.0019998945087755316,0.0011704867894288206,0.00035858973510251204,0.0003306501568297028,0.003757190749314582,0.0034800618118277786,0.8,0.011701283613248046,0.0022246620925047986,0.0025932596849767967,0.010848126361989412,0.0002974251646184791,0.00015948335606917133,0.003592430484131532,0.0006619468701114925,0.0003575303670078576,0.00028247152949832096,0.012343087915506003,0.00022234743655610498,0.01847166859883696,0.0017747842355666365,0.0004799046008422802,0.000263513816111354,0.0003499212023192353,0.0005117635408596609,0.014353955799473963,0.009794036094818314,0.002957783414117139,0.006714995202917535,0.007526309303341816,0.0016197834428084482,0.002660093878534608,0.006621297403206346,0.008820454038471794,0.004666878628043502,0.0006208632953853939,0.011467375871642621,0.00024140727028969754,0.0033557480766238635,0.0007327649268074032,0.005644321817269115,0.00031181568024870595,0.0027571553935237083,0.0005999026223763608,0.0013956407746889162,0.00018154075140986226
Jefferson,0.0008793730817845019,0.001712159224737316,0.000151115299585757,0.00016241356411832142,0.0009586524920974447,0.003241722571231313,0.008934582052657779,0.018270697321746722,0.019208642446098052,0.002754674117218374,0.002774635764877759,0.002552402358341315,0.0014329265896288394,0.013777425144058804,0.0010269258615961303,0.013885030448952757,0.0002105927781629201,0.003985875761361544,0.0002937505591747272,0.001044288044125617,0.002261044929813718,0.0023393890072100376,0.0004222813298662751,0.00021749962959383885,0.005466617421941009,0.8,0.0014392290825219786,0.000583662501793815,0.00010376052907738026,0.0019944899439411456,0.007361710833222883,0.00016498309801241126,0.0024049452367936658,0.005798387037437242,0.005047806418416104,5.74518337191796e-05,0.004811948194279036,7.927194128386304e-05,0.00037914130691539506,0.0017428354276052124,0.008085768465235158,0.0033398867992935595,0.00726482401061172,6.62246320173739e-05,6.69364858018944e-05,0.0002088957511828869,0.00010717192689791695,8.25388539703234e-05,0.0007082643267249547,0.0004541589286987538,0.00023811471462057725,0.00010088051896803616,0.00013482987511263556,0.0013936649481937518,0.00012365955842944247,0.008103231603012668,0.0006637338526436241,0.003713097098299578,0.00019140764032116612,0.015594593668199805,0.00024928230755365125,0.004827661179402189,0.0004360705205568315,0.003910761149251267
Jefferson Davis,0.00027647551652331873,0.00031385949982372217,0.0016915689083284056,0.001509705578110427,0.0007352958786175426,0.00044718449558049905,0.004096346692640745,0.0062505080369742744,0.005850299999973958,0.00031990878097408986,0.002829437278377709,0.0003444738642982576,0.001936362952038348,0.007804817198649681,0.002060515734101459,0.0036121559842917828,0.001398919425454931,0.011371188849563754,0.0016271153879048943,0.00038001015978056103,0.003779499462034797,0.0011436085901863132,0.0005829191179085376,0.0011552736641949057,0.0034388012005843447,0.004761982181041982,0.8,0.00041018819178596165,0.0028231980869044804,0.0016905311011691515,0.005102579443431618,0.0019452963325267793,0.007066836840312438,0.008417507410040704,0.0016424486105385979,0.005372057621691499,0.0052937151600052695,0.006920297859803659,0.0009260325515741978,0.0008171794692643839,0.0026796939920963624,0.005557082253012141,0.0015583064318001399,0.0062800968071029875,0.003588921425921244,0.0025816615598792435,0.002230227394513651,0.0029467728956049707,0.0004097459044178311,0.0005320320530210926,0.0011729492152031777,0.005899385639765248,0.0032552184352010833,0.0038459857477356565,0.002641905103514728,0.007444283722873973,0.00038129161356536867,0.0006853149628473831,0.006151670133595352,0.0068541892899727196,0.0011275718601144243,0.010859508376715305,0.0011339884821667057,0.0020360935823511795
Lafayette,0.00029401782241688133,0.0006280121866086861,0.0008053093681114395,0.0007259808944992457,0.0006946683583276596,0.001136174252776919,0.006415897015197299,0.011226582046162415,0.01098810230321552,0.000922539820114077,0.0031342133830661307,0.0009073614427197922,0.001819659637065077,0.011640053847462839,0.0016861833957788654,0.0071300027372457235,0.0006895117353376682,0.010114902117443713,0.000893642710631031,0.00044826205055360134,0.003615100275666553,0.0015446733327941094,0.00029704913977519475,0.0005514967359154815,0.0046892125139532895,0.002259074346444084,0.0004798373453990898,0.8,0.0013785394295335054,0.0018823586501068993,0.006892136380125197,0.0009537296369460196,0.006010111864472432,0.00905277204612159,0.0028117067751950407,0.002546044882742379,0.006052551357494509,0.003308783131013,0.0005197912091109391,0.0010604134808169768,0.004696810764399759,0.005533218455079046,0.003250383339109396,0.002978292691559967,0.0017048857666421644,0.0013402143639313013,0.001058063337114547,0.0013956959103597817,0.0003112056995599471,0.0002537114279940853,0.0006024663846422333,0.0028273225087140554,0.0015984976724330577,0.00312592248289318,0.0013158290099751402,0.009288829134253026,0.0002710388993541094,0.0014819426920938692,0.003104263322561643,0.01119360146027983,0.000557286580994668,0.010337830797809268,0.0006973508549776973,0.002868876784907313
Lafourche,0.0006063288731141874,0.0012665865909418199,0.0001419623437176605,0.00010857915085041542,0.0008693220170839047,0.002339875823677162,0.008901996057058822,0.01742671029070626,0.017843506399806062,0.0018024145540883176,0.0030785846576090034,0.001591823869867371,0.0015865650815778938,0.014615008644710726,0.0011940665989512976,0.012311537834260302,0.00020508606822501764,0.005662729066697467,0.00033343688197285813,0.0008117012697601606,0.0027521079949810795,0.0021809697999202815,0.0002737795636555308,0.00017919280738535462,0.0057074541681113805,0.00011685160975649541,0.0009609173465870393,0.00040110029655211326,0.8,0.0020629407359146856,0.00796496957562287,0.00018853431534925858,0.0033342917329879204,0.007271665390796556,0.004543922347196395,0.00013341520853339366,0.005629906630236538,0.00014504601763471283,0.00034810629995601146,0.001561499492802538,0.00746046845583436,0.004180055469784314,0.006029426044357286,0.00014828873508839323,9.27358332139082e-05,0.0002877140936289898,9.390040104434444e-05,0.0001017443134922368,0.0005377565001465033,0.00032245328935872025,0.00014050944436427336,0.00021710848994045188,0.00021004521715191086,0.0018179453989042283,6.7855979174432e-05,0.009357799146872259,0.000424934964431699,0.002898193836646645,0.0003723545111008232,0.01569023673460822,0.00022299834749728967,0.006585711050259361,0.0004416664656424414,0.0038436038688000164
La Salle,0.002164638437632873,0.0014410865370347629,0.0036929069423317406,0.005156668797328512,0.0006826279453693006,0.0019498217664279426,0.0011288642065510068,0.0023647402176335953,0.0025667270139697507,0.0034504166471072996,0.00042286316879149195,0.004743515048169033,0.0003912315989951264,0.0017793747121628706,0.0005652253629737019,0.002066425984554787,0.002546122373269387,0.001802272973397844,0.0017065098741485098,0.0011889617561533247,0.0005958408440661681,0.0004346267510376851,0.0034089067779754937,0.00295242062066039,0.000695324861321168,0.009980601666305383,0.0025567613772666774,0.002433652213649257,0.009166617328863775,0.8,0.000977816694654552,0.0030504971888339156,0.001213887854407099,0.001257108725496887,0.0008098985796677537,0.010576850828485338,0.0008115188213892289,0.015762570160006137,0.001505874026625312,0.0005291921576403938,0.001137416576826253,0.0008345555782947677,0.0014805764214245282,0.012330016793496592,0.00830124651166974,0.002586983367627933,0.00567069763864484,0.006378196840496851,0.001525860005718657,0.002397881336209869,0.005754405918863773,0.007797805231318466,0.004063512783150765,0.0007934645981622485,0.009713536923324228,0.0012461187859888717,0.0032518502611440805,0.0013129898088007413,0.005261911524625962,0.001963866283435698,0.002333248111139087,0.001644068788027435,0.0011786885584101172,0.0005101325108429674
Lincoln,0.0023214464211204493,0.0012863001554904504,0.004446843138819447,0.006293873616561619,0.0008091206103512832,0.0013276676379654362,0.00014293198118407177,0.0002797847529993044,0.00033519096660653285,0.002695478502949516,0.00020965687305484753,0.003931313259560269,0.00040481497069187137,0.00014864048836040478,0.0005706486255709914,0.00037312846496689536,0.0030673040263496693,0.0005010663149299382,0.001986988420148257,0.0012697481115137381,0.00029793347491760753,0.0003593036626038575,0.004025816258698096,0.003600707174173681,0.00011695994058834723,0.011556208051357758,0.0024208536359847446,0.0027952569032820753,0.011102433913694238,0.00030673912441523364,0.8,0.0035871090078541884,0.0004882647981316455,0.0002157473090762571,0.0002905591526800223,0.012107348531922359,0.00014991144721113403,0.018211530824308236,0.0018373995377811466,0.0005205344452641862,0.00023804147378761922,0.0002537729841867066,0.0004992666107440457,0.014029655086579579,0.009792143098525248,0.0028574966354728447,0.006821557347461998,0.007531687564068733,0.0017451067487143385,0.0028441122913531423,0.006991793796754044,0.008390084689363987,0.004514048243295994,0.0005269238060469938,0.011823524092222225,0.00012599597748470136,0.0036336485710682727,0.0007755088906267539,0.005182417859455281,0.00019248429885150735,0.0028394042549325857,0.0003802312992118556,0.001421072726480254,0.00019745712017146705
Livingston,0.0010707395106774752,0.001829750700218768,0.00021749231674040963,0.0003664623179652587,0.0008997860329209797,0.003491453271367632,0.008253927972989317,0.016846366378556132,0.017730908545278597,0.0034197718452404213,0.002627111486299195,0.0034854533973151373,0.0013513378612525508,0.012897101349757596,0.0009892470511219551,0.012915909510603878,0.00021159706349842662,0.004589478751530529,0.00027509555011392104,0.0010825798291610998,0.002251700602354246,0.002165311771124856,0.0006382386831539287,0.0002738540223710393,0.005086655878597092,0.0005000325361331729,0.0017819139909922975,0.0007468189966949804,0.0005073955986003957,0.0018475855914429778,0.006925749613801166,0.8,0.002695969979745554,0.00591835515092373,0.004692044170595882,0.0005364991274913629,0.004685532901872359,0.0007893050212855389,0.0003647937144621634,0.0016314775761320426,0.007475229789747594,0.0033994894962757036,0.006936264271681945,0.0006293190053560528,0.00041527593747918933,0.000248268653408021,0.0003056335667861014,0.0003194393293585278,0.0007706040167094653,0.0005725539769071819,0.0005437028503228399,0.0004734405648996538,0.00025501699238720686,0.001467358467832735,0.0005708044460689793,0.00784542228564514,0.0009530178525937017,0.003707843733630914,0.0005019661277129784,0.014432197147780896,0.0002624611317103496,0.0053146256200394424,0.0004024544854532427,0.003606804579828003
Madison,0.004245451176702095,0.0034381923557379413,0.003256198465405756,0.005261749359272478,0.001290733799131969,0.004973668315869335,0.0014057447265535703,0.002924388842217051,0.003463250111596743,0.0084189910946057,0.0004585272406692632,0.011175838720097534,0.0004906662642537304,0.0014390559372665106,0.00047591331073128576,0.003477786478284585,0.0023642071664651894,0.0002289066577430601,0.0013876966720933973,0.0024912678754844928,0.0002756173143989962,0.0011115338792719279,0.0051151716650976765,0.0031225990179663808,0.0008217992760793969,0.006390909056153846,0.0056757684645897645,0.004126399479552198,0.0078678943500349,0.0006446309309909876,0.0008265635752513326,0.0023638161115316515,0.8,0.0003761913103229513,0.0017397786335377763,0.0064145101149383245,0.0004348139075886215,0.009719667914769171,0.0017892397810712443,0.0013110198547920844,0.001967679752352418,0.0002567560615480696,0.0033194764412352814,0.007223518820217276,0.00591646876664353,0.0015798706832221353,0.00474690385877279,0.004670859122776389,0.002755871166711443,0.0036624746353787307,0.006907945975509481,0.003864869822990732,0.0023827417572603376,0.0002581353255959285,0.008863212259311574,0.0006659507071779135,0.005733081579628062,0.003358434583272172,0.0021034385726262203,0.0020080303518687195,0.002444828888691389,0.00026810424757246694,0.0012768117567254532,0.0009683756547905054
Morehouse,0.003463092384325262,0.0022625685016778516,0.004160578361683022,0.006398479197291359,0.0010578883148526003,0.00274623346745445,0.00040078577791446415,0.0007545824687061699,0.0009187677967045461,0.00523863892523816,0.00024039059374869043,0.007382341933992849,0.00040785543666359275,0.0003367072463606215,0.0004988603852545921,0.001046023872149988,0.002921605447943683,0.0001942721306434846,0.0017609158910022336,0.001910216322134928,0.00021437001564475074,0.0006163066043864875,0.005071335596275394,0.003680809253175669,0.00026869846064657573,0.009327693544424738,0.004092538145186277,0.003762529568862963,0.010387198538817677,0.00040412436692062123,0.00022109344076641307,0.0031412990414724567,0.00022772902244549333,0.8,0.0006933649806554449,0.009520383034837609,0.00013340185127191101,0.014452201242630257,0.0019486529826014385,0.0008337154261183883,0.000645156926732776,0.0001405842623069614,0.0012785121858008076,0.010852972436748438,0.008322268656105837,0.0022434148688044637,0.006260185310084649,0.006473384582166798,0.002385790024422564,0.0035673395296341222,0.007811110993369385,0.006004602528225577,0.003486115874897311,0.0003370232501844492,0.011437620092923548,0.00015251087156329909,0.00510498689434879,0.001679218290302763,0.0033868709330720026,0.0004945785357790636,0.00286819940528182,0.00014385415780355913,0.0014222892857193442,0.0004031605308385028
Natchitoches,0.0013282918979759266,0.0006451469310552155,0.004211900899091307,0.005226165952093174,0.00064748079034831,0.0005768112869879602,0.0003103056108203645,0.0004887303021585573,0.00048406959003722893,0.0011972949273032732,0.00046480975255819464,0.001771948526585707,0.0006144762151473147,0.000598648390091465,0.0008797296836118989,0.0003369496767023921,0.0029487978024405393,0.0020598961525787637,0.0022177968201720385,0.0007678398843259563,0.0007831262341829982,0.00026755836714744503,0.0026759825810529106,0.0031128746104627015,0.00032182606331484126,0.01231016991730887,0.0012105850500954763,0.0017715876819400455,0.009839878476541488,0.00039469999549307977,0.0004513976759862473,0.0037754144906783985,0.0015966065363632919,0.0010511294179792016,0.8,0.013304745007762821,0.0006400579245649473,0.019341186787614584,0.0016455474399524187,0.00035694549287319094,0.0002044681031389514,0.0009098819140276445,0.00023361015236999643,0.015616713925029274,0.009864034061027344,0.003554908814530901,0.006392582406878619,0.007613191478249792,0.0011400531944203937,0.0019569446333120334,0.005147442019938897,0.010689908325090133,0.005466476960679715,0.0012023191461134433,0.010023429296308537,0.000713422960069594,0.002149952220834966,0.00033284758290116646,0.0077484125069530495,0.0005108507501834743,0.0025555846739609305,0.0016916407775711877,0.001432623697522666,0.0002202895554866938
Orleans,0.0009300027481816757,0.0017927152510737628,0.00015711099043430376,0.00017372434858823585,0.000977993012922258,0.003400826391536554,0.008918244170571271,0.0183475528789142,0.019371079531779238,0.002924684494370008,0.0027273180749096716,0.0027238199912456755,0.0014127541339767151,0.013596236170472906,0.00100559049440761,0.014112655916021096,0.00021605206863704803,0.0037354017133323656,0.0002924868484425731,0.0010880303122868553,0.0021874238258456154,0.0023680753804729534,0.00045026000586128055,0.00022766764513230297,0.005419559985536893,5.3995668799275584e-05,0.001525941388047403,0.0006182332429619002,0.0001113416998110129,0.001986490705089754,0.007248822691251572,0.00016636625497221499,0.002268616456987461,0.005562145985867075,0.005127435777390685,0.8,0.004677678339667158,7.161439700802995e-05,0.00038872037643424516,0.0017767288807047006,0.008174005309297641,0.003210022561356757,0.0074658683644651044,5.552485288405378e-05,7.171833447901899e-05,0.00020207865061115445,0.00011376855561812138,8.641491728478538e-05,0.000741231903876107,0.000479906779414243,0.0002558448842475214,8.77506133641523e-05,0.00012888300770411278,0.0013336345811545227,0.0001324468977246727,0.007885814868973941,0.0007077055562890981,0.003854015760991855,0.00017003426390548972,0.01552574527812884,0.0002578474516691994,0.004558699066946507,0.00043999617618875007,0.00391964311347875
Ouachita,0.002963271971484908,0.0018573468059773677,0.004227840030579547,0.006290698200775333,0.0009288468154210562,0.0022043092661172673,0.0003542690389877095,0.0007197631462187177,0.0008584841193337585,0.004242819844618224,0.0002058878442811999,0.006017153393866417,0.00038313079813677084,0.00035929868251235493,0.0005049328520415984,0.0009099395334946334,0.0029361346064250707,0.0003674285033179051,0.0018189768408791607,0.0016229070512598438,0.00023093051436938553,0.000501605536590945,0.004585682023590193,0.003595571762457633,0.00022062072690071455,0.010219977792352956,0.0033980654434786362,0.003321228536434488,0.010617632253194717,0.0003444313975936544,0.00020282767304150115,0.0032834408071288125,0.00034751614792258675,0.0001761261318855949,0.0005574256282140033,0.01057071425780155,0.8,0.016002791949858694,0.0018626788747736242,0.0006906560871606172,0.0005397239243360737,0.00018092767192348723,0.001037044270946109,0.012159319533227148,0.00888494171278025,0.0024676551415480923,0.006436144847013258,0.006863789571367569,0.0020876909531557363,0.0032220529700849945,0.007401275058691823,0.006990040311424691,0.0038825884238988255,0.00040325464771836676,0.011525397989784117,0.00017990669975956298,0.004455948204310366,0.0013427452981855678,0.004137717900719968,0.0004925369997327301,0.00280943806251702,0.0002876156804277056,0.0013866945576188347,0.00032218667834853465
Plaquemines,0.0008296981806261287,0.00165957878285714,0.00014997417826142042,0.00014774226396470195,0.0009646138240193016,0.0031237240173833856,0.009055839831994808,0.018504606215596856,0.01943085082752178,0.0025486692860918125,0.0028040984745638917,0.0022973853664483793,0.001449552203407348,0.013943965445517143,0.0010359559783378993,0.01399171512821028,0.00021153649592727582,0.0038555310697000445,0.00029767578420296966,0.0010237858049891664,0.0022643000214741422,0.0023636260521289567,0.00038586861487581144,0.0002127517902437146,0.005538123478791529,5.0873407162278305e-05,0.0013422650397089805,0.0005486190736391598,8.265604450243851e-05,0.0020214988181445487,0.0074452825964630796,0.00016713114448348496,0.002347282235236135,0.005765517079338288,0.005089710658927425,4.890087617579907e-05,0.004835463184404276,0.8,0.0003804584133298134,0.0017538734279417018,0.008172278819673159,0.0033268007658141955,0.007252290273907943,4.377016201306594e-05,6.389394283675641e-05,0.00020903090715703422,0.00010245803753851185,8.204228404656208e-05,0.0006888046548601226,0.00043119263200786743,0.00020453842640801438,8.608039815766882e-05,0.00013356207817963884,0.001382491428577033,9.454332932217808e-05,0.008148892309622829,0.0006043611251951797,0.0036578545341234493,0.000168764719343001,0.01580597285390717,0.00024820946451192995,0.004717519195021856,0.00044139438976778945,0.003962552151413723
Pointe Coupee,0.0009329747965733759,0.0013996305226563269,0.0006960953966140346,0.0009314618757055932,0.0006910659861923947,0.002660944842746742,0.006953582198553738,0.013706919099399625,0.014165590778708709,0.0028394190200377706,0.0025186791001369025,0.0031017120116404303,0.0013228915558489806,0.011514828011841555,0.001077027486373045,0.010026363200122205,0.0004895582728892914,0.00624143852937863,0.00047807651703923133,0.0008217961711782148,0.002486442604941061,0.0017191239369801917,0.0007949324490850008,0.000533215845932515,0.0044919177993522725,0.002054008163034982,0.0015162453284612923,0.0007275473467568349,0.001674597442099841,0.001630289881795936,0.006341150599975369,0.000652063062833963,0.003647641615852496,0.006562487672720639,0.003655527990336015,0.002240698065105434,0.00475127363000816,0.003211714436154934,0.8,0.001255542654651358,0.00592972829231801,0.0038385606660957016,0.0052230841423219,0.002635871925267419,0.001631334709406408,0.0007669571113257746,0.0010605101639910622,0.0012614135766904448,0.0006183033785754129,0.0005920016602412047,0.001090008904487251,0.002010190437779961,0.001041680657339729,0.0018866237388264703,0.0017573500528437675,0.007742117434385427,0.0010030860881763836,0.002764356767984408,0.0018487629085731333,0.012256414350038809,0.0004248611423863648,0.006716470156010881,0.00038125638038598265,0.003002579454832977
Rapides,0.0012469435521377582,0.0007620267401147791,0.0033007168607180524,0.004118756652203028,0.0005080938463751503,0.001069430397573935,0.0017031950656622404,0.0031476620033562197,0.0031945368588025993,0.0018247594821178457,0.0009728701801739027,0.0025063773704413175,0.0007642259270317469,0.003067669256525557,0.0009618560440037259,0.0022315692342475555,0.0023170796394041994,0.004193860323909973,0.0018057809401584267,0.0006816718832316873,0.0013791682008804833,0.0004071410028567449,0.0022486278643584147,0.0024391390253552235,0.0012482667420828106,0.009703394543675555,0.0013750766833990058,0.001525365148839131,0.007719810437659289,0.0005887837813731438,0.0018462061210522012,0.0029970197871608574,0.0027467500033023936,0.0028854800745927475,0.000814906641474152,0.01052527478190294,0.0018105067388359181,0.015215780274122652,0.0012903208648015274,0.8,0.0013359419527100948,0.0019562402475850962,0.001213217170396956,0.012366458091885742,0.00774085845591719,0.0029524014699391955,0.00500496112445882,0.005981090029683827,0.0009567512228470683,0.0016105415146133982,0.004167787742311629,0.008740272972037076,0.004455363211811344,0.0016394942737291628,0.0078984850506205,0.0025954377182302335,0.001955172534024194,0.0007935247867547765,0.006738096357690109,0.002990237433903403,0.002001127666117469,0.0038540289124444817,0.001150142175758746,0.000756266908614552
Red River,0.0014222674100687418,0.0006818416070205344,0.004391372346136071,0.005543896623845426,0.0006771926968576291,0.0005666153003108036,0.00013846255540609923,0.00018812234429662603,0.00018824114560469742,0.0011870051920200933,0.000355796294602452,0.0017688145887583481,0.0005501225874298261,0.0002595917434893227,0.0008003987616230884,0.0001437461697391202,0.003059654521460053,0.001365702399472927,0.0022343576215992623,0.0008247236430023121,0.0005969277103998632,0.00027217608580294174,0.002873584037926907,0.003279328541423047,0.00019304305106192067,0.012679055666931534,0.0012699685620984383,0.0019028297753040714,0.010387934049522674,0.00035641854164706607,0.00023778345891863496,0.003867509109815915,0.0011610811597600758,0.0006288743818199604,0.00013147095552919997,0.013637836920507898,0.00039848159566362726,0.019968132587370364,0.0017163242505195066,0.0003762581231553558,0.8,0.0006235235186715056,0.00017145102401945714,0.015984502274120987,0.010238351477561813,0.0035236907639087196,0.0066903808325520075,0.007887889573270227,0.001223435677562813,0.0020984193652121563,0.0055118711126060805,0.010644673585919846,0.005472063146891542,0.0009841613216584567,0.010632481835648798,0.0003791123562104119,0.002304086734109563,0.0003274373001793317,0.007427217385017335,0.000204721363707521,0.0026744421102863772,0.0010741033254693044,0.001462123820704742,0.00017691597678850897
Richland,0.0035406199648221333,0.0024915853057616106,0.003876259622778204,0.005991390827602008,0.001064300604859248,0.003276741291965521,0.000718870932910737,0.0014889731692419735,0.0017654093456641784,0.005954517575971438,0.000270809802095072,0.008202643893058421,0.0003975340816409655,0.0007434367585729252,0.00046821016876737333,0.0018036087554343728,0.0027271101300550948,0.0002968152161697883,0.0016392056696021427,0.0019815267591582076,0.00020190294658622827,0.0007138752224923108,0.004921234168449578,0.0034550625690297314,0.00042577799380206615,0.008698803596668341,0.004374382579633987,0.003723375728454815,0.009667346855596108,0.0004343683474307179,0.0004210528072116258,0.002921343813681745,0.00025164658282018893,0.00022761318506386304,0.0009717430755102237,0.008895714434478601,0.00022187264667996,0.013501537899554562,0.001845419580891747,0.0009151297142154456,0.001035654770487278,0.8,0.0018486499909184653,0.010157755516620898,0.007742504464113196,0.0020908504187350588,0.00582502578991195,0.006020342874004351,0.0023869673956193383,0.0034695879880814093,0.007392588590405027,0.005666654301581073,0.003256128920678197,0.000316694467314486,0.010659518911097133,0.00035320033382305434,0.005095688339897547,0.002093204308737071,0.0032446451303612695,0.0010249618542348248,0.0026918027082136324,0.00025780524619667324,0.0013395917064001367,0.0005414023481846516
Sabine,0.001009462228511029,0.0004583463726676352,0.0041495685637947645,0.004783154318800551,0.000664668451966248,0.0003200915885761312,0.0003283985903431489,0.00037012092192528567,0.0003320588821491873,0.0006623011205877525,0.000621410841445981,0.000989512963154242,0.0007811746237005823,0.0006134248278573477,0.0010977234043474885,0.00020057667056517064,0.002965223402018392,0.0027409623123305802,0.00240253600912098,0.0006440168442109135,0.0010453639206702361,0.00031442603409910513,0.002194865129573887,0.002967037888835847,0.00040872661671085533,0.012419482518726545,0.0008051437497859885,0.001435635715819162,0.00915275532864578,0.0005058064456558916,0.0005437187724991386,0.003912417784223635,0.002135455605452587,0.0013586769443122645,0.0001637603504808995,0.013580122916994517,0.0008347312836006502,0.019318893569791558,0.0016481789465742022,0.0003725200390624851,0.0001869187544716529,0.0012134037069132155,0.8,0.01597647915604713,0.009756862468262477,0.003935647583468063,0.0061835154000932655,0.007590470324771866,0.0009752483662815611,0.001670894150097334,0.004397064964827646,0.011610744416611822,0.005918423332264607,0.0015771677448096935,0.009105445239242099,0.0008693102674800418,0.0016315713683786241,0.00019518639677497943,0.008932246079200658,0.00046314729664542753,0.002507065185529929,0.0022309884312576764,0.0015250786494072756,0.0002946682175742411
St. Bernard,0.0009363888046336873,0.0018122611421649067,0.00015896153455317665,0.00017295592830245503,0.0009882752996530934,0.0034362564434248294,0.008944895644995073,0.018446158525051215,0.019505197731102954,0.0029367621576527596,0.002715774555101107,0.0027201958449679805,0.001409473738290148,0.013561124735193802,0.0009998120019714973,0.014244827723700558,0.0002185836534575349,0.0035957793801877427,0.000293525899220752,0.0011008178257213533,0.002157768199916898,0.002387957767911759,0.0004501861449149686,0.00023011340890269626,0.005419275308609701,5.3518506870585e-05,0.0015338854690690538,0.0006218463348094105,0.00010641186950279008,0.001991238271550155,0.007222621082397306,0.0001678017449501593,0.002196725529369025,0.0054521282890219805,0.005175028350551298,4.7743782304169415e-05,0.004626629226574463,5.511772171168569e-05,0.0003931947193869057,0.0017949917377681171,0.008237927110684218,0.003151769237120998,0.007552436966384938,0.8,7.130277423443122e-05,0.0002000826652492448,0.0001142204838395082,8.727577736096562e-05,0.0007493559603477934,0.0004834060908970376,0.0002516649324988421,7.984874322841525e-05,0.00012703613909658898,0.0013062723774476474,0.00012547647078873852,0.007803616255651176,0.0007075784523659893,0.0039005678387269644,0.00015651823909340395,0.01555274331571088,0.00026097210549069576,0.004415599137208456,0.0004434831234442603,0.003938633767689006
St. Charles,0.0008025795605776367,0.0015814748534212092,0.00014258038646062837,0.00014707322486067693,0.0009238271061210448,0.0029853301556660226,0.00891101984585254,0.018010983304652162,0.018794499101344873,0.00250372203406796,0.002854937451750586,0.002312373704750849,0.0014690657484975615,0.014025871938130617,0.0010685862737376281,0.013407596121730586,0.000202861256592102,0.004509367601647818,0.0002988814814684393,0.0009719733161550631,0.0024017298949972074,0.0022803731158510137,0.0003827825045770639,0.00020193415653034134,0.005525615147012964,8.083448317162141e-05,0.001309905206776966,0.0005319371370479036,9.944405252288976e-05,0.002003328626023714,0.007533120454219738,0.00016546712298029585,0.0026886785853149874,0.0062475310176700535,0.00488457705643888,9.215288230591822e-05,0.0050519533548433635,0.00012023256597549582,0.00036364345230912773,0.001679018856115303,0.007884936228068394,0.0035899421012427235,0.006892321680375334,0.00010655056353027839,0.8,0.00022728776719717765,9.783376663038829e-05,7.888990020667114e-05,0.0006553124600477756,0.00041511646872011046,0.00021654554881753044,0.0001419914128464557,0.00015332798514135096,0.0015164854845164002,0.00011937394235518466,0.008479754130826595,0.0006016065889653774,0.00347068073876351,0.0002503817339640195,0.015616254098795817,0.00023603238436296236,0.005373419948463329,0.0004304668132309028,0.003876624112760827
St. Helena,0.0015795142121025469,0.00240158798261757,0.00039017656970514265,0.0006572584232335708,0.001005019052906139,0.0045353179482497145,0.0077232540630468955,0.016207420352679438,0.017431559879346605,0.004911369478283554,0.0022801059833248223,0.005252763077801685,0.0011910024848456127,0.011414563975614493,0.0008379729490320357,0.013279905596959048,0.0003400510454340508,0.0033367056073028687,0.0002780777300743119,0.0014083074816414363,0.0018125204898721652,0.0022228899582786912,0.0010625575247163255,0.00046778933095657343,0.004605731215953705,0.0006962683462639969,0.0026006895553770514,0.0011541242908269683,0.0008515411880800842,0.0017231211360145616,0.006067309859539766,0.00027302984598294303,0.001981577850269483,0.0046482509904961335,0.004858633656216689,0.0007166588168152196,0.003872598761498691,0.001085640957132999,0.00047186423494466437,0.0017674825998297776,0.00748995529725269,0.0026757296491409146,0.007673347125817331,0.0008252244259035613,0.0006273203112642,0.8,0.0005213860996160268,0.0004949104185873104,0.0010704328121824095,0.0008951477428235744,0.0009731314699933676,0.0005056098843402951,0.0002642771633620034,0.0011204215026420822,0.0009776276136183176,0.006529421807406449,0.0015271605197448304,0.004441971806057296,0.00040386727136200337,0.013309495320245068,0.00041005646742227206,0.003955806629534223,0.00043928619601870555,0.0034661979623970027
St. James,0.0007266822721616556,0.0014339207655928395,0.0001359150677766427,0.00013849818252053688,0.0008749877893785979,0.0027030776769819374,0.008747384856158408,0.01739018204146778,0.01797951402940592,0.0022760878270424753,0.002941905338175581,0.002125224973934039,0.0015138688030755234,0.014136411225042058,0.0011308318065013446,0.012635137131721305,0.00019712475531972933,0.005356999935459046,0.00031485479865605393,0.0008860025347529098,0.002599880344774263,0.002182445787365216,0.00035117303797190945,0.00018467799451676252,0.005532031291584883,0.00018898824199019618,0.0011886255251276027,0.00048205509830788457,0.0001470343042959809,0.0019983215201669333,0.007663032771740315,0.0001778262974937954,0.003149972307446923,0.006862365834255271,0.004622412779244577,0.0002134621898505033,0.005343804315569895,0.0002815324424901584,0.00034519740214101086,0.0015852112421110916,0.007523830068823474,0.003943881163568628,0.006378385887928929,0.0002492374543550354,0.00014285938043179987,0.0002758456562487864,0.8,0.00011937077416639836,0.000595057136694329,0.00037562984599447466,0.00021351573442617697,0.0002743846248055613,0.0002137106823462989,0.0017137395450088214,0.00016612640586166004,0.00890334468656017,0.0005517472291993164,0.00317057748886183,0.00040999867668522073,0.01538945173687487,0.00022145258662813997,0.006212535571189626,0.000425880805737667,0.003784774318033192
St. John the Baptist,0.0008406870684182926,0.0016188283447086443,0.00014281376644063417,0.0001643978318479101,0.0009175438196469464,0.0030685825218844318,0.008804380556931937,0.017812296192117036,0.018607997790711872,0.002655255802859981,0.0028260204054651773,0.0025043272554113104,0.0014537918484496184,0.013864151624512459,0.0010604217580378128,0.013315971913353864,0.00020122308085319062,0.004598459229291054,0.00029583985561334596,0.0009860770475125066,0.0023937306832465437,0.0022587330819680606,0.00041425987498811917,0.0002055513695115724,0.005459860955027299,0.0001281659850543772,0.0013829394706170338,0.0005599334590152507,0.00014028846681648916,0.001979189559784344,0.007450236232120823,0.00016366051788974909,0.002729315037360268,0.006248541894146214,0.004847521478318312,0.00014277364063120844,0.005018215375263297,0.00019850925376506837,0.0003615520129385294,0.0016681203252139644,0.0078110525557339655,0.003589283754528851,0.00689452942532947,0.0001676963601519875,0.00010143830739770983,0.00023056527346125127,0.000105113527240019,0.8,0.0006694568783665813,0.00043366161556420964,0.0002520133250350628,0.00018132698215595806,0.00016159540865318087,0.0015241220683619608,0.00016625066293704237,0.008415716831657974,0.0006501770240358261,0.0035071406954737846,0.00028866418060782633,0.015427940701438101,0.00023604946527522978,0.0054392732669100545,0.00042541334980213856,0.003831351952137224
St. Landry,0.0004160137440443406,0.0006379794770001944,0.0012482935183044477,0.0013066856541876226,0.0005949282227894055,0.0012130187076007056,0.005490443866626496,0.009790646487120224,0.009679831378748721,0.0012113727374520066,0.0026768681498714046,0.0013436570883997075,0.0015888042958327672,0.009900331442435637,0.0015305521141012316,0.006386829860516857,0.0009639538340057555,0.009073378180045728,0.0010509747958027955,0.00039946799908033114,0.003164664969913571,0.0013145130335204538,0.0006218668805053394,0.000859095677503597,0.003976950918374174,0.003722232259221689,0.0006508259816004051,0.00042255856720345674,0.002509523385321193,0.001602499558262082,0.005842429774925288,0.0013362279737135316,0.005450163934061802,0.007794230596340436,0.0024568116357042394,0.0041448343109723946,0.005165891741811412,0.0056406979271742515,0.0005998030332131677,0.0009031082625842008,0.004100375541166552,0.0048164472617317,0.0029980918200879624,0.00487317302898451,0.0028518243193246954,0.0016877980029850299,0.0017734258016215195,0.0022657728233274736,0.8,0.00045413425195874486,0.0011997682997647954,0.0041474313528506775,0.0022105544315887612,0.0028649054094920926,0.0024701276251721522,0.007885814377982678,0.0005644177942362447,0.0014218301343031836,0.004055819030645206,0.009607922413648657,0.0007819411267179836,0.009112561055428568,0.0007329481764046404,0.002439953944683044
St. Martin,0.00038379378525752833,0.000777796404044316,0.000629884147296843,0.0005894481093470516,0.0006976262813745319,0.0014419730006989952,0.006952360028550604,0.01259000386383309,0.01248789610767883,0.0012212632715004354,0.0031024288672505257,0.0012072995246285951,0.001734677108034281,0.01235605930437247,0.0015402957250214787,0.008252232359832265,0.0005395662080753402,0.009225903954380622,0.0007216836190058233,0.0005145318824582094,0.003412786116286326,0.0016532751297404992,0.0002817486901617081,0.0004307840208806608,0.004901611802210409,0.0017912847588911237,0.0006342153249714393,0.0002585401950851768,0.001129330515781094,0.0018899903616914197,0.0071460642331152395,0.0007450997196986535,0.005435931226731495,0.008746497006268,0.0031650017648690936,0.002013996117761954,0.005983570891687348,0.0026500665124190195,0.0004310013556629755,0.00114093627192808,0.005278170949530533,0.005254203645894679,0.0038550259870295703,0.002359307006963658,0.001355791726149988,0.0010592645786196948,0.0008401621652672438,0.0011015226002404669,0.000340826168373096,0.8,0.0005230244471875983,0.0022077421648508248,0.0012484893516858553,0.0028124045116723253,0.0010953930284246744,0.009376509057640706,0.0003397731109812343,0.0017993429804648029,0.0024330199492772634,0.012207460799120499,0.0004368387217390082,0.009619511763273407,0.0005929777470609178,0.003054781970068378
St. Mary,0.0004222398961664265,0.000917702031749851,0.00023094275120510174,0.00014274383042102475,0.0007988475250298965,0.001641528074892768,0.008262539634887742,0.015260881245092998,0.015210020206947734,0.0011932027224743568,0.0033375078521714853,0.0010385890252067908,0.0017761200917619435,0.014378827721994867,0.0014486631279212261,0.010081031018609299,0.0002788200764547706,0.008135928125838122,0.00047004540782856225,0.0006281417078741758,0.003354066850902095,0.0019637214146462716,0.0001870157369951464,0.0002041454324520054,0.005641538017886388,0.000434265654321366,0.0006465328826312977,0.0002838790460472391,0.00022754759149474547,0.002097224250056848,0.008123089955058008,0.0003271689264655691,0.0047408993483889095,0.008855538782062883,0.0038494559667463578,0.000496467651418265,0.006355456992207449,0.0005812631995140271,0.0003669426829562306,0.001365235368914488,0.006410659276942545,0.005176521334963967,0.004690873576151842,0.0005679466188081967,0.000327027859508444,0.0005324682553344568,0.00022082354998878198,0.00029599093316417434,0.00041634996361468614,0.00024184352476661262,0.8,0.0006845580394604537,0.00048654863802173706,0.002470855322124427,0.0002073464366391942,0.01024838940326867,0.00028230531067613456,0.0021611658658098735,0.0009731496951163722,0.014553434258755047,0.0002590015986902083,0.008936323042128868,0.000506410786872581,0.0035942288834979593
St. Tammany,0.0013101816736641992,0.0022970803685311964,0.0002162581914528615,0.0002962954114642737,0.0010733893958228514,0.004383161569052101,0.00851333181906183,0.017934146220067112,0.01932093437706933,0.004197312544911469,0.002460943386191155,0.004144291973722911,0.0013019562873381584,0.01232171763882595,0.0009059845934714448,0.014681134600173623,0.0002640156342378931,0.0028682917284655563,0.0002971100652452469,0.0013581560439292464,0.0018607053765172259,0.002451891094590136,0.0007029122261259663,0.0003145900718371184,0.005037821820928979,0.00012333149454132991,0.0021797949070471207,0.0008930449229100434,0.0002356898994998359,0.0019050843006836497,0.006534260337489758,0.00019097360357304727,0.0017780505798962187,0.004563351086408628,0.005358945142559906,0.00011414629444460595,0.004023623702869952,0.00016398330029391664,0.00045363110594386904,0.0019192182835488277,0.008299146437935844,0.002659901947842495,0.008303254495819704,0.00012079538350534758,0.0001437457486748803,0.0001854535696617681,0.00019022724253919582,0.0001427627072346471,0.0009648011057132632,0.000684318474539238,0.00045888906942054617,0.8,0.00012038487337145146,0.0010979516272951746,0.00028293878265751984,0.006788323524208993,0.0010901487087311098,0.004593665373103581,0.00012030264423403353,0.014599800358274451,0.0003259224466918027,0.003569436956273212,0.0004671647139947053,0.003839920733868425
Tangipahoa,0.0013411961870544525,0.002236174431777635,0.0002455984979804141,0.0003910826174170316,0.0010153180842083394,0.004259770553890428,0.008266877352832954,0.017285711451586,0.018515648210205037,0.004276544024890026,0.0024506824517985582,0.0043718725422618575,0.0012793061377807456,0.012268285720200575,0.0009006076255736618,0.013945956763267391,0.0002649574188627767,0.003384133964544179,0.0002810581585527957,0.0013157733085705817,0.001933969216573375,0.0023266424294974036,0.0007874809347446576,0.0003383925182768553,0.00494436853136131,0.00030576324889313453,0.0022311123938011873,0.000936574715023004,0.00042296986521431505,0.0018415177550459743,0.006521218481874259,0.0001908136600918449,0.0020333806288378763,0.004914438472750447,0.005083295048730983,0.00031098524549113383,0.004145639163346851,0.0004719662992633696,0.0004360463842144172,0.001814742272650407,0.007913792250191827,0.0028351299227107347,0.007851032509875904,0.00035648560992268183,0.00028792993740351037,0.0001798091316698693,0.0002748347456951689,0.00023600098958234368,0.0009538767532333034,0.0007178392826669523,0.0006050011003987453,0.000223308053389129,0.8,0.0011790779727279923,0.0004969344925322092,0.006992899882884258,0.0011888017244781797,0.004374983126288296,0.0002295633436481735,0.014274126180740728,0.00032871874047565907,0.00407918883135829,0.0004417424594382572,0.0036910501897494965
Tensas,0.003673419605887636,0.003177366041495252,0.0028519787707970293,0.0045451180047089345,0.001139796299369623,0.004885630720845061,0.0022185138997029485,0.004787896851789669,0.005483319946670053,0.007804057077800851,0.0006082121443654237,0.01011798792052806,0.00046851531674236267,0.0027140303153718984,0.0004087161480412106,0.004959306584015585,0.0020440678378474087,0.0007209354519067052,0.0012057260970419817,0.0022057563774812773,0.0003855030752004024,0.0011781018958043105,0.0043190678134788565,0.002671716275022396,0.0012593100960227393,0.00605075964145878,0.005046628720357573,0.003506396279214306,0.007008576810449566,0.0006884211539427422,0.001457346246370263,0.002101981731779581,0.0004217368205344225,0.000909587154156016,0.0021404738731352338,0.0061607465492727565,0.0008243315017643038,0.009352821384895196,0.0015119441760394754,0.001278480526967977,0.002724910294851882,0.000527915267751749,0.004005447172916212,0.007017797507382756,0.0054520022184958985,0.0014594388880416291,0.0042193212853888105,0.004261445419533032,0.002366757222541943,0.0030957974357350183,0.005882061920698494,0.003899132955178673,0.0022573291929385824,0.8,0.00782204306696146,0.0013787704180721631,0.00487865974818579,0.003500790374207617,0.002248470818392835,0.003509651686865482,0.0020874852420833096,0.000795289218720567,0.0010794064017583874,0.0012357931050217907
Terrebonne,0.0005499984312360383,0.001169737019672849,0.0001483468806916182,0.00010344213954965324,0.0008556544608953353,0.002136160446143478,0.008862565457736688,0.01712646324960809,0.017414644109826558,0.0015917814329897777,0.003158066763729156,0.0013804782828743018,0.0016327336045183665,0.014755644758340791,0.0012447981007708427,0.011878089347672852,0.00021185983533968437,0.006105147609534565,0.0003514456507522642,0.0007644192895230607,0.0028832687088360003,0.002147313435009342,0.00024520029050962037,0.0001778762461648813,0.005756594810104734,0.00013287526083649703,0.0008579773299183209,0.0003652978904556518,6.474437434587391e-05,0.002085782225240433,0.008093321295887794,0.00020236946167082281,0.003583852628364899,0.007639853617557812,0.004416430637108289,0.00015142695841088093,0.005831004288593974,0.00015829820835763764,0.00034855687641588396,0.0015243788986582486,0.007285938159166219,0.004397706738404286,0.005723203956764718,0.0001668377403350807,0.00010621655646498562,0.00031516853550884566,0.00010122816445545266,0.00011504439888550963,0.0005050422729929376,0.00029842117587459244,0.00012216414678824732,0.0002486807867911079,0.00023545961471977615,0.0019359097954510826,0.8,0.00964849724581906,0.0003759281806426869,0.0027094918734356715,0.0004240461827613534,0.01563446084383694,0.00022458753617286107,0.0070415981319407565,0.00045127426299910756,0.003825193385935122
Union,0.0027589136959054166,0.0016092802794264534,0.004417604328963854,0.006492901607031907,0.0009029076508781198,0.001742829859366484,0.0001896388858590516,0.00033489246426823767,0.0004102740158680387,0.0034909508374470926,0.00020602504317673409,0.0050499650290192375,0.0003960018691748483,0.00014806363709468577,0.0005318041246240479,0.000490039228065343,0.0030608130044723425,0.0003044998890571018,0.0019124825424814368,0.0015048832813976164,0.0002446111002285229,0.000436626926068142,0.0045123003696149935,0.003707683223734991,0.00015057022395793902,0.01081836992474044,0.0030037836774045854,0.0032040244276105453,0.011093657998684815,0.0003324590405268218,0.00010715776782217408,0.0034558993936352816,0.00033457093819769327,0.0001265719031803038,0.0003905613847397391,0.011201988513241822,0.00011308940096022107,0.016952385636550438,0.0019079292575866315,0.0006223674583931982,0.00032277947270584233,0.00018104932210998375,0.0006788908923446621,0.012891844126718292,0.009374607162897085,0.0026153586689039816,0.006740669236808927,0.0072356965414135145,0.002003281707523154,0.0031738615591064413,0.007502222595800225,0.007413092535515687,0.004116818629990934,0.0004239786703573476,0.011988002208921796,0.8,0.004239773699409865,0.0010267914508921851,0.004368344590415008,0.00021787952077787295,0.0029028734070202285,0.00022503982271699456,0.0014350047020556603,0.00025075963513693114
Vermilion,0.00024915218524995393,0.0005467130221296467,0.0007750811945753467,0.0006302039944880026,0.0007407255729383648,0.0009209221001016248,0.006354181722695781,0.010715439816355124,0.010333166643694916,0.0006511291844222431,0.0033271013635504582,0.0005912826094755544,0.001970093596494527,0.011712461770211046,0.001849584874491235,0.006573998350399335,0.0007035588073058942,0.01107835663294042,0.0009598277392263263,0.0004415675640722933,0.003921177065034857,0.0015628065834310356,0.00024125816649108679,0.0005404105752816661,0.004794306510806743,0.0020297625692865377,0.000352411996752711,0.00021414806982580906,0.0011539080836722654,0.0019872702823751603,0.007078766636478383,0.0009615978806342642,0.006597538700231333,0.009704626688311955,0.0026959927706044083,0.002302760897139355,0.006415971050700699,0.002879893720276172,0.0005662241852458399,0.0010739128714215682,0.004493497318465393,0.005983101227640194,0.002918629338790585,0.0026775737097412115,0.0015234566361315678,0.0014011638175137776,0.0009568363940186141,0.0012804674525369842,0.0003284307918784696,0.00026344108321992114,0.0004733703697880074,0.002726907013281097,0.0016031034364907876,0.0034363728318303967,0.0010698914452527807,0.009711590720341725,0.8,0.0012985832339733926,0.003167813702961427,0.010993399476601379,0.0005734319690001165,0.0112549479322045,0.0007661115116862992,0.0028985845378313784
Vernon,0.0007674109054597554,0.00034687534460831515,0.0035827025963758963,0.003891869851525305,0.0006527005053649649,0.00025318195659399407,0.0009983870705418745,0.001362580379196447,0.001255560474548434,0.0005292110815151898,0.001128123885497079,0.0007877555324101627,0.001091920418431305,0.0019272538488763883,0.00142037948272326,0.0007694198017124593,0.0026286418520205033,0.005250810639509066,0.0023306972595149604,0.0005223717482754157,0.0017846884459256807,0.0004407397030255038,0.0016990424891346887,0.002507032113078522,0.000994406287480155,0.010785749227982977,0.0006016534157695216,0.0011121841211388897,0.007475477157534732,0.0007621676223792763,0.0014350406247904076,0.003553666149235803,0.0036710767112470826,0.0030321738634724146,0.0003964588015376858,0.011911664939443773,0.0018364480338570399,0.016556522044526036,0.0014822007962686646,0.0004140065370322724,0.0006065638947488185,0.0023345213725787265,0.00033165393671461517,0.014020303443975748,0.00834823988492637,0.003871174648749091,0.005222742789578799,0.006560740433467691,0.0007858752766526284,0.0013251687697920275,0.003442174342696715,0.010914571278833739,0.005603911171247297,0.002342224903836454,0.007324625530293367,0.002234048929082408,0.0012334811952312533,0.8,0.009155816741222426,0.0015777357449712735,0.002180289984246367,0.0045483808113478096,0.001474336849154099,0.0006111643470903146
Washington,0.001906208472919083,0.002950471839148321,0.00037065252170622023,0.0005825324452960394,0.0011976368765773922,0.005563281192628034,0.0077228730532942725,0.016542557156989844,0.01818545980518471,0.005992118934199043,0.0021424520047938307,0.006303435611958305,0.0011787523420232037,0.01055618257208146,0.0008092033780052879,0.014483044973617267,0.00038429159486838045,0.0021202672995976565,0.0003397405063896086,0.001730357984599921,0.0015276862266844298,0.0024842955569634785,0.0011777243536082963,0.0005050191523787545,0.004474702717068216,0.0003248078479945451,0.0031550223827590588,0.0013609966836962049,0.0005610755481695658,0.0017843741141901467,0.00560225760101467,0.000281049519776007,0.0013431967504949447,0.0035727187011154525,0.0053916118882669116,0.000307007270508126,0.0033059715661294376,0.00044624932815650833,0.0005790917818730192,0.002053700700679228,0.008037625604996166,0.0021140082181223857,0.008866444940493632,0.0003286606905453068,0.0003518326419864718,0.00020561692502119142,0.00039454446383970046,0.0003154610878400275,0.0013095971249496958,0.0010467817460644484,0.0009054774664485562,0.0001669843350005304,0.00017177922318105095,0.000878826160077115,0.0006696748115998068,0.0055523976117988014,0.001757824880018039,0.005348725669121769,0.8,0.012966502732109223,0.00047450899545549603,0.0026804254741314365,0.0005320684492762182,0.0036241504905179887
Webster,0.0017914054037583892,0.0008854585380721825,0.004562587556817873,0.006120675295977926,0.0007411520311457595,0.000753958002188288,7.106140128226995e-05,6.316738318990594e-05,7.865942233740548e-05,0.001579642493697581,0.00024403390421900439,0.00235423890584135,0.00045161954043503966,6.156087697519377e-05,0.0006518202342420382,0.00011150874039362184,0.0031497082066966886,0.0005917294668755585,0.0021393476880865255,0.001010747330155366,0.00036782795763410574,0.0002984656697568116,0.0034569894730096464,0.0035436147289936355,0.00011688318853559771,0.012512468229370658,0.001662138383668453,0.0023204383427434107,0.011178818337683912,0.00031488789563786533,9.838471599718056e-05,0.003820696739591308,0.0006062918794628807,0.0002466818067088848,0.000168074413299027,0.013254591611907231,0.00018607103613678622,0.019761450787319695,0.0018152284794598782,0.00043093055396128965,0.00010475300324493385,0.00031575399134014056,0.0002173750302498806,0.015441571412547215,0.010375571641388408,0.003203933308038292,0.007002261516095648,0.007971912811408351,0.0014668655575761466,0.002483347461798735,0.0064027296455007,0.009581845304221168,0.005050324733072759,0.0006486066807010833,0.011674422189381662,0.00013094284121617766,0.002884361322369708,0.00043580195797737303,0.006130904278430939,0.8,0.0028339769680520203,0.0004393195802129612,0.001463798267437091,0.00016460384447233354
West Baton Rouge,0.000805426074422272,0.0014043940807902957,0.0003267609923354457,0.00044198681326902955,0.0007798903402798444,0.0026789642226651197,0.007882445605990279,0.01553904277680404,0.016031317250317006,0.0025719290781725857,0.0027889182867448237,0.0026333736408880337,0.0014489778559698904,0.012981108659599195,0.0011353280704637695,0.011276246428300192,0.0002448913626618936,0.006209310741935198,0.00036386588744890814,0.0008394085671391708,0.002642103613391105,0.0019473575663403243,0.0005136006449554144,0.00025335497130628325,0.005065566408227092,0.0009803317095304683,0.001340194969630468,0.0005662281395593207,0.0007787189027095982,0.0018336550768931518,0.00711331802023504,0.0003405554084850963,0.003618033775910479,0.007011708734656812,0.0041210749507805105,0.0010789204078759816,0.00520202035472971,0.001520997852380184,0.0003084093558908435,0.0014134780857669239,0.006707322502642269,0.004064405607594229,0.00576725053301267,0.0012699635290804603,0.0007686337143119396,0.0004838137593723501,0.000493865405551167,0.0005978197656441166,0.0005851235116932911,0.0004355579528311614,0.0005584892142937856,0.0010484052318891289,0.0005700420672384574,0.0018908343524173508,0.0008219602324841608,0.008550787532139007,0.0007374154369142093,0.002951765426825775,0.0010996609405235132,0.013890215579793206,0.8,0.006869147936092894,0.00039993632798084993,0.003404367754222164
West Carroll,0.004151136158678223,0.00299777275638717,0.0038116558852032026,0.006081829168875672,0.0012434797992873252,0.0039388469521393086,0.0006961942948540332,0.0013303769443683837,0.0016179969105916587,0.007178249454592177,0.00032495664002697017,0.009870209257363797,0.0004594809040952639,0.0005908494925871515,0.0005016382798188892,0.0018115147176440286,0.0027358405760600423,0.00010981342815320079,0.00161324831335577,0.002346536204688343,0.00023105523725468793,0.0008589236553529593,0.005478917642729706,0.003563783448398979,0.00044625995244278465,0.007687033282990398,0.0052260589471934925,0.004252875481252333,0.009311553203985799,0.0005231389925883604,0.00038568544078796774,0.0027921313595559295,0.0001606453753644949,0.00014238929164809623,0.0011045077525275065,0.007723388360002314,0.00021562818612849442,0.011704808805775268,0.0019740675338542875,0.0011022234251186855,0.0010906927665985235,0.00015761079215006137,0.0020779777590611863,0.008700158893117574,0.007084986130799809,0.0018897745159612855,0.00560966751741531,0.005577614725833733,0.002760923223265186,0.0038834546257801167,0.007802101399084349,0.004648951423996774,0.0028641557904879517,0.00029167254423696087,0.010434623329046358,0.0002683970761193012,0.005860223755008294,0.0024932440166629518,0.0025151186120888724,0.0008718336243371567,0.00278127066048301,0.8,0.0014157132857136486,0.0006231320190283897
West Feliciana,0.0013305802262965805,0.0017362429383066156,0.0009611765245450159,0.0013915454897055748,0.0007054602842130289,0.0032343844880355133,0.006352796215329391,0.012863680301216561,0.013513501805578384,0.003801988885392302,0.0021464359896282703,0.004336088602624274,0.0011119510403213382,0.010181570228210316,0.0008780036915159125,0.009880062258950804,0.0006626818903168195,0.005026153504710975,0.00048542843733885625,0.0010251636459486682,0.0020388640983834702,0.0016519166757538437,0.0012514512314108397,0.0007961276400082708,0.003984282967251071,0.0026646985071042957,0.002094315727172499,0.001100966124791415,0.002396532120229362,0.0014393471302131952,0.0055318584295453496,0.0008114267351440668,0.002936031949803354,0.005402717013086444,0.0035897328141632975,0.0028607850174260947,0.003989726748051153,0.004202878431172356,0.00043003856924214885,0.0012623377469092258,0.0056978353535491735,0.0031429395085198234,0.005451364089855771,0.0033533896014316692,0.0021781975617549618,0.0008053633492852983,0.0014757937657976826,0.0016741259156132368,0.0008522294120659997,0.0009186984255246364,0.001696778097199232,0.002335041996090847,0.0011903134557544495,0.0015192345051060225,0.0025663475883295934,0.006568120300765768,0.0015308479878717608,0.0031015162312495923,0.0019159828276281432,0.011148171846428063,0.0006214420132985546,0.005433062223082582,0.8,0.002762271818750135
Winn,0.0018050996683552033,0.0009851141112123148,0.004216422717349505,0.005622690823790166,0.0006825537781928905,0.001058967843735945,0.0003503113939983014,0.0007087073345416842,0.0007619752909417123,0.0021051906507922953,0.0003204271877374295,0.0030467745107653817,0.00047078924271775686,0.0006135075404335689,0.0006858604782308673,0.0006203519449134502,0.0029147417871472786,0.0014201115011011455,0.002029887073745304,0.0009928344209287402,0.0005414727288393108,0.00028084637798815045,0.0032755983521796923,0.0032557461932497217,0.0002554852982762612,0.011780613345842524,0.0018537301147593128,0.002232799749312823,0.010281174012587116,0.0003070893394075988,0.00037891588404340956,0.003584845250932588,0.0010977236642364927,0.0007549488884134254,0.00027210665312180874,0.012563137298460926,0.0004569673597494585,0.01859988547042695,0.0016695524075557855,0.00040917999899887746,0.00033986626378189355,0.0006261796752112946,0.0005192320641840773,0.014681410278579636,0.00967000157491186,0.00313265759046985,0.006465362086913585,0.007432660795904783,0.0013985568941024666,0.0023330822775599275,0.005936672496310766,0.00946154769383241,0.004902949370304423,0.0008574343019984757,0.010723673124997005,0.0005657970301189543,0.0028552313958922506,0.0006337976272678088,0.006433474566624063,0.0006179846101974798,0.0026077231596445954,0.0011788666955766614,0.001361700736602491,0.8
