workplace_parish_fips,22001,22003,22005,22007,22009,22011,22013,22015,22017,22019,22021,22023,22025,22027,22029,22031,22033,22035,22037,22039,22041,22043,22045,22047,22049,22051,22053,22055,22057,22059,22061,22063,22065,22067,22069,22071,22073,22075,22077,22079,22081,22083,22085,22087,22089,22091,22093,22095,22097,22099,22101,22103,22105,22107,22109,22111,22113,22115,22117,22119,22121,22123,22125,22127
22001,6885.0,94.0,41.0,27.0,27.0,87.0,6.0,47.0,92.0,244.0,12.0,17.0,6.0,3.0,13.0,13.0,193.0,6.0,18.0,432.0,14.0,12.0,214.0,23.0,10.0,76.0,381.0,1656.0,58.0,9.0,26.0,46.0,7.0,20.0,24.0,46.0,90.0,5.0,17.0,117.0,2.0,25.0,8.0,3.0,12.0,11.0,7.0,7.0,1207.0,202.0,121.0,56.0,35.0,1.0,65.0,13.0,631.0,96.0,13.0,18.0,13.0,5.0,20.0,13.0
22003,100.0,2953.0,6.0,4.0,78.0,247.0,5.0,35.0,62.0,462.0,0.0,13.0,8.0,4.0,13.0,8.0,34.0,0.0,2.0,644.0,0.0,47.0,35.0,5.0,1.0,18.0,583.0,205.0,11.0,21.0,16.0,4.0,1.0,3.0,13.0,7.0,18.0,1.0,3.0,573.0,1.0,4.0,5.0,2.0,3.0,1.0,2.0,4.0,343.0,12.0,10.0,9.0,8.0,0.0,10.0,1.0,53.0,237.0,1.0,12.0,0.0,3.0,4.0,12.0
22005,172.0,95.0,17646.0,1048.0,66.0,124.0,12.0,93.0,197.0,762.0,12.0,19.0,8.0,11.0,29.0,19.0,7646.0,7.0,215.0,135.0,24.0,27.0,210.0,795.0,22.0,2084.0,102.0,565.0,905.0,22.0,35.0,4054.0,13.0,31.0,31.0,655.0,221.0,72.0,288.0,496.0,8.0,21.0,13.0,149.0,639.0,180.0,998.0,908.0,350.0,249.0,400.0,720.0,1606.0,10.0,537.0,26.0,148.0,216.0,141.0,28.0,474.0,14.0,91.0,29.0
22007,7.0,1.0,318.0,1915.0,1.0,3.0,0.0,1.0,1.0,15.0,0.0,0.0,1.0,0.0,1.0,0.0,107.0,0.0,13.0,5.0,0.0,0.0,49.0,57.0,0.0,46.0,2.0,44.0,426.0,3.0,0.0,69.0,1.0,0.0,0.0,44.0,3.0,5.0,10.0,8.0,0.0,0.0,0.0,7.0,25.0,7.0,63.0,22.0,14.0,47.0,156.0,39.0,35.0,0.0,132.0,0.0,24.0,1.0,6.0,1.0,19.0,2.0,3.0,0.0
22009,61.0,48.0,30.0,5.0,6473.0,38.0,5.0,20.0,64.0,68.0,4.0,6.0,46.0,5.0,41.0,4.0,134.0,9.0,22.0,197.0,14.0,99.0,42.0,37.0,10.0,49.0,46.0,203.0,31.0,32.0,11.0,37.0,11.0,32.0,28.0,29.0,100.0,2.0,114.0,920.0,1.0,18.0,11.0,2.0,9.0,7.0,8.0,12.0,308.0,33.0,26.0,37.0,15.0,7.0,32.0,10.0,39.0,84.0,8.0,11.0,10.0,9.0,21.0,35.0
22011,19.0,158.0,7.0,4.0,13.0,4758.0,7.0,22.0,50.0,595.0,3.0,18.0,4.0,7.0,9.0,56.0,68.0,1.0,2.0,28.0,3.0,7.0,13.0,8.0,4.0,21.0,83.0,72.0,18.0,3.0,30.0,22.0,3.0,9.0,56.0,20.0,44.0,0.0,11.0,71.0,4.0,5.0,89.0,4.0,9.0,5.0,2.0,3.0,48.0,16.0,8.0,18.0,11.0,1.0,13.0,4.0,15.0,1264.0,5.0,10.0,0.0,1.0,2.0,10.0
22013,4.0,3.0,3.0,1.0,9.0,1.0,1299.0,150.0,109.0,15.0,7.0,0.0,8.0,303.0,2.0,26.0,8.0,2.0,1.0,3.0,12.0,8.0,1.0,0.0,171.0,4.0,7.0,6.0,6.0,5.0,590.0,3.0,7.0,12.0,62.0,0.0,90.0,0.0,0.0,17.0,48.0,24.0,36.0,1.0,3.0,0.0,0.0,1.0,2.0,1.0,6.0,3.0,6.0,1.0,2.0,98.0,2.0,10.0,0.0,376.0,0.0,8.0,0.0,9.0
22015,62.0,41.0,72.0,15.0,67.0,80.0,361.0,18196.0,14720.0,322.0,31.0,11.0,14.0,282.0,31.0,797.0,283.0,19.0,10.0,30.0,44.0,25.0,49.0,22.0,51.0,226.0,51.0,217.0,58.0,19.0,407.0,82.0,28.0,83.0,342.0,180.0,616.0,19.0,11.0,200.0,187.0,63.0,186.0,35.0,61.0,8.0,23.0,39.0,84.0,40.0,59.0,193.0,85.0,12.0,74.0,52.0,45.0,94.0,44.0,1950.0,10.0,35.0,9.0,23.0
22017,144.0,114.0,195.0,49.0,149.0,149.0,650.0,21064.0,64971.0,822.0,56.0,27.0,40.0,477.0,83.0,3812.0,871.0,44.0,24.0,84.0,129.0,61.0,99.0,45.0,84.0,509.0,145.0,564.0,117.0,49.0,930.0,213.0,65.0,145.0,912.0,552.0,1488.0,26.0,39.0,603.0,423.0,112.0,609.0,52.0,94.0,27.0,37.0,56.0,209.0,146.0,143.0,351.0,192.0,40.0,146.0,128.0,89.0,230.0,62.0,2904.0,43.0,76.0,33.0,58.0
22019,593.0,1333.0,361.0,99.0,111.0,3695.0,35.0,280.0,620.0,63708.0,16.0,1280.0,35.0,45.0,56.0,72.0,1311.0,22.0,73.0,299.0,61.0,50.0,379.0,113.0,40.0,719.0,3363.0,1571.0,323.0,32.0,112.0,394.0,33.0,59.0,111.0,382.0,394.0,54.0,103.0,843.0,21.0,48.0,37.0,62.0,96.0,36.0,49.0,78.0,726.0,221.0,229.0,480.0,276.0,6.0,288.0,67.0,319.0,985.0,80.0,96.0,61.0,31.0,51.0,42.0
22021,7.0,0.0,1.0,0.0,20.0,1.0,7.0,9.0,4.0,6.0,1225.0,0.0,22.0,4.0,20.0,15.0,4.0,2.0,1.0,2.0,86.0,11.0,5.0,1.0,15.0,1.0,2.0,5.0,5.0,130.0,17.0,2.0,8.0,22.0,14.0,4.0,234.0,1.0,0.0,11.0,1.0,75.0,4.0,0.0,1.0,0.0,1.0,2.0,4.0,4.0,0.0,5.0,3.0,4.0,2.0,24.0,2.0,1.0,3.0,4.0,0.0,6.0,0.0,26.0
22023,40.0,83.0,26.0,6.0,7.0,150.0,2.0,17.0,28.0,1663.0,0.0,892.0,1.0,2.0,4.0,2.0,80.0,1.0,7.0,21.0,4.0,7.0,48.0,11.0,2.0,65.0,128.0,73.0,49.0,2.0,5.0,24.0,2.0,9.0,4.0,23.0,28.0,1.0,9.0,36.0,1.0,3.0,3.0,7.0,11.0,1.0,9.0,7.0,76.0,16.0,35.0,34.0,14.0,1.0,26.0,7.0,29.0,84.0,8.0,5.0,6.0,2.0,6.0,4.0
22025,0.0,1.0,7.0,0.0,65.0,6.0,1.0,4.0,13.0,0.0,12.0,0.0,976.0,2.0,187.0,4.0,16.0,5.0,1.0,0.0,111.0,28.0,0.0,5.0,10.0,1.0,3.0,11.0,2.0,114.0,11.0,3.0,8.0,6.0,5.0,3.0,33.0,1.0,0.0,103.0,5.0,27.0,0.0,1.0,3.0,0.0,0.0,1.0,3.0,1.0,3.0,5.0,5.0,8.0,2.0,11.0,1.0,3.0,0.0,1.0,1.0,7.0,0.0,14.0
22027,5.0,3.0,3.0,1.0,3.0,0.0,103.0,195.0,146.0,7.0,6.0,0.0,1.0,1712.0,8.0,32.0,6.0,4.0,0.0,2.0,10.0,4.0,3.0,1.0,14.0,0.0,1.0,11.0,1.0,3.0,101.0,0.0,7.0,20.0,77.0,1.0,50.0,0.0,0.0,4.0,16.0,18.0,14.0,0.0,0.0,0.0,1.0,0.0,2.0,3.0,1.0,0.0,0.0,1.0,4.0,45.0,0.0,2.0,0.0,360.0,0.0,8.0,0.0,2.0
22029,7.0,7.0,14.0,5.0,54.0,6.0,3.0,26.0,42.0,43.0,17.0,1.0,335.0,2.0,2544.0,5.0,52.0,26.0,2.0,10.0,95.0,48.0,9.0,5.0,21.0,16.0,9.0,46.0,9.0,42.0,9.0,17.0,27.0,23.0,12.0,52.0,57.0,3.0,6.0,53.0,1.0,34.0,1.0,5.0,6.0,2.0,4.0,2.0,18.0,10.0,13.0,22.0,16.0,100.0,7.0,28.0,9.0,12.0,6.0,7.0,2.0,17.0,3.0,14.0
22031,9.0,11.0,2.0,0.0,27.0,21.0,71.0,290.0,1016.0,25.0,5.0,4.0,7.0,34.0,12.0,2904.0,7.0,5.0,0.0,3.0,11.0,21.0,3.0,1.0,8.0,1.0,12.0,27.0,4.0,15.0,75.0,4.0,9.0,15.0,311.0,3.0,53.0,0.0,2.0,59.0,181.0,11.0,401.0,1.0,1.0,1.0,1.0,2.0,6.0,9.0,6.0,11.0,6.0,4.0,11.0,20.0,1.0,26.0,2.0,132.0,0.0,7.0,2.0,11.0
22033,1362.0,385.0,22820.0,1366.0,437.0,525.0,119.0,844.0,1872.0,2854.0,117.0,90.0,97.0,114.0,223.0,221.0,135261.0,78.0,3508.0,773.0,231.0,258.0,1023.0,4675.0,176.0,7726.0,511.0,5140.0,2909.0,176.0,371.0,25849.0,123.0,287.0,275.0,5776.0,1545.0,398.0,2855.0,2035.0,71.0,216.0,195.0,584.0,1886.0,942.0,945.0,1793.0,1915.0,1863.0,1556.0,5370.0,4913.0,65.0,1930.0,215.0,799.0,759.0,1208.0,297.0,5525.0,132.0,1216.0,155.0
22035,0.0,0.0,1.0,0.0,6.0,1.0,0.0,7.0,11.0,7.0,4.0,0.0,2.0,1.0,2.0,1.0,2.0,1060.0,0.0,3.0,20.0,2.0,0.0,1.0,0.0,0.0,1.0,3.0,3.0,2.0,2.0,0.0,55.0,16.0,2.0,3.0,39.0,0.0,1.0,2.0,0.0,41.0,1.0,1.0,0.0,0.0,0.0,2.0,2.0,2.0,0.0,4.0,3.0,6.0,1.0,6.0,0.0,1.0,1.0,5.0,0.0,180.0,0.0,0.0
22037,8.0,2.0,72.0,1.0,26.0,2.0,1.0,15.0,22.0,33.0,2.0,0.0,3.0,1.0,10.0,1.0,1368.0,1.0,1686.0,8.0,1.0,26.0,10.0,23.0,1.0,32.0,2.0,25.0,15.0,0.0,6.0,219.0,1.0,5.0,3.0,25.0,12.0,1.0,45.0,131.0,0.0,0.0,3.0,2.0,2.0,100.0,2.0,1.0,13.0,13.0,7.0,27.0,120.0,1.0,8.0,3.0,15.0,7.0,10.0,2.0,30.0,1.0,266.0,4.0
22039,270.0,85.0,18.0,5.0,160.0,52.0,1.0,21.0,38.0,118.0,2.0,6.0,16.0,4.0,17.0,4.0,91.0,2.0,17.0,4418.0,2.0,33.0,91.0,22.0,3.0,26.0,42.0,303.0,21.0,12.0,6.0,23.0,2.0,1.0,7.0,19.0,23.0,3.0,42.0,161.0,0.0,2.0,7.0,6.0,5.0,7.0,3.0,7.0,810.0,60.0,58.0,35.0,27.0,0.0,19.0,2.0,93.0,59.0,19.0,9.0,5.0,2.0,7.0,14.0
22041,5.0,1.0,10.0,3.0,40.0,3.0,7.0,25.0,46.0,21.0,27.0,1.0,93.0,8.0,58.0,4.0,34.0,17.0,2.0,3.0,2704.0,16.0,4.0,6.0,28.0,12.0,2.0,19.0,8.0,24.0,28.0,8.0,81.0,80.0,18.0,12.0,265.0,0.0,4.0,22.0,1.0,313.0,6.0,3.0,2.0,1.0,0.0,2.0,8.0,2.0,4.0,9.0,9.0,53.0,8.0,32.0,7.0,8.0,3.0,14.0,1.0,42.0,2.0,20.0
22043,5.0,7.0,1.0,3.0,27.0,8.0,2.0,14.0,86.0,10.0,14.0,1.0,15.0,2.0,15.0,21.0,13.0,1.0,0.0,4.0,2.0,1408.0,1.0,0.0,10.0,4.0,3.0,10.0,3.0,86.0,31.0,2.0,1.0,9.0,35.0,3.0,13.0,0.0,0.0,570.0,3.0,5.0,18.0,0.0,0.0,0.0,0.0,1.0,15.0,0.0,0.0,1.0,1.0,3.0,2.0,4.0,1.0,15.0,0.0,4.0,0.0,1.0,0.0,93.0
22045,500.0,46.0,116.0,73.0,35.0,68.0,11.0,80.0,159.0,263.0,6.0,9.0,12.0,11.0,17.0,15.0,379.0,8.0,48.0,175.0,13.0,15.0,11791.0,88.0,10.0,254.0,71.0,3907.0,311.0,12.0,23.0,117.0,8.0,26.0,22.0,152.0,108.0,35.0,78.0,205.0,2.0,22.0,13.0,33.0,54.0,28.0,30.0,66.0,471.0,1673.0,1158.0,217.0,135.0,7.0,391.0,22.0,1662.0,90.0,51.0,23.0,27.0,7.0,28.0,14.0
22047,49.0,25.0,1693.0,260.0,16.0,35.0,3.0,20.0,55.0,163.0,5.0,11.0,5.0,6.0,15.0,6.0,3277.0,5.0,98.0,41.0,6.0,4.0,95.0,3733.0,9.0,188.0,34.0,183.0,240.0,9.0,11.0,898.0,5.0,15.0,5.0,131.0,57.0,14.0,293.0,96.0,2.0,9.0,6.0,26.0,104.0,47.0,73.0,106.0,117.0,112.0,102.0,135.0,244.0,3.0,125.0,20.0,93.0,48.0,34.0,9.0,1220.0,5.0,46.0,9.0
22049,2.0,2.0,3.0,1.0,15.0,2.0,215.0,21.0,43.0,13.0,18.0,1.0,5.0,22.0,10.0,22.0,12.0,7.0,0.0,0.0,16.0,20.0,1.0,1.0,1556.0,4.0,5.0,4.0,2.0,9.0,277.0,4.0,4.0,24.0,41.0,0.0,173.0,0.0,1.0,17.0,8.0,25.0,15.0,0.0,0.0,0.0,0.0,1.0,3.0,3.0,1.0,0.0,1.0,5.0,4.0,46.0,0.0,2.0,0.0,19.0,1.0,10.0,2.0,159.0
22051,425.0,101.0,1820.0,384.0,145.0,138.0,37.0,339.0,736.0,865.0,22.0,28.0,34.0,52.0,59.0,72.0,5625.0,32.0,172.0,226.0,59.0,83.0,460.0,277.0,52.0,93768.0,142.0,1659.0,3097.0,61.0,140.0,2039.0,37.0,83.0,107.0,37990.0,497.0,2378.0,177.0,569.0,26.0,71.0,83.0,4125.0,7590.0,78.0,732.0,4361.0,600.0,335.0,361.0,11999.0,3422.0,25.0,2253.0,78.0,322.0,231.0,1947.0,109.0,411.0,34.0,87.0,42.0
22053,866.0,171.0,21.0,6.0,24.0,129.0,3.0,31.0,41.0,708.0,4.0,42.0,4.0,3.0,9.0,10.0,68.0,2.0,7.0,114.0,4.0,12.0,98.0,5.0,4.0,37.0,3971.0,335.0,34.0,5.0,8.0,26.0,9.0,7.0,6.0,36.0,47.0,4.0,7.0,69.0,0.0,5.0,2.0,4.0,10.0,2.0,2.0,4.0,217.0,38.0,35.0,24.0,19.0,3.0,27.0,12.0,195.0,66.0,7.0,5.0,4.0,4.0,3.0,10.0
22055,6059.0,315.0,783.0,195.0,181.0,499.0,58.0,416.0,951.0,1962.0,49.0,197.0,44.0,62.0,109.0,105.0,3166.0,36.0,250.0,1203.0,98.0,98.0,6440.0,353.0,86.0,1722.0,1064.0,65554.0,864.0,58.0,186.0,885.0,42.0,116.0,145.0,1047.0,681.0,125.0,314.0,1391.0,39.0,88.0,101.0,160.0,233.0,94.0,128.0,242.0,7294.0,7866.0,1588.0,1186.0,636.0,21.0,1159.0,98.0,7247.0,542.0,254.0,161.0,213.0,57.0,111.0,75.0
22057,176.0,28.0,303.0,788.0,30.0,32.0,4.0,39.0,62.0,164.0,6.0,8.0,5.0,5.0,14.0,6.0,567.0,7.0,28.0,76.0,15.0,16.0,264.0,48.0,17.0,1146.0,28.0,492.0,16163.0,12.0,13.0,305.0,6.0,17.0,9.0,546.0,91.0,125.0,21.0,103.0,2.0,11.0,6.0,175.0,458.0,21.0,311.0,283.0,168.0,298.0,550.0,577.0,266.0,1.0,4703.0,13.0,208.0,50.0,117.0,10.0,41.0,13.0,13.0,13.0
22059,9.0,7.0,15.0,1.0,48.0,15.0,7.0,31.0,37.0,20.0,200.0,1.0,281.0,7.0,110.0,12.0,24.0,3.0,0.0,5.0,36.0,195.0,16.0,6.0,44.0,6.0,11.0,32.0,5.0,2209.0,47.0,6.0,7.0,25.0,38.0,8.0,117.0,4.0,2.0,400.0,3.0,29.0,22.0,4.0,4.0,2.0,1.0,4.0,10.0,10.0,7.0,17.0,12.0,24.0,13.0,29.0,11.0,14.0,6.0,10.0,3.0,12.0,1.0,183.0
22061,19.0,27.0,43.0,6.0,69.0,33.0,509.0,462.0,524.0,154.0,61.0,7.0,38.0,330.0,46.0,110.0,164.0,38.0,6.0,12.0,114.0,87.0,20.0,9.0,1131.0,57.0,28.0,94.0,19.0,42.0,9730.0,40.0,160.0,229.0,167.0,46.0,1941.0,5.0,3.0,116.0,20.0,165.0,69.0,8.0,10.0,5.0,7.0,12.0,30.0,23.0,20.0,68.0,31.0,28.0,23.0,859.0,16.0,36.0,9.0,189.0,9.0,53.0,8.0,142.0
22063,110.0,27.0,1206.0,87.0,35.0,44.0,6.0,68.0,145.0,219.0,7.0,10.0,10.0,7.0,17.0,16.0,5218.0,4.0,171.0,42.0,23.0,17.0,113.0,181.0,12.0,834.0,38.0,400.0,329.0,11.0,22.0,13136.0,11.0,19.0,17.0,270.0,102.0,43.0,124.0,149.0,7.0,19.0,20.0,69.0,130.0,435.0,89.0,263.0,144.0,190.0,178.0,720.0,1991.0,5.0,203.0,14.0,88.0,56.0,190.0,14.0,222.0,5.0,48.0,19.0
22065,3.0,2.0,1.0,1.0,10.0,1.0,1.0,9.0,38.0,12.0,14.0,0.0,6.0,7.0,20.0,5.0,12.0,142.0,2.0,2.0,98.0,3.0,2.0,0.0,7.0,8.0,2.0,12.0,2.0,4.0,5.0,2.0,1479.0,33.0,3.0,5.0,137.0,2.0,0.0,7.0,2.0,165.0,2.0,1.0,4.0,1.0,0.0,2.0,5.0,2.0,1.0,9.0,6.0,73.0,1.0,13.0,0.0,2.0,1.0,1.0,1.0,36.0,2.0,1.0
22067,6.0,8.0,10.0,0.0,20.0,9.0,8.0,58.0,67.0,23.0,24.0,5.0,9.0,19.0,17.0,11.0,53.0,76.0,2.0,9.0,50.0,8.0,8.0,3.0,28.0,14.0,1.0,36.0,14.0,11.0,53.0,16.0,37.0,3910.0,33.0,0.0,1042.0,0.0,3.0,23.0,4.0,174.0,12.0,2.0,4.0,0.0,4.0,3.0,14.0,4.0,6.0,9.0,9.0,18.0,10.0,141.0,6.0,5.0,1.0,11.0,5.0,129.0,3.0,8.0
22069,26.0,49.0,16.0,11.0,141.0,91.0,161.0,239.0,456.0,83.0,12.0,8.0,24.0,36.0,30.0,237.0,79.0,10.0,6.0,11.0,30.0,158.0,13.0,8.0,16.0,71.0,41.0,92.0,23.0,25.0,109.0,19.0,17.0,29.0,7766.0,119.0,139.0,1.0,5.0,804.0,265.0,20.0,617.0,7.0,12.0,2.0,10.0,14.0,30.0,16.0,22.0,42.0,31.0,4.0,27.0,46.0,16.0,258.0,6.0,88.0,7.0,18.0,3.0,316.0
22071,269.0,81.0,1256.0,311.0,74.0,113.0,38.0,288.0,629.0,553.0,15.0,15.0,20.0,44.0,32.0,73.0,5151.0,18.0,116.0,146.0,31.0,46.0,367.0,197.0,33.0,54375.0,71.0,1023.0,1643.0,23.0,128.0,1318.0,20.0,51.0,105.0,94384.0,312.0,1576.0,131.0,401.0,19.0,47.0,68.0,6157.0,3256.0,68.0,484.0,2349.0,411.0,221.0,264.0,12956.0,2046.0,10.0,1122.0,38.0,266.0,159.0,1716.0,119.0,356.0,26.0,96.0,43.0
22073,97.0,68.0,163.0,25.0,208.0,93.0,268.0,733.0,1379.0,605.0,609.0,13.0,111.0,253.0,190.0,242.0,722.0,201.0,26.0,63.0,967.0,207.0,95.0,38.0,811.0,249.0,89.0,378.0,105.0,194.0,2427.0,175.0,280.0,2682.0,382.0,261.0,45937.0,30.0,29.0,407.0,69.0,2055.0,123.0,39.0,70.0,12.0,34.0,61.0,132.0,90.0,95.0,264.0,172.0,100.0,132.0,2535.0,74.0,147.0,70.0,275.0,44.0,367.0,21.0,221.0
22075,25.0,18.0,63.0,22.0,19.0,20.0,1.0,28.0,34.0,99.0,5.0,4.0,6.0,5.0,14.0,2.0,124.0,3.0,6.0,4.0,3.0,12.0,66.0,4.0,5.0,3309.0,17.0,100.0,247.0,8.0,6.0,80.0,5.0,8.0,4.0,1149.0,31.0,3223.0,7.0,72.0,1.0,9.0,1.0,333.0,195.0,6.0,30.0,79.0,26.0,57.0,75.0,488.0,105.0,4.0,189.0,2.0,44.0,36.0,72.0,10.0,7.0,6.0,8.0,4.0
22077,29.0,5.0,50.0,6.0,170.0,8.0,2.0,14.0,16.0,43.0,12.0,2.0,6.0,1.0,24.0,0.0,530.0,8.0,36.0,51.0,9.0,13.0,40.0,83.0,13.0,41.0,9.0,78.0,15.0,14.0,5.0,85.0,9.0,11.0,4.0,21.0,32.0,1.0,2786.0,70.0,1.0,13.0,0.0,1.0,9.0,13.0,4.0,9.0,140.0,42.0,25.0,34.0,34.0,1.0,17.0,13.0,19.0,7.0,5.0,3.0,189.0,9.0,95.0,9.0
22079,249.0,364.0,158.0,36.0,2195.0,305.0,145.0,396.0,794.0,749.0,38.0,34.0,177.0,75.0,239.0,302.0,745.0,32.0,38.0,384.0,66.0,2849.0,172.0,72.0,46.0,394.0,284.0,774.0,141.0,375.0,319.0,206.0,45.0,102.0,1000.0,298.0,745.0,31.0,52.0,33061.0,155.0,55.0,317.0,51.0,74.0,21.0,27.0,53.0,712.0,106.0,109.0,286.0,150.0,29.0,156.0,71.0,136.0,939.0,72.0,144.0,30.0,37.0,25.0,257.0
22081,3.0,1.0,5.0,1.0,18.0,5.0,117.0,154.0,166.0,5.0,5.0,3.0,2.0,8.0,0.0,109.0,7.0,0.0,0.0,0.0,1.0,21.0,3.0,0.0,8.0,5.0,6.0,6.0,2.0,10.0,9.0,3.0,2.0,4.0,310.0,5.0,23.0,1.0,0.0,53.0,1040.0,3.0,82.0,2.0,2.0,2.0,1.0,2.0,2.0,1.0,1.0,7.0,3.0,4.0,1.0,4.0,5.0,9.0,1.0,52.0,1.0,0.0,1.0,21.0
22083,8.0,4.0,13.0,1.0,27.0,6.0,6.0,28.0,52.0,30.0,54.0,0.0,36.0,7.0,29.0,6.0,36.0,119.0,1.0,2.0,618.0,25.0,6.0,3.0,32.0,13.0,3.0,35.0,4.0,25.0,29.0,9.0,252.0,158.0,18.0,12.0,811.0,4.0,3.0,14.0,4.0,3148.0,6.0,4.0,9.0,2.0,3.0,2.0,14.0,3.0,5.0,20.0,13.0,35.0,7.0,65.0,10.0,7.0,6.0,8.0,1.0,218.0,3.0,20.0
22085,7.0,67.0,4.0,2.0,31.0,73.0,33.0,62.0,101.0,52.0,5.0,2.0,11.0,16.0,10.0,167.0,19.0,2.0,2.0,9.0,12.0,28.0,4.0,0.0,7.0,3.0,20.0,47.0,4.0,16.0,34.0,6.0,7.0,5.0,345.0,1.0,48.0,1.0,1.0,124.0,33.0,4.0,3342.0,0.0,0.0,1.0,0.0,0.0,16.0,6.0,7.0,5.0,6.0,3.0,7.0,8.0,4.0,267.0,2.0,21.0,0.0,3.0,0.0,22.0
22087,14.0,1.0,91.0,22.0,5.0,1.0,0.0,4.0,10.0,24.0,0.0,0.0,1.0,1.0,4.0,0.0,159.0,1.0,6.0,2.0,1.0,4.0,15.0,9.0,2.0,1617.0,3.0,45.0,113.0,0.0,2.0,76.0,0.0,2.0,3.0,1762.0,14.0,129.0,7.0,11.0,0.0,0.0,0.0,4066.0,142.0,0.0,81.0,157.0,7.0,16.0,20.0,1095.0,171.0,0.0,69.0,0.0,15.0,6.0,89.0,2.0,15.0,0.0,7.0,0.0
22089,46.0,25.0,825.0,122.0,17.0,22.0,10.0,66.0,183.0,151.0,3.0,5.0,5.0,12.0,26.0,15.0,924.0,8.0,62.0,24.0,7.0,6.0,69.0,84.0,7.0,4717.0,24.0,205.0,1008.0,5.0,29.0,614.0,0.0,18.0,24.0,1549.0,69.0,134.0,50.0,113.0,5.0,9.0,13.0,333.0,6432.0,27.0,581.0,1544.0,77.0,51.0,65.0,912.0,826.0,4.0,447.0,13.0,40.0,44.0,164.0,34.0,59.0,12.0,40.0,3.0
22091,1.0,1.0,29.0,3.0,1.0,3.0,0.0,3.0,5.0,5.0,0.0,0.0,0.0,0.0,0.0,2.0,111.0,0.0,45.0,1.0,1.0,1.0,2.0,4.0,1.0,17.0,1.0,3.0,3.0,0.0,2.0,174.0,1.0,1.0,0.0,11.0,3.0,0.0,7.0,7.0,0.0,0.0,0.0,0.0,3.0,604.0,0.0,1.0,2.0,2.0,5.0,53.0,376.0,0.0,9.0,1.0,4.0,2.0,56.0,1.0,4.0,0.0,0.0,0.0
22093,9.0,5.0,1553.0,253.0,7.0,6.0,1.0,9.0,16.0,24.0,2.0,1.0,1.0,0.0,2.0,2.0,532.0,1.0,26.0,17.0,1.0,1.0,8.0,85.0,1.0,291.0,5.0,31.0,530.0,0.0,4.0,388.0,1.0,6.0,0.0,160.0,16.0,23.0,42.0,17.0,0.0,0.0,1.0,25.0,252.0,16.0,2663.0,642.0,36.0,34.0,56.0,172.0,153.0,0.0,156.0,1.0,5.0,4.0,25.0,3.0,50.0,0.0,8.0,5.0
22095,54.0,9.0,1012.0,134.0,12.0,21.0,6.0,14.0,48.0,120.0,3.0,4.0,4.0,2.0,10.0,5.0,665.0,0.0,27.0,26.0,4.0,5.0,50.0,69.0,6.0,1398.0,18.0,152.0,480.0,3.0,10.0,471.0,5.0,10.0,7.0,623.0,59.0,59.0,48.0,79.0,0.0,8.0,4.0,133.0,1028.0,29.0,908.0,4300.0,69.0,90.0,73.0,516.0,666.0,2.0,306.0,8.0,45.0,33.0,112.0,9.0,43.0,4.0,26.0,6.0
22097,1572.0,140.0,106.0,29.0,302.0,153.0,4.0,62.0,129.0,344.0,8.0,15.0,31.0,6.0,92.0,12.0,404.0,2.0,56.0,1293.0,12.0,45.0,368.0,80.0,12.0,142.0,218.0,2479.0,85.0,18.0,19.0,93.0,9.0,20.0,15.0,91.0,122.0,7.0,198.0,317.0,7.0,10.0,15.0,15.0,27.0,44.0,18.0,22.0,11452.0,550.0,229.0,129.0,65.0,3.0,111.0,16.0,391.0,156.0,27.0,21.0,30.0,11.0,21.0,31.0
22099,382.0,29.0,59.0,87.0,17.0,28.0,9.0,45.0,87.0,119.0,3.0,5.0,6.0,2.0,9.0,11.0,188.0,5.0,20.0,103.0,3.0,7.0,1276.0,41.0,5.0,83.0,58.0,3006.0,110.0,7.0,17.0,72.0,2.0,2.0,15.0,52.0,54.0,6.0,47.0,87.0,5.0,10.0,8.0,15.0,31.0,13.0,10.0,23.0,674.0,4622.0,310.0,85.0,49.0,1.0,143.0,16.0,537.0,52.0,15.0,16.0,11.0,1.0,10.0,7.0
22101,285.0,22.0,112.0,669.0,21.0,25.0,2.0,20.0,26.0,137.0,8.0,7.0,5.0,6.0,10.0,1.0,257.0,2.0,19.0,70.0,6.0,14.0,1717.0,40.0,6.0,292.0,22.0,786.0,1088.0,11.0,9.0,127.0,2.0,11.0,5.0,152.0,48.0,23.0,25.0,88.0,1.0,5.0,3.0,54.0,71.0,10.0,29.0,79.0,152.0,599.0,10413.0,198.0,112.0,0.0,1279.0,9.0,373.0,47.0,42.0,8.0,15.0,8.0,21.0,6.0
22103,186.0,46.0,787.0,146.0,83.0,69.0,15.0,151.0,309.0,372.0,14.0,11.0,18.0,16.0,49.0,27.0,2242.0,17.0,82.0,104.0,29.0,47.0,213.0,141.0,24.0,4770.0,51.0,632.0,720.0,34.0,53.0,827.0,20.0,56.0,54.0,3780.0,319.0,340.0,96.0,263.0,6.0,40.0,25.0,988.0,621.0,47.0,226.0,526.0,223.0,177.0,172.0,51269.0,5527.0,7.0,717.0,47.0,179.0,112.0,2967.0,51.0,142.0,24.0,49.0,35.0
22105,129.0,24.0,699.0,84.0,34.0,38.0,6.0,47.0,89.0,191.0,7.0,3.0,3.0,8.0,17.0,14.0,1765.0,8.0,162.0,71.0,27.0,19.0,111.0,163.0,14.0,1403.0,28.0,451.0,414.0,8.0,23.0,3383.0,7.0,19.0,19.0,1034.0,130.0,86.0,123.0,149.0,5.0,17.0,10.0,123.0,374.0,1095.0,172.0,442.0,142.0,121.0,114.0,3972.0,22843.0,7.0,309.0,21.0,97.0,58.0,1071.0,19.0,110.0,7.0,49.0,7.0
22107,1.0,1.0,0.0,0.0,2.0,0.0,0.0,3.0,9.0,1.0,2.0,0.0,9.0,0.0,53.0,0.0,6.0,7.0,0.0,0.0,42.0,14.0,0.0,0.0,5.0,0.0,0.0,1.0,2.0,8.0,1.0,1.0,37.0,5.0,1.0,2.0,22.0,0.0,0.0,0.0,1.0,18.0,3.0,0.0,0.0,0.0,0.0,0.0,0.0,2.0,1.0,0.0,0.0,447.0,0.0,0.0,1.0,1.0,1.0,0.0,0.0,5.0,0.0,0.0
22109,367.0,43.0,330.0,585.0,48.0,46.0,11.0,79.0,171.0,309.0,15.0,13.0,8.0,9.0,23.0,17.0,857.0,4.0,25.0,141.0,20.0,30.0,443.0,69.0,11.0,1599.0,58.0,929.0,8529.0,11.0,24.0,354.0,9.0,25.0,19.0,793.0,159.0,163.0,42.0,230.0,6.0,14.0,19.0,307.0,508.0,15.0,210.0,366.0,340.0,500.0,1360.0,758.0,437.0,3.0,24235.0,27.0,372.0,105.0,165.0,27.0,50.0,9.0,27.0,11.0
22111,3.0,3.0,4.0,1.0,8.0,3.0,59.0,53.0,67.0,30.0,32.0,2.0,3.0,147.0,9.0,7.0,26.0,14.0,1.0,2.0,39.0,8.0,3.0,1.0,40.0,7.0,9.0,18.0,1.0,4.0,426.0,5.0,7.0,390.0,21.0,0.0,659.0,0.0,0.0,26.0,5.0,61.0,18.0,0.0,2.0,1.0,0.0,3.0,7.0,3.0,6.0,1.0,3.0,9.0,2.0,2561.0,1.0,4.0,0.0,13.0,2.0,11.0,0.0,5.0
22113,468.0,32.0,31.0,28.0,9.0,71.0,3.0,39.0,76.0,157.0,3.0,23.0,2.0,4.0,6.0,7.0,137.0,2.0,12.0,66.0,4.0,5.0,623.0,13.0,5.0,70.0,140.0,1836.0,94.0,11.0,17.0,40.0,1.0,4.0,11.0,46.0,37.0,4.0,11.0,50.0,4.0,7.0,6.0,8.0,11.0,5.0,3.0,6.0,221.0,240.0,169.0,50.0,25.0,0.0,90.0,9.0,7261.0,44.0,1.0,11.0,5.0,4.0,3.0,5.0
22115,17.0,131.0,13.0,3.0,49.0,1060.0,24.0,69.0,128.0,268.0,2.0,12.0,13.0,15.0,17.0,70.0,72.0,4.0,3.0,18.0,4.0,28.0,12.0,7.0,8.0,76.0,78.0,92.0,23.0,12.0,54.0,22.0,4.0,5.0,142.0,53.0,53.0,5.0,5.0,392.0,16.0,2.0,231.0,9.0,22.0,1.0,4.0,8.0,31.0,15.0,18.0,56.0,24.0,0.0,23.0,7.0,10.0,6376.0,12.0,25.0,6.0,5.0,5.0,27.0
22117,8.0,4.0,26.0,8.0,9.0,10.0,1.0,7.0,13.0,23.0,2.0,0.0,2.0,2.0,3.0,1.0,122.0,2.0,13.0,7.0,5.0,2.0,20.0,21.0,2.0,111.0,5.0,38.0,28.0,1.0,5.0,45.0,2.0,4.0,3.0,89.0,27.0,12.0,14.0,19.0,0.0,3.0,1.0,16.0,15.0,16.0,10.0,15.0,7.0,7.0,4.0,916.0,499.0,0.0,25.0,5.0,6.0,4.0,6406.0,2.0,11.0,3.0,11.0,5.0
22119,11.0,9.0,5.0,1.0,42.0,15.0,375.0,1301.0,848.0,58.0,11.0,1.0,5.0,699.0,13.0,152.0,37.0,16.0,2.0,8.0,27.0,18.0,7.0,4.0,23.0,33.0,9.0,43.0,9.0,13.0,267.0,12.0,18.0,36.0,136.0,12.0,171.0,4.0,2.0,46.0,53.0,24.0,69.0,5.0,5.0,0.0,4.0,4.0,23.0,13.0,14.0,24.0,19.0,12.0,14.0,48.0,11.0,15.0,9.0,6051.0,0.0,14.0,0.0,12.0
22121,56.0,21.0,678.0,93.0,47.0,20.0,6.0,31.0,66.0,129.0,6.0,3.0,14.0,2.0,25.0,7.0,3711.0,5.0,184.0,56.0,15.0,29.0,98.0,795.0,16.0,231.0,16.0,177.0,186.0,20.0,15.0,919.0,9.0,17.0,9.0,100.0,84.0,16.0,583.0,91.0,2.0,13.0,6.0,22.0,102.0,50.0,35.0,88.0,161.0,137.0,92.0,217.0,331.0,3.0,87.0,12.0,79.0,23.0,65.0,9.0,2687.0,10.0,58.0,15.0
22123,1.0,1.0,1.0,3.0,6.0,1.0,1.0,7.0,14.0,5.0,3.0,0.0,1.0,0.0,5.0,1.0,7.0,207.0,0.0,0.0,28.0,2.0,0.0,0.0,10.0,2.0,1.0,5.0,3.0,3.0,7.0,0.0,23.0,82.0,1.0,3.0,80.0,0.0,0.0,2.0,0.0,48.0,0.0,0.0,1.0,0.0,0.0,1.0,2.0,3.0,2.0,5.0,4.0,2.0,0.0,11.0,3.0,0.0,1.0,2.0,1.0,1193.0,2.0,1.0
22125,16.0,5.0,126.0,1.0,121.0,3.0,1.0,5.0,16.0,26.0,1.0,1.0,14.0,0.0,41.0,0.0,1383.0,2.0,358.0,13.0,8.0,10.0,11.0,32.0,5.0,73.0,3.0,30.0,22.0,15.0,2.0,178.0,0.0,11.0,0.0,74.0,18.0,10.0,306.0,29.0,0.0,4.0,0.0,11.0,36.0,45.0,14.0,32.0,57.0,5.0,14.0,83.0,100.0,1.0,15.0,7.0,8.0,9.0,19.0,1.0,50.0,3.0,1440.0,3.0
22127,8.0,2.0,18.0,3.0,43.0,6.0,91.0,52.0,79.0,22.0,41.0,1.0,10.0,13.0,15.0,36.0,85.0,4.0,2.0,2.0,26.0,176.0,2.0,1.0,307.0,2.0,18.0,18.0,8.0,95.0,157.0,19.0,14.0,23.0,260.0,0.0,109.0,2.0,1.0,189.0,34.0,14.0,52.0,0.0,7.0,1.0,4.0,5.0,10.0,7.0,7.0,14.0,9.0,12.0,4.0,21.0,5.0,14.0,3.0,15.0,2.0,9.0,0.0,2459.0
