"parish_fips","parish","cenpop2020_population","latitude","longitude"
"22001","Acadia","57576","30.281563","-92.350979"
"22003","Allen","22750","30.669442","-92.779523"
"22005","Ascension","126500","30.254386","-90.934071"
"22007","Assumption","21039","29.921462","-91.065832"
"22009","Avoyelles","39693","31.057263","-92.067528"
"22011","Beauregard","36549","30.723548","-93.282544"
"22013","Bienville","12981","32.384335","-93.079008"
"22015","Bossier","128746","32.560816","-93.659046"
"22017","Caddo","237848","32.468933","-93.799166"
"22019","Calcasieu","216785","30.225067","-93.257749"
"22021","Caldwell","9645","32.073032","-92.104629"
"22023","Cameron","5617","29.957136","-93.210852"
"22025","Catahoula","8906","31.694978","-91.820047"
"22027","Claiborne","14170","32.826371","-93.033201"
"22029","Concordia","18687","31.592181","-91.54632"
"22031","De Soto","26812","32.121308","-93.778274"
"22033","East Baton Rouge","456781","30.460289","-91.100064"
"22035","East Carroll","7459","32.761788","-91.184557"
"22037","East Feliciana","19539","30.820502","-91.090607"
"22039","Evangeline","32350","30.690294","-92.361575"
"22041","Franklin","19774","32.147658","-91.695666"
"22043","Grant","22169","31.530198","-92.538082"
"22045","Iberia","69929","29.994242","-91.80964"
"22047","Iberville","30241","30.271035","-91.232013"
"22049","Jackson","15031","32.283184","-92.643112"
"22051","Jefferson","440781","29.945816","-90.152287"
"22053","Jefferson Davis","32250","30.241059","-92.746247"
"22055","Lafayette","241753","30.198103","-92.042199"
"22057","Lafourche","97557","29.690273","-90.63396"
"22059","LaSalle","14791","31.726006","-92.16954"
"22061","Lincoln","48396","32.54964","-92.645045"
"22063","Livingston","142282","30.48237","-90.843081"
"22065","Madison","10017","32.397655","-91.197847"
"22067","Morehouse","25629","32.785896","-91.8883"
"22069","Natchitoches","37515","31.757091","-93.097411"
"22071","Orleans","383997","29.975765","-90.05295"
"22073","Ouachita","160368","32.516411","-92.131922"
"22075","Plaquemines","23515","29.725872","-89.903288"
"22077","Pointe Coupee","20758","30.664814","-91.4947"
"22079","Rapides","130023","31.286365","-92.455373"
"22081","Red River","7620","32.054844","-93.305191"
"22083","Richland","20043","32.440206","-91.718715"
"22085","Sabine","22155","31.578134","-93.564477"
"22087","St. Bernard","43764","29.930597","-89.937239"
"22089","St. Charles","52549","29.938265","-90.376212"
"22091","St. Helena","10920","30.786666","-90.693517"
"22093","St. James","20192","30.020844","-90.736618"
"22095","St. John the Baptist","42477","30.072182","-90.511201"
"22097","St. Landry","82540","30.510054","-92.112737"
"22099","St. Martin","51767","30.231079","-91.83735"
"22101","St. Mary","49406","29.738031","-91.339006"
"22103","St. Tammany","264570","30.386943","-89.961836"
"22105","Tangipahoa","133157","30.561076","-90.449002"
"22107","Tensas","4147","31.960595","-91.298951"
"22109","Terrebonne","109580","29.596256","-90.725647"
"22111","Union","21107","32.788831","-92.398543"
"22113","Vermilion","57359","29.998731","-92.161801"
"22115","Vernon","48750","31.09456","-93.24714"
"22117","Washington","45463","30.839568","-90.004103"
"22119","Webster","36967","32.699031","-93.338052"
"22121","West Baton Rouge","27199","30.436753","-91.266575"
"22123","West Carroll","9751","32.827035","-91.427421"
"22125","West Feliciana","15310","30.888343","-91.442588"
"22127","Winn","13755","31.930579","-92.67791"
