prior,n_regions,diag_mean,offdiag_mean,row_sum_min,row_sum_max,nonzero_offdiag_edges,max_offdiag,source
full64_JT01_2019_C0_commute_JT01_2019,64,0.8,0.19999999999999996,0.9999999999999998,1.0000000000000002,3742,0.12522863741339488,Census LEHD/LODES OD employment flows aggregated to parish FIPS
full64_JT01_2019_C0_hybrid_lodes_JT01_2019,64,0.8,0.19999999999999996,0.9999999999999998,1.0000000000000002,4032,0.10004908342330185,Census LEHD/LODES OD employment flows aggregated to parish FIPS
full64_JT01_2019_C0_wrong_permuted_lodes_JT01_2019,64,0.7999999999999999,0.19999999999999996,0.9999999999999998,1.0000000000000002,3747,0.14729679574415436,Census LEHD/LODES OD employment flows aggregated to parish FIPS
top15_JT01_2019_C0_commute_JT01_2019,15,0.8000000000000003,0.19999999999999987,1.0,1.0000000000000002,210,0.16965146111006818,Census LEHD/LODES OD employment flows aggregated to parish FIPS
top15_JT01_2019_C0_hybrid_lodes_JT01_2019,15,0.8000000000000003,0.2,0.9999999999999998,1.0,210,0.17010757060504336,Census LEHD/LODES OD employment flows aggregated to parish FIPS
top15_JT01_2019_C0_wrong_permuted_lodes_JT01_2019,15,0.8000000000000003,0.20000000000000007,0.9999999999999998,1.0000000000000002,210,0.17863771889304156,Census LEHD/LODES OD employment flows aggregated to parish FIPS
full64_JT00_2019_C0_commute_JT00_2019,64,0.8,0.19999999999999993,0.9999999999999997,1.0000000000000002,3760,0.12587113600410446,Census LEHD/LODES OD employment flows aggregated to parish FIPS
full64_JT00_2019_C0_hybrid_lodes_JT00_2019,64,0.8,0.19999999999999993,0.9999999999999998,1.0000000000000002,4032,0.10037033271865668,Census LEHD/LODES OD employment flows aggregated to parish FIPS
full64_JT00_2019_C0_wrong_permuted_lodes_JT00_2019,64,0.8,0.19999999999999996,0.9999999999999998,1.0,3764,0.14728129670077017,Census LEHD/LODES OD employment flows aggregated to parish FIPS
top15_JT00_2019_C0_commute_JT00_2019,15,0.8000000000000003,0.19999999999999993,0.9999999999999998,1.0000000000000002,210,0.16989843028624188,Census LEHD/LODES OD employment flows aggregated to parish FIPS
top15_JT00_2019_C0_hybrid_lodes_JT00_2019,15,0.8000000000000003,0.2,0.9999999999999999,1.0000000000000002,210,0.17023105519313028,Census LEHD/LODES OD employment flows aggregated to parish FIPS
top15_JT00_2019_C0_wrong_permuted_lodes_JT00_2019,15,0.8000000000000003,0.19999999999999993,0.9999999999999999,1.0000000000000002,210,0.17837187178441763,Census LEHD/LODES OD employment flows aggregated to parish FIPS
