county_fips,county_name
22001,Acadia County
22003,Allen County
22005,Ascension County
22007,Assumption County
22009,Avoyelles County
22011,Beauregard County
22013,Bienville County
22015,Bossier County
22017,Caddo County
22019,Calcasieu County
22021,Caldwell County
22023,Cameron County
22025,Catahoula County
22027,Claiborne County
22029,Concordia County
22031,De Soto County
22033,East Baton Rouge County
22035,East Carroll County
22037,East Feliciana County
22039,Evangeline County
22041,Franklin County
22043,Grant County
22045,Iberia County
22047,Iberville County
22049,Jackson County
22051,Jefferson County
22053,Jefferson Davis County
22055,Lafayette County
22057,Lafourche County
22059,La Salle County
22061,Lincoln County
22063,Livingston County
22065,Madison County
22067,Morehouse County
22069,Natchitoches County
22071,Orleans County
22073,Ouachita County
22075,Plaquemines County
22077,Pointe Coupee County
22079,Rapides County
22081,Red River County
22083,Richland County
22085,Sabine County
22087,St. Bernard County
22089,St. Charles County
22091,St. Helena County
22093,St. James County
22095,St. John the Baptist County
22097,St. Landry County
22099,St. Martin County
22101,St. Mary County
22103,St. Tammany County
22105,Tangipahoa County
22107,Tensas County
22109,Terrebonne County
22111,Union County
22113,Vermilion County
22115,Vernon County
22117,Washington County
22119,Webster County
22121,West Baton Rouge County
22123,West Carroll County
22125,West Feliciana County
22127,Winn County
