Recipient County / Source County,Jefferson County,East Baton Rouge County,Orleans County,St. Tammany County,Caddo County,Lafayette County,Calcasieu County,Ouachita County,Bossier County,Livingston County,Ascension County,Rapides County,Tangipahoa County,Terrebonne County,Lafourche County,St. Landry County,Iberia County,Acadia County,St. Charles County,St. Martin County,Vermilion County,Washington County,St. Bernard County,Lincoln County,St. Mary County,St. John the Baptist County,Webster County,Avoyelles County,Natchitoches County,Vernon County,Beauregard County,Iberville County,Evangeline County,Morehouse County,Jefferson Davis County,Franklin County,West Baton Rouge County,De Soto County,Union County,Plaquemines County,Allen County,Sabine County,East Feliciana County,Pointe Coupee County,Richland County,Assumption County,Grant County,St. James County,Concordia County,Jackson County,Winn County,Bienville County,Madison County,West Carroll County,Claiborne County,Caldwell County,St. Helena County,Catahoula County,West Feliciana County,La Salle County,Red River County,East Carroll County,Cameron County,Tensas County
Jefferson County,0.07897198416666651,-6.205161666666767e-11,0.014577494749999989,-0.0027305247569118663,-6.120036666666681e-11,-6.153320000000091e-11,0.005129032411408091,-6.090471666666934e-11,0.019443425741637956,0.005533844009364835,-6.148765833333227e-11,-6.411865833333385e-11,-6.181840833333265e-11,-6.175878333333474e-11,-0.05508380070676861,-6.174203333333354e-11,0.01200329482599925,-6.169682499999889e-11,-0.041267760039182574,-6.154240833333235e-11,0.005213893759138658,-6.137986666666943e-11,-6.11733249999991e-11,-6.108590833333407e-11,0.01592115275535991,-0.012036263997175285,-6.159399166666531e-11,-6.174403333333417e-11,-6.156119999999826e-11,-6.162478333333173e-11,-6.180811666666615e-11,-6.146740833333161e-11,-6.178857499999918e-11,-6.182858333333052e-11,0.007718650064212415,-5.790849166666673e-11,-6.153949166666614e-11,-6.146436666666659e-11,-6.049315000000273e-11,-0.06421852820530026,-6.173599166666425e-11,-6.163520833333216e-11,-6.131345000000117e-11,-6.132307499999969e-11,-6.167578333332979e-11,-6.129136666666604e-11,-6.163636666666682e-11,-6.134882500000211e-11,-6.135449166666672e-11,-6.210709166667005e-11,-6.224686666666622e-11,-6.602651666666752e-11,-5.434757499999791e-11,-6.113324999999998e-11,-6.150799166666602e-11,-6.153654166666768e-11,-6.162128333333061e-11,0.005865745176009208,-6.151262499999642e-11,-6.162845000000067e-11,-6.176870000000153e-11,-2.512810833333152e-11,0.0049584166614484665,-6.156936666666532e-11
East Baton Rouge County,0.0033635702799623755,0.01227182250000003,-2.1781421333333342e-09,0.01201764434421405,-2.1904465166666687e-09,-2.1926289583333337e-09,-2.1930477249999993e-09,-2.193041083333338e-09,-2.192734983333333e-09,-0.06216638300327962,-0.014364955086131968,0.006467756602640133,-2.1932747499999993e-09,0.0065417182994541665,-2.1926333083333342e-09,-2.1934640416666682e-09,0.010215027756704584,-2.1929051583333324e-09,-2.188057791666668e-09,-2.1933316000000017e-09,-2.193027666666665e-09,-2.192856833333333e-09,-2.1847245416666666e-09,-2.193824233333332e-09,0.024944919264621668,-2.191599391666667e-09,-2.191799408333333e-09,-2.193201249999999e-09,-2.193073775e-09,-2.193140624999999e-09,-2.192980416666666e-09,-0.012986818448732293,-2.1931274583333338e-09,0.017779451360490788,-2.192959583333332e-09,0.007420002443449335,-0.05050098608624875,-2.193218175e-09,0.006850438912370417,-2.1896507083333347e-09,-2.193499375e-09,-2.193230399999999e-09,-0.021977358091292462,0.00942588788202865,-2.192813466666668e-09,-2.1930664166666635e-09,-2.1893673333333325e-09,-2.1897422583333333e-09,-2.193413499999998e-09,0.012720950111891623,-2.1933683666666646e-09,0.011865801029927072,0.0058922720398871245,-2.193380483333337e-09,-2.1926792083333323e-09,-2.192409816666666e-09,-0.015310307753159915,0.029529766893386922,-2.1926671416666657e-09,-2.193038633333335e-09,-2.1935571499999983e-09,-2.196664941666668e-09,-2.192010900000001e-09,-2.192898874999999e-09
Orleans County,-0.01653650139815359,0.007442254209185082,0.0370571833333333,-0.04175403309438767,1.508305416666638e-10,0.006933921131384541,0.004273002547670125,1.5161030000000015e-10,1.5015212500000062e-10,0.0036343113474685,0.006065961547728584,1.478165000000018e-10,1.503841666666675e-10,0.01803121775458775,1.5065254166666826e-10,1.5055820833333408e-10,1.505211666666665e-10,1.504405416666652e-10,1.5084949999999917e-10,1.505820416666673e-10,1.5055029166666793e-10,0.016714731911877792,-0.0820706455506378,1.5123616666666447e-10,0.010594163774117335,0.0013278993652071252,1.5080837499999888e-10,1.5056908333333383e-10,1.5075062500000115e-10,1.505731666666682e-10,1.5047491666666747e-10,1.5049587499999853e-10,1.5055150000000344e-10,1.5016670833333667e-10,1.5047587499999877e-10,1.565671249999991e-10,1.5060374999999776e-10,1.5058913333333443e-10,1.5110975000000024e-10,-0.016882866300605044,1.505852500000018e-10,1.5058138333333444e-10,0.01976902292150346,0.010031490940755625,1.505935833333317e-10,0.011323603106805583,1.5072454166666474e-10,0.0040451916309300825,1.5059920833333226e-10,1.4903333333333314e-10,1.5008312499999682e-10,1.4377833333333552e-10,1.5624141666666436e-10,1.50760916666666e-10,1.5077704166666824e-10,1.4978074166666498e-10,1.505839583333365e-10,1.5094587500000135e-10,1.50552041666666e-10,1.5054434166667017e-10,1.5059654166667026e-10,1.767870000000021e-10,1.505817583333325e-10,1.505407500000025e-10
St. Tammany County,-0.007056144311652508,0.014654719137621917,-0.039553022943974336,0.014304278333333253,-1.1994306666666492e-10,-1.2009414999999982e-10,-1.2075240000000037e-10,-1.1966682499999884e-10,-1.1996569166666593e-10,0.007223129065664291,0.005928479701976525,-1.213425583333342e-10,-0.07074047564241615,0.003376497638995766,-1.2017398333333268e-10,-1.2088165000000104e-10,-1.2067856666666611e-10,-1.206860666666652e-10,-1.1955043333333492e-10,0.0060171057734905165,-1.2068481666666563e-10,-0.039535133746281356,-0.016351577120710684,0.005363576857559392,0.03156311262414437,0.008089492136721391,-1.1871950000000085e-10,-1.2064281666666713e-10,-1.2068710833333123e-10,-1.203596083333327e-10,-1.207711083333332e-10,0.0097117166997081,0.005517831138222351,-1.2037781666666702e-10,-1.2080485833333154e-10,-1.1990892500000157e-10,-1.204233166666683e-10,-1.2049744166666587e-10,-1.1899352500000094e-10,0.015848681532638517,-1.2088640000000173e-10,0.012169045032591391,-1.2027482500000075e-10,-1.2044744166666647e-10,-1.2063794166666599e-10,0.03346869462417663,-1.2016464999999913e-10,-1.1997361666666556e-10,-1.204757333333321e-10,-1.1982184166666557e-10,-1.21360441666668e-10,-1.1785519999999996e-10,-1.1807055833333177e-10,-1.206899000000003e-10,-1.2003931666666665e-10,-1.1970487500000022e-10,-1.2057356666666738e-10,-1.2067480833333227e-10,-1.2070531666666554e-10,-1.2053564999999994e-10,-1.2068085833333172e-10,-1.019109083333347e-10,-1.205937666666672e-10,-1.2061094166666565e-10
Caddo County,-8.936645333333341e-10,-8.981774749999991e-10,0.007908496720886503,0.005862491517105916,0.021396785833333376,0.0059031463480083745,0.0046037433796379005,0.007515540389003876,-0.11135806416666666,0.018842218505188857,-8.980324750000008e-10,-8.975435999999993e-10,-8.985063083333319e-10,-8.983212666666668e-10,-8.978651000000008e-10,-8.984856000000001e-10,0.0062551272130362745,-8.982446833333341e-10,-8.944932500000022e-10,-8.98388308333334e-10,-8.984165583333339e-10,0.0053124198482370835,-8.938383416666684e-10,-8.980724750000004e-10,0.007691557962843107,-8.951777583333338e-10,-8.969433916666664e-10,-8.984064749999976e-10,0.004125841138028984,-8.983209750000002e-10,0.009200319520341416,-8.97095833333336e-10,0.005207427962868608,0.004616285764213709,-8.984471416666651e-10,-8.98650025e-10,-8.980725166666677e-10,-0.049217535982655894,-8.975894749999986e-10,0.006099865390569251,0.0112935296438679,0.005055970690762692,-8.984110583333338e-10,-8.983587666666655e-10,0.005395362024042525,-8.97807183333332e-10,-8.967122249999994e-10,-8.955553833333322e-10,-8.985350999999993e-10,-8.995023916666665e-10,-8.987391833333329e-10,-9.003358500000018e-10,-8.98113266666665e-10,-8.986005166666673e-10,-8.97733800000002e-10,-8.987329000000028e-10,-8.984838916666661e-10,0.023009176745555037,-8.982145999999998e-10,-8.982966833333325e-10,-0.008163625841298433,-8.948924999999962e-10,0.0034439163882134002,-8.983140166666653e-10
Lafayette County,1.4853106250000016e-09,1.4825146333333338e-09,1.4868544250000007e-09,1.491021491666665e-09,0.009923792741432666,0.011641491666666615,1.4810780999999986e-09,1.4820072500000011e-09,1.4824305500000004e-09,0.021739905978919297,1.485936666666665e-09,1.4658387999999996e-09,1.4808351750000001e-09,1.481603033333331e-09,1.4850254666666657e-09,-0.04068020199607262,0.0010716654751566994,-0.03321383453885995,1.4941381666666688e-09,-0.06327875387901705,-0.050148219747729914,1.4842899083333335e-09,1.4960997083333295e-09,1.4824867500000001e-09,1.4830647166666668e-09,1.4986513166666657e-09,0.030852211646633754,0.012689924642444388,0.009835206864123393,1.4818978499999977e-09,0.024858792724178555,1.4900828750000016e-09,0.006895460145608133,1.4809602083333342e-09,0.019059575889958005,1.4992410833333329e-09,1.4846434916666651e-09,0.006942672065864009,1.4814000916666668e-09,1.4895005416666674e-09,1.4811001583333316e-09,1.4815599333333322e-09,1.4849295833333352e-09,1.4825189583333323e-09,1.4819192666666632e-09,1.4865161666666677e-09,0.005541057537139315,1.4918793750000002e-09,1.4827614833333322e-09,1.4807982166666656e-09,1.4812990916666644e-09,1.465546458333335e-09,1.4989053416666677e-09,1.4823103833333324e-09,1.4844801416666668e-09,1.4822163750000004e-09,1.4823003083333296e-09,1.4816877999999977e-09,1.4832554583333321e-09,0.0010899796872553915,1.482016049999999e-09,0.014667242000594934,0.010511772269374815,1.4821341416666634e-09
Calcasieu County,1.1424089166666678e-09,1.1380452083333346e-09,1.1484109916666683e-09,1.1405300583333335e-09,1.1362776999999986e-09,1.141363e-09,-0.007361190833333531,1.1441117916666643e-09,1.1412270583333323e-09,0.016574336018810292,0.013862923945163082,1.1368086833333338e-09,1.1392764000000016e-09,1.1395515833333347e-09,1.1413518083333332e-09,1.1410834583333296e-09,0.005632092874060044,1.1407084083333316e-09,1.1445949083333347e-09,0.013223557644672042,1.1410691249999977e-09,1.1410531249999976e-09,1.1459824833333332e-09,1.1422348833333314e-09,1.1408877499999982e-09,1.1421133333333348e-09,1.1430597083333334e-09,0.005861792712863459,1.140269416666664e-09,1.1411570416666662e-09,-0.058128077905047586,1.1376613333333335e-09,0.019921289190473087,1.1414955749999972e-09,-0.036552309250000026,1.1386190833333302e-09,1.1414161666666665e-09,0.022797908368268546,1.1424519416666654e-09,1.1469406416666636e-09,0.004292048764631667,0.015354230274386621,0.002143891215387716,1.140126333333335e-09,1.1411627916666656e-09,1.1395743333333312e-09,1.142034625000001e-09,1.1429996249999993e-09,1.14183608333333e-09,0.002119757526842425,1.1387576916666649e-09,1.1349902416666642e-09,1.1515598749999976e-09,1.1429575000000004e-09,1.141983583333334e-09,1.143683958333333e-09,1.1410829166666653e-09,0.007818870789241442,1.1415364916666672e-09,1.1412063333333336e-09,1.1409731250000019e-09,1.2265963500000012e-09,-0.027561482083333328,1.1413034583333319e-09
Ouachita County,-2.7541220833333333e-10,-2.817345416666676e-10,-2.687399999999988e-10,-2.738945833333355e-10,0.004075767059599259,-2.8134587499999834e-10,-2.806700333333356e-10,0.009338517499999921,-2.8061070833333445e-10,-2.8166987499999905e-10,-2.8074500833333094e-10,-2.815628333333323e-10,-2.8233170833333215e-10,-2.819166999999971e-10,-2.801777833333317e-10,-2.8154969999999755e-10,-2.8108629166666525e-10,-2.813304583333364e-10,-2.743285000000035e-10,-2.8160241666666806e-10,-2.819756666666671e-10,0.004355324239057374,-2.738630000000023e-10,-0.0028862318741458342,-2.804602416666667e-10,-2.763731250000022e-10,0.007848004820545334,-2.812314999999987e-10,0.010545070986622959,-2.815005833333348e-10,-2.815874583333356e-10,-2.783444500000007e-10,-2.8079916666666596e-10,-0.048239657282799164,-2.816588750000005e-10,0.02623172800298,-2.8099976666666373e-10,-2.802071250000001e-10,-0.010667194166666671,-2.778292083333362e-10,-2.807029999999973e-10,-2.818883333333335e-10,-2.8042229166666535e-10,-2.8097920833333446e-10,-0.022453892493534876,-2.800182916666722e-10,-2.788054166666665e-10,-2.771684916666654e-10,0.010953185068438039,-0.03170166878379434,0.021442855753384824,0.023181866168091,-2.772427499999969e-10,0.01036763448173475,-2.8023724999999856e-10,-0.027946945283401078,0.005954904382934508,-2.814039999999958e-10,0.009600787570221581,-2.8196104166666865e-10,-2.8121242500000295e-10,-2.743913749999983e-10,-2.8067115833333304e-10,-2.8165833333333463e-10
Bossier County,0.003323071506510708,1.9298079999999931e-10,1.9404983333333152e-10,1.9543041666666957e-10,-0.09211332608333331,0.011441776582981124,0.016660283261311262,2.010194583333335e-10,-0.005346292500000072,0.011875791796748083,0.012050250504042124,1.9261155000000155e-10,1.9385266666666708e-10,0.004323791672080499,1.944468333333307e-10,1.9427669999999716e-10,1.9428328333333398e-10,1.941330749999973e-10,0.005533290032898043,0.00528334600464621,1.941698749999991e-10,1.94885875000004e-10,1.9510279166666398e-10,1.960638333333366e-10,1.9449700833333303e-10,0.007357332168598875,-0.052071445919960956,1.9427254166666485e-10,1.9512570833332996e-10,1.9441320833333445e-10,0.008616498296181834,1.9196849999999757e-10,0.01953490723154296,1.951270833333333e-10,1.943687083333335e-10,1.9910191666666865e-10,1.9438354166666715e-10,0.011767709752894626,1.9742579166666995e-10,1.945241249999987e-10,0.003238789993030292,1.9452441666666863e-10,1.944080333333332e-10,1.9461512499999958e-10,0.0030963259931918335,1.942428166666682e-10,1.9577454166666388e-10,1.934032833333347e-10,1.9505633333333142e-10,0.03444074929199321,1.9423479166666357e-10,-0.0267893545753975,2.0198158333333455e-10,1.9466404166666557e-10,1.9413020833333191e-10,1.978014916666706e-10,1.9424674999999837e-10,1.9503145833333218e-10,1.9395325000000076e-10,1.9416525000000052e-10,-0.002262095127277625,2.880210416666648e-10,0.01651214439857333,0.003526447659858167
Livingston County,-4.975903500000015e-10,-0.05843126251927056,-4.905591750000006e-10,0.008816890371969126,0.004447942049669741,-5.088773666666682e-10,0.009901628661525124,-5.097143750000021e-10,-5.093061999999998e-10,0.007586513333333267,0.0003128685833333339,-5.120158250000004e-10,-0.06242306559930876,-5.106420833333302e-10,-5.064803666666651e-10,-5.096490333333321e-10,0.010223655217838383,-5.087275333333345e-10,-4.94986000000001e-10,0.03184678028920082,0.006232296289938584,-5.067535166666686e-10,-4.953036416666687e-10,-5.099260000000005e-10,-5.092389500000007e-10,-0.013126765017684101,0.002332717622777266,0.0033426447538245497,-5.095992833333353e-10,-5.09329541666668e-10,0.016479102707902957,-5.01156466666667e-10,-5.083822916666663e-10,-5.103947750000006e-10,0.02412557274287229,-5.092739166666664e-10,-5.075121249999991e-10,-5.070650166666686e-10,-5.081384833333328e-10,-5.038888083333352e-10,-5.094999083333355e-10,0.006160600373312759,-5.074559333333345e-10,-5.08857325000001e-10,-5.088775250000025e-10,-5.056188666666667e-10,-5.053615333333302e-10,0.001751958492761583,-5.093828249999998e-10,-5.101363166666667e-10,0.004227839455392624,-5.132612833333346e-10,-5.048119916666664e-10,-5.096571166666694e-10,-5.073915166666668e-10,-5.087021750000004e-10,-0.027704029431376113,0.0077888285028002175,-5.073457583333329e-10,-5.10510075000001e-10,-5.089080749999982e-10,-4.96792083333334e-10,0.016107252090751836,-5.094796166666658e-10
Ascension County,-1.2926891666666667e-09,-0.01772231626805141,-1.2894116083333332e-09,0.010621077509766583,-1.2970302416666687e-09,-1.298120099999998e-09,0.0075407538606688815,-1.2967440249999982e-09,-1.2975938749999986e-09,-0.030747668333333335,0.031108915000000015,0.0072861950286440495,-1.2980141166666676e-09,-1.2981432833333335e-09,-1.2987894916666678e-09,-1.2991944500000005e-09,0.005526004693795508,-1.2990630249999996e-09,-1.2946087000000004e-09,0.028567092969463827,-1.2987292916666702e-09,-1.2971395333333337e-09,-1.2939316249999983e-09,-1.2984228916666668e-09,0.005015716776440384,-0.011622942887088402,-1.2978668666666678e-09,-1.298983091666665e-09,-1.2992604499999984e-09,-1.2987288000000002e-09,-1.2982627249999992e-09,-0.05018485409897584,0.006068333915607049,-1.2980984750000006e-09,-1.2988730749999978e-09,-1.2982288916666661e-09,-1.2994562416666661e-09,-1.2992797250000008e-09,-1.2968811583333328e-09,-1.295558324999999e-09,-1.299264158333333e-09,-1.2991708000000004e-09,-1.2985833666666662e-09,-1.2988751166666674e-09,0.010051743278587507,0.004825356007989414,-1.2972242416666677e-09,-0.03246026069282487,-1.2990295583333327e-09,-1.2971764083333334e-09,-1.2986710833333347e-09,-1.2958853083333338e-09,-1.293936491666666e-09,-1.2990785583333351e-09,-1.2987792000000013e-09,-1.2967385166666663e-09,-1.2991717000000007e-09,-1.2989209250000006e-09,-1.2988081583333333e-09,-1.2988276083333337e-09,-1.2994677833333339e-09,0.0009865977259144165,0.025140335302973417,-1.2987631833333342e-09
Rapides County,3.319372425e-09,0.005357960926886583,3.315301958333333e-09,3.3239813333333318e-09,3.317609833333334e-09,3.3179751583333333e-09,3.3177570000000023e-09,3.309927575000001e-09,3.3192850333333336e-09,3.318050041666667e-09,3.3188925416666643e-09,0.002547086666666587,3.3179782916666666e-09,3.316574874999999e-09,3.319543291666666e-09,3.318108541666666e-09,3.317991508333336e-09,3.318735791666665e-09,3.320091749999998e-09,3.3178380416666707e-09,3.317719750000001e-09,3.3165455000000016e-09,3.3206896249999945e-09,3.317303833333329e-09,3.3180084999999997e-09,3.319532083333337e-09,3.320359458333329e-09,-0.04672492747098255,0.0007285585833333337,-0.02892877322174504,3.3183587916666638e-09,3.317481716666664e-09,-0.04493563447028108,0.015543004287740593,3.3174990833333325e-09,0.030458035203608336,3.3177137916666683e-09,3.3183514166666685e-09,0.002227678626619458,3.322232083333334e-09,-0.019551737945638043,3.3173567166666674e-09,3.317128999999999e-09,3.317409499999999e-09,3.3175124166666674e-09,3.317641500000002e-09,-0.017659506859661667,3.3158587999999994e-09,3.3184207916666686e-09,0.009090396036589118,0.00844331073694325,0.004489396899217,3.3188271666666654e-09,3.3169342499999973e-09,3.3187023416666666e-09,0.01659778517082742,3.3178311333333333e-09,3.3174506250000026e-09,0.009457684453459627,-0.00778933258823929,3.3174535583333325e-09,0.06064883329902205,3.3175980416666702e-09,3.3176552083333347e-09
Tangipahoa County,5.079968666666654e-10,5.099074583333322e-10,5.038853333333345e-10,-0.014913782114660119,5.115604583333339e-10,5.110345833333313e-10,5.106772166666662e-10,5.105108083333318e-10,5.103416833333321e-10,-0.058393792285095864,5.095498916666662e-10,5.103388500000014e-10,0.05909879249999994,5.089957583333319e-10,5.103176666666657e-10,5.108519333333318e-10,5.107594249999986e-10,5.104610083333325e-10,5.118983250000001e-10,5.107464083333316e-10,0.007334297383190469,-0.04403744761826458,5.08672825000001e-10,0.026385741796002206,0.011329553592287848,-0.009720224271944357,5.110063749999995e-10,5.110309833333309e-10,5.107584666666648e-10,5.105498333333331e-10,5.106079499999987e-10,5.108154916666668e-10,5.104432583333326e-10,0.01808914425098228,5.107265500000001e-10,5.10301241666665e-10,5.092230166666659e-10,5.095907333333342e-10,5.105876749999993e-10,0.0025922770425832334,5.110581000000007e-10,0.015115981303061911,5.098175499999998e-10,0.008020903272942543,5.108516999999986e-10,0.01512626963611869,5.118658833333324e-10,5.085424749999999e-10,5.107879583333333e-10,5.105335416666671e-10,5.101315416666664e-10,5.106752666666647e-10,5.106889333333327e-10,5.106971833333329e-10,5.101090333333323e-10,5.10567108333334e-10,-0.03829047661837899,5.106576833333302e-10,5.098279499999998e-10,5.108136750000002e-10,0.0022626997452109754,5.05871216666667e-10,5.109544833333305e-10,5.107638499999996e-10
Terrebonne County,0.004460944179313874,0.009569187366279007,-3.5268570833333246e-10,-3.545827500000007e-10,-3.5547479166666456e-10,-3.5533636666666634e-10,0.01422629170656917,-3.552771666666673e-10,0.005154576334053623,-3.554259166666676e-10,0.024593016562339916,-3.528732583333302e-10,-3.5586204166666806e-10,-0.0016783033333334085,-0.1057536463953799,-3.555628749999992e-10,0.0055974575107831746,-3.5565290833333203e-10,-3.5465474999999884e-10,0.015319351478922334,-3.554945750000006e-10,-3.548536666666663e-10,0.008434961597004291,-3.553790833333353e-10,-0.04503453443871268,-3.5468891666666757e-10,-3.54265833333332e-10,-3.556192833333325e-10,-3.556709083333328e-10,-3.554837083333327e-10,-3.5552254166666737e-10,0.015526944145643456,-3.5554291666666683e-10,-3.5421349999999797e-10,-3.558131666666678e-10,-3.6108066666666277e-10,0.014333260290288218,-3.555588749999996e-10,-3.5547483333333523e-10,-3.53782625e-10,-3.5551028333333247e-10,-3.556065416666677e-10,-3.550714166666654e-10,0.004643076260780042,0.026135129011896505,0.00015194902775825248,-3.5492750000000224e-10,-3.549601666666672e-10,-3.5553753333333537e-10,-3.526937499999991e-10,-3.571025416666681e-10,-3.460099499999993e-10,-3.618102916666658e-10,-3.558859583333327e-10,-3.550943333333347e-10,-3.5271475833333593e-10,-3.5558082499999915e-10,-3.5601834166666494e-10,-3.5561233333333274e-10,-3.555572500000003e-10,-3.5560103333333245e-10,-3.8254049999999996e-10,0.0043203996246275,-3.552865416666666e-10
Lafourche County,-0.027848145517650226,-3.8572719999999835e-10,-3.8316220833333474e-10,0.004761272419296666,-3.845124916666648e-10,-3.8486011666666517e-10,-3.849084833333318e-10,-3.837683166666662e-10,-3.842628249999985e-10,-3.8480553333333126e-10,-3.8481769999999794e-10,-3.862965749999991e-10,-3.8503132499999863e-10,-0.06312854880468304,0.05973891666666642,0.02603043801923367,-3.852428666666656e-10,-3.8500828333333054e-10,-0.022287900765613117,-3.849309083333311e-10,-3.8492715833333074e-10,-3.846192416666649e-10,0.003067406468413342,-3.848217833333323e-10,0.01411133746213246,0.0032952116534848315,-3.844512416666643e-10,-3.8502532499999837e-10,-3.8490690833333173e-10,0.0053157066950291244,-3.850081999999991e-10,-3.869572416666674e-10,-3.847319083333322e-10,-3.845828249999996e-10,-3.8494011666666586e-10,-3.845784833333325e-10,-3.84983783333331e-10,0.009856964168165425,-3.836055833333334e-10,-3.83605324999999e-10,0.0027518728249178413,-3.850268666666662e-10,-3.85444074999997e-10,-3.8499639999999866e-10,-3.8501549166666466e-10,-0.025288978483540912,-3.8433786666666496e-10,0.00518266859166667,-3.8503865833333154e-10,-3.830435583333358e-10,-3.8624644999999596e-10,-3.841920666666681e-10,-3.8217669999999814e-10,-3.848835333333313e-10,-3.8529519999999796e-10,-3.8317254166666696e-10,-3.84929449999998e-10,-3.848799083333314e-10,-3.8510032499999746e-10,-3.850736999999985e-10,-3.8503019999999785e-10,-3.7147595833333264e-10,0.0044418246670733,-3.845513666666652e-10
St. Landry County,0.002635727021006917,-6.562389916666677e-10,-6.473319833333338e-10,-6.496497583333344e-10,-6.520000083333333e-10,-0.02339573820522463,-6.547498166666682e-10,-6.548545999999999e-10,-6.540052333333327e-10,-6.533090749999998e-10,-6.538710000000007e-10,-6.538440999999987e-10,-6.55191025e-10,-6.560273999999982e-10,0.010228616947964576,0.05597681916666675,0.007169777962093349,-0.021546566844848986,0.006490971046836859,-0.04547498516229036,0.007776913782258792,-6.536305916666683e-10,-6.484301916666649e-10,-6.529743999999994e-10,-6.538547750000017e-10,0.009367740099145457,-6.529094416666659e-10,-0.014895234704330415,-6.539265249999989e-10,0.003956513789579541,0.011559064313654624,-6.535054500000008e-10,-0.031498984720176273,0.0022908131979421918,-6.544782166666676e-10,-6.592577333333328e-10,0.01778871559269958,-6.535544499999998e-10,-6.547033666666658e-10,-6.520995583333311e-10,-6.541091083333339e-10,-6.538660666666669e-10,-6.544398666666645e-10,-0.03344761024572603,0.014290224699356455,-6.542624666666658e-10,-6.519816999999989e-10,-6.500354000000006e-10,0.007090893614892709,-6.51403291666668e-10,-6.572943833333331e-10,-6.451628749999987e-10,0.003933751700903824,-6.543002333333341e-10,0.009702627539356459,-6.517851666666669e-10,-6.537153166666676e-10,-6.55165083333336e-10,-6.545757833333334e-10,-6.539267333333341e-10,-6.536312333333359e-10,-6.86368324999999e-10,-6.538344166666675e-10,-6.53370933333334e-10
Iberia County,-5.316507666666664e-09,0.013432194294639082,0.0022775205775895585,-5.317733808333331e-09,0.005044162422707584,0.0022037073828398332,-5.3230125833333345e-09,0.005946234375721201,-5.321478291666667e-09,0.00554280411790704,0.01456023911656242,-5.315542666666669e-09,-5.323249333333338e-09,0.004175376344859484,-5.322060791666666e-09,0.007131680218881251,0.05843437666666673,-5.321811666666665e-09,-5.317848075000001e-09,-0.04919493720897796,-0.030821948042970084,0.006442424667410499,-5.311247041666667e-09,-5.321252000000003e-09,-0.05938641926551432,-5.32776463333333e-09,0.005469641204453499,0.005499698701082083,-5.323283791666667e-09,0.005480506701669499,-5.322561125e-09,-0.01933410234176474,-5.323326000000004e-09,-5.317584708333332e-09,0.005314535002049792,-5.3291497499999966e-09,-5.322982716666667e-09,-5.325115200000002e-09,-5.303315350000002e-09,-5.316665174999999e-09,-5.323895791666668e-09,0.009183585251996992,-5.3198148750000024e-09,-5.32218075e-09,0.01901965215239879,-0.01642023312146168,-5.318438549999998e-09,-5.3213668000000046e-09,-5.322302000000005e-09,-5.306714666666667e-09,-5.325457850000001e-09,-5.2710083333333395e-09,-5.325266975000002e-09,-5.3240205416666675e-09,-5.32366033333333e-09,-5.30115145e-09,-5.32313566666667e-09,-5.324355025000001e-09,-5.320801500000001e-09,-5.323033666666668e-09,-5.323139041666669e-09,-5.201940708333332e-09,-5.320951741666669e-09,-5.322360808333334e-09
Acadia County,4.12666725e-09,4.120695708333332e-09,4.119626666666661e-09,4.125151333333336e-09,0.0028948566406845,-0.02068171056849871,4.120172250000003e-09,4.0983517083333344e-09,4.118961916666667e-09,4.1200039583333304e-09,4.125126916666662e-09,0.006906299942230542,4.120253708333335e-09,4.118917500000002e-09,4.123717499999997e-09,-0.03571950900716008,4.119531500000001e-09,-0.010946334166666571,4.136161533333332e-09,4.120359341666666e-09,-0.05262338659154363,4.112340824999999e-09,4.130410750000001e-09,4.112436508333331e-09,4.121439916666666e-09,4.140889083333331e-09,4.122337291666669e-09,4.120138791666664e-09,0.010412905652240375,4.119526291666669e-09,4.1207512083333296e-09,4.126506583333336e-09,-0.025610091007087003,4.112055458333331e-09,-0.060450894842001085,4.104962458333333e-09,4.122514208333332e-09,4.126217375000001e-09,0.0020963433868576246,4.129103166666663e-09,4.119595750000001e-09,4.119789541666671e-09,0.0039056111781628753,4.118931491666665e-09,4.119401333333335e-09,4.123097833333332e-09,0.010545756484264375,4.127191958333334e-09,0.008377169460765041,4.1000822499999976e-09,4.121892583333334e-09,4.060594333333331e-09,0.019356923459616208,0.02043172537663567,4.124222091666667e-09,0.012973615048530325,4.11972175e-09,4.118281166666667e-09,0.003501116843445792,4.119829458333334e-09,4.119908041666668e-09,0.10076285111160788,4.1191124583333325e-09,0.003866160567185916
St. Charles County,-0.043424409132910416,1.0671712499999848e-10,1.1221628333333379e-10,1.0851812500000184e-10,1.0725916666666657e-10,1.0771749999999932e-10,1.0808466666666502e-10,1.0609091666666723e-10,0.010029418472296334,1.0784775000000197e-10,1.0838766666666566e-10,1.0900270833333385e-10,1.0767479166666547e-10,1.0814474999999903e-10,-0.06311599470920493,1.0794965833333484e-10,1.0778654166666553e-10,1.0782466666666982e-10,0.0818288241666667,1.078224083333348e-10,0.022931030702900288,1.0829569999999835e-10,0.004903031911250791,1.0790595833333414e-10,1.0797140833333432e-10,-0.07490441150996954,1.0847424999999984e-10,1.0776982499999987e-10,1.0690465833333425e-10,1.0788258333333372e-10,1.075335416666676e-10,1.0791091666666671e-10,1.0799337499999917e-10,1.0776770000000044e-10,1.0710204166666901e-10,1.0080391666666768e-10,1.0817375000000166e-10,0.008805887881127794,1.0621312499999995e-10,1.0952353333333486e-10,0.01252644625604734,1.078739166666665e-10,1.0833908333333365e-10,1.0765825000000277e-10,1.0789541666666839e-10,1.082395749999999e-10,1.0797595833333329e-10,0.040420112785995825,1.0780612499999821e-10,1.0964783333333312e-10,1.057125416666678e-10,1.1422012499999967e-10,9.839270833333155e-11,1.0706858333333232e-10,1.0868012500000054e-10,1.1049812500000104e-10,1.0783487500000158e-10,1.0594195833333342e-10,1.0748867500000041e-10,1.0773040833333195e-10,1.0801383333333172e-10,6.204504166666599e-11,1.0778674999999906e-10,1.0840187500000035e-10
St. Martin County,-2.5178515000000004e-09,-2.5326959249999997e-09,-2.502920266666665e-09,-2.5258566250000016e-09,-2.527340191666669e-09,-0.019762409226621026,-2.5326033999999996e-09,-2.535548466666668e-09,-2.5332816333333346e-09,-2.5339314833333325e-09,-2.5318007833333315e-09,-2.5439607499999994e-09,-2.533334941666665e-09,-2.5340382083333355e-09,0.023536425466665248,-0.02139227393578765,-0.0296773598943479,-2.533923316666667e-09,-2.520854649999999e-09,0.07339915249999995,0.021678220901526334,-2.5322569416666673e-09,-2.5182105833333354e-09,-2.5348098250000002e-09,-0.02359720110165315,-2.5272119083333333e-09,0.011655369638704309,-2.5327316083333325e-09,-2.5340598833333337e-09,0.012660941842324086,0.004420595048815582,-0.08795602713372352,-2.5325863916666673e-09,-2.534261983333332e-09,-2.5341469000000002e-09,-2.533019066666664e-09,0.023667108797905997,0.01611915952153808,0.01094746722140046,-2.5266042999999997e-09,0.010635277424777835,-2.534310608333333e-09,-2.5320951749999976e-09,-0.0015067783018591497,-2.5338568166666673e-09,-0.028857374555659513,-2.5300691583333317e-09,-2.528810050000002e-09,-2.5339328166666668e-09,-2.534138574999999e-09,-2.5332425000000014e-09,-2.5399789833333312e-09,-2.520290741666666e-09,-2.53392310833333e-09,-2.5341115249999993e-09,-2.530626291666666e-09,-2.5346167750000007e-09,-2.5350963750000014e-09,-2.5328147583333334e-09,-2.5341473583333314e-09,-2.5340109833333313e-09,-2.5600187166666674e-09,0.004030165846153475,-2.5337758083333312e-09
Vermilion County,0.0015008060773142498,-1.0368632666666668e-09,-1.0310045249999996e-09,-1.0288444166666691e-09,0.0017345596107027586,-0.005485576666666662,0.016305801243232835,-1.0357271583333352e-09,-1.0323436916666642e-09,0.013912420367932426,-1.0366878666666672e-09,-1.036558000000001e-09,-1.0375209333333341e-09,-1.0357063166666678e-09,-1.037327458333334e-09,-1.035353158333335e-09,-0.042493572862717766,-0.04301026002345042,-1.033766191666666e-09,0.021785510152780876,-0.0017456733333336416,-1.0340999166666652e-09,-1.035648899999999e-09,-1.0343978750000002e-09,-1.0347373500000005e-09,0.0024510152154926163,-1.0333019999999987e-09,-1.035334866666666e-09,-1.036659116666667e-09,0.01444162345958225,0.014050628845785744,-1.0341692499999997e-09,0.038042336485281214,-1.0339711666666664e-09,-0.01639692435555399,-1.0418347666666684e-09,-1.036222974999998e-09,-1.035235441666667e-09,-1.0342757000000014e-09,-1.0366774666666655e-09,-1.036140775e-09,0.013683365022197493,-1.0325210499999988e-09,-1.0356783166666655e-09,-1.0357918499999975e-09,-1.0358994583333355e-09,-1.0336651833333317e-09,-1.0347836500000004e-09,-1.0337430750000016e-09,-1.0289382249999994e-09,-1.037754333333334e-09,-1.0186568000000005e-09,-1.0386028666666671e-09,-1.0357003333333345e-09,-1.035035050000001e-09,-1.028728249999999e-09,-1.0357872499999977e-09,-1.0377662000000007e-09,-1.034554958333332e-09,0.015987598743024627,-1.035239333333333e-09,-1.0599112666666668e-09,-0.04986326660457555,0.005099491268574042
Washington County,-2.315296708333334e-09,-2.3206644583333338e-09,0.003989578316043583,-0.06770064434010493,0.008442962192935933,-2.3222221249999985e-09,-2.3227759999999993e-09,-2.3219575333333353e-09,-2.321888683333333e-09,-2.3224640416666656e-09,-2.3219661916666666e-09,-2.322386833333335e-09,-0.06421059400000001,-2.3203396250000006e-09,0.029807593447497747,-2.322498166666666e-09,-2.322401316666666e-09,-2.3226580749999993e-09,0.0043173303306614326,-2.322595074999999e-09,-2.3224569833333315e-09,0.00353548166666684,0.003828839320194975,-2.3222224666666676e-09,0.007547763537017149,-2.318248500000001e-09,-2.3224637416666655e-09,-2.3225431666666673e-09,-2.3224422333333343e-09,-2.322702941666665e-09,-2.321759841666667e-09,0.008073126087197577,-2.322383033333332e-09,-2.3225458666666665e-09,-2.322320516666665e-09,-2.3219261000000005e-09,-2.3222706499999995e-09,-2.3212473749999996e-09,0.009093018643491175,-2.3195291833333313e-09,-2.322385349999998e-09,-2.3226171916666664e-09,0.0128646798712112,0.021660408480538473,-2.3224133750000015e-09,0.0082106517377178,-2.3200302750000012e-09,-2.317932833333333e-09,-2.322566275e-09,-2.323570966666664e-09,-2.3210807249999994e-09,0.006496767388595434,-2.3203173249999984e-09,-2.322497549999999e-09,-2.3215381166666653e-09,-2.3229902916666646e-09,-2.3226404416666672e-09,-2.3225321e-09,0.004042943906119625,-2.322125724999999e-09,-2.3226094333333313e-09,-2.3224816166666683e-09,-2.322698474999999e-09,-2.322804441666665e-09
St. Bernard County,-3.3013008333333513e-10,-3.311979999999984e-10,-0.0737065419323947,-0.007944633802206707,-3.3107495833333317e-10,-3.3082124999999823e-10,-3.308680416666681e-10,-3.3113208333333194e-10,-3.291604166666643e-10,-3.307345833333326e-10,0.02498683693760679,-3.2671841666666673e-10,-3.306081666666684e-10,0.023655289429669542,0.006910715941431458,-3.307858333333316e-10,0.016345320346817124,-3.3104812499999734e-10,-3.303964166666646e-10,-3.3077636666666575e-10,0.021701679915287216,0.0051819936521656255,0.0032489258333334714,-3.2987808333333255e-10,0.02192820869941454,-3.305945416666686e-10,-3.308232916666679e-10,-3.3085604166666427e-10,-3.313172083333318e-10,-3.309733750000008e-10,-3.3094950000000023e-10,-3.312987083333325e-10,0.006098685926860374,-3.2957295833333414e-10,-3.309378333333337e-10,-3.3801061666666647e-10,0.017254200998647128,-3.308731249999978e-10,-3.311097499999992e-10,-0.10680411101825214,-3.3061624999999905e-10,-3.308562083333321e-10,-3.3077474999999995e-10,0.005166595824361541,0.005547902907527748,0.008344076698613,-3.3083012500000064e-10,-3.306216666666644e-10,-3.30802125e-10,-3.278780416666679e-10,-3.324071666666645e-10,-3.182877916666672e-10,-3.415753333333299e-10,-3.313524083333331e-10,-3.305347499999979e-10,-3.278744999999994e-10,-3.3079595833333025e-10,-3.316608833333334e-10,-3.310804583333316e-10,-3.309581666666658e-10,0.02208477783192867,-3.713365833333333e-10,-3.307804166666662e-10,-3.3068903333333215e-10
Lincoln County,-1.4573626666666653e-10,-1.4839074999999873e-10,-1.4391286666666762e-10,0.0034124085985934166,-1.41982916666667e-10,-1.4558250000000103e-10,-1.4637779166666465e-10,-4.5696262130415916e-05,-1.461545416666671e-10,-1.4521508333333112e-10,-1.4662637499999754e-10,-1.4613288333333252e-10,-1.4674291666666565e-10,-1.489427916666667e-10,-1.4507295833333007e-10,0.005194590222092666,-1.4552470833333262e-10,-1.4558907500000106e-10,-1.4048008333333217e-10,-1.4562575000000076e-10,-1.4632387500000203e-10,0.02426993355290001,-1.42393641666666e-10,0.05825241333333331,-1.4538341666666738e-10,-1.4503299999999958e-10,-1.442709583333325e-10,-1.455200499999985e-10,-1.4589807499999864e-10,-1.463037499999985e-10,-1.4664354166666747e-10,0.027832515093680964,-1.455953333333324e-10,-1.453697083333345e-10,-1.4567525e-10,-1.4619345833333487e-10,-1.460089583333323e-10,-1.4641829166666598e-10,-0.018624640500000005,-1.459450583333318e-10,-1.4561908333333583e-10,0.007065873471168375,-1.4525195833333584e-10,0.008314569536756126,-1.4536845833333658e-10,0.0043498657368064575,-1.439444083333318e-10,-1.4368909166666453e-10,-1.4605945833333517e-10,-0.04452387762159303,-1.4905370833333095e-10,-0.044514995568605414,-1.4262062500000193e-10,-1.4544504166666758e-10,-0.030982849833237742,-1.4428908333333372e-10,-1.45635416666665e-10,-1.45261541666667e-10,-1.457733750000019e-10,-1.4585375000000065e-10,-1.4572375000000056e-10,-1.0722930833333268e-10,-1.4501204166666852e-10,-1.4562341666666117e-10
St. Mary County,0.013541219022317459,0.017921598833733753,-8.101970000000019e-10,0.026847521849784037,0.005603770202978724,-8.144341416666667e-10,0.021905156352488585,-8.185786083333354e-10,-8.158527000000015e-10,-8.147189083333326e-10,0.005949823285901192,-8.122765666666675e-10,-8.169209749999992e-10,-0.04458419819452637,-8.140463833333345e-10,-8.145258499999996e-10,-0.07617835054726527,-8.146187916666651e-10,-8.099035999999977e-10,-0.044984725917014065,-8.149495416666655e-10,-8.153217499999985e-10,0.017148755687479752,-8.141661000000015e-10,-0.002882274166666754,-8.094311083333328e-10,-8.143482666666678e-10,-8.149999416666667e-10,-8.152017916666673e-10,-8.14463516666669e-10,-8.157900000000014e-10,0.01587654513164862,-8.150168749999994e-10,-8.149352083333353e-10,0.004141162368990282,-8.226774916666648e-10,0.0076733888322449584,-8.138710000000001e-10,-8.142746833333345e-10,-8.120427416666687e-10,-8.151806416666647e-10,0.006859273118939957,-8.140675583333292e-10,0.011657044528172414,0.005063959998643491,0.005219125566682971,-8.125121666666649e-10,-8.101776166666643e-10,-8.145749833333326e-10,-8.116593749999995e-10,-8.176099166666661e-10,-8.083501083333339e-10,-8.266908166666674e-10,-8.148658166666665e-10,-8.139231166666671e-10,-8.12347958333332e-10,-8.143407916666675e-10,0.0032211626300061246,-8.144719999999998e-10,-8.147472583333325e-10,-8.143030999999989e-10,-8.726147833333333e-10,-8.145870416666658e-10,-8.147504749999988e-10
St. John the Baptist County,0.017643331925,-2.46587125e-10,-2.4361458333333136e-10,-0.005575289045382759,-2.463696583333324e-10,0.01558944987711425,-2.467852583333325e-10,-2.4706045833333586e-10,0.006715527802287626,-0.01957018429710124,-0.0077366511959706665,-2.4705933333333344e-10,-0.0375325757623725,-2.4608025833333277e-10,-0.016723373262411127,0.005209737725627459,-2.468339916666654e-10,-2.47039841666664e-10,-0.03343729909040012,-2.469108416666659e-10,-2.4675429166666645e-10,-2.469512916666664e-10,-2.4652791666666584e-10,-2.472063083333319e-10,-2.4692349999999927e-10,0.04974624499999991,-2.4706062499999707e-10,-2.469551833333325e-10,-2.4701655e-10,-2.4676850000000114e-10,-2.4677812499999966e-10,-2.468017583333328e-10,0.0038797529270917833,-2.469132833333357e-10,-2.4694634166666563e-10,-2.48367166666664e-10,-2.4701533333333265e-10,0.0048128226353956255,-2.4704817500000055e-10,-2.464992250000001e-10,0.007584806434285833,-2.468100833333342e-10,0.008510359792827583,-2.470198000000002e-10,-2.4674066666666666e-10,0.005862130570335008,-2.468432916666667e-10,-0.004978660416666676,-2.467795416666687e-10,-2.46391750000001e-10,-2.475998166666651e-10,-2.449455333333379e-10,-2.4723087500000254e-10,-2.472655083333309e-10,-2.4688000833333376e-10,-2.4629161666666827e-10,-2.4690312500000146e-10,-2.471889166666648e-10,-2.4713096666666534e-10,-2.4688213333333155e-10,-2.468596666666649e-10,-2.57042958333335e-10,-2.469177083333342e-10,-2.465664583333306e-10
Webster County,9.111436666666679e-10,9.007712916666673e-10,9.186018749999999e-10,9.051620416666666e-10,0.010417414243559915,0.020979758204235414,8.996271916666666e-10,0.02192948203159125,-0.07873657496905076,8.995733750000023e-10,9.013527416666682e-10,0.015323950333453332,9.014214166666649e-10,9.002519166666693e-10,9.006033416666659e-10,8.990350916666681e-10,8.989911583333351e-10,0.0023261122977312003,9.068349999999998e-10,8.993761250000015e-10,8.995677500000018e-10,0.02032376215858071,9.091972500000026e-10,9.043533749999991e-10,8.98988208333335e-10,9.112293333333365e-10,-0.001609159166666596,0.00740420108699096,9.001737916666655e-10,0.017477658703858708,9.008207916666666e-10,9.027689166666693e-10,8.992428666666677e-10,9.008497916666675e-10,9.003535833333364e-10,0.0420141830373623,9.000017499999995e-10,9.017245000000003e-10,9.099475416666651e-10,9.06315916666665e-10,8.992793749999996e-10,8.987907500000023e-10,9.007448750000002e-10,8.993207916666682e-10,8.989961666666685e-10,9.019254583333341e-10,0.0015844253170302913,9.042842500000015e-10,8.989702416666698e-10,9.12000124999999e-10,9.015024916666655e-10,-0.09211838226615805,0.024734561454154716,0.010667171364814374,-0.04894044371884753,9.072740000000008e-10,8.99082e-10,9.016908750000007e-10,8.999305833333322e-10,0.018923523995492374,8.990125833333357e-10,1.1632803333333341e-09,8.989248416666685e-10,0.007298296349433658
Avoyelles County,3.78542655e-09,0.01225582198059881,0.013610991630127075,3.787899891666668e-09,0.005714181637054601,3.785722058333333e-09,3.7847057666666654e-09,3.805688158333335e-09,3.784721308333333e-09,0.003324810678468017,3.786488691666668e-09,-0.09390480534293102,3.7827988333333325e-09,3.783879050000001e-09,3.785678891666668e-09,-0.020430232855822714,3.784750266666668e-09,3.785478516666668e-09,3.790925500000002e-09,0.0061476672773409825,3.784731849999997e-09,3.7886690666666665e-09,3.789886341666667e-09,3.785575350000001e-09,3.785054599999998e-09,3.789507833333334e-09,3.786746225e-09,0.011403535000000131,3.784777225000003e-09,3.784937225000002e-09,0.003466820173609684,3.780513649999999e-09,-0.010157843724841669,0.012213727323350125,3.785483216666668e-09,0.03169320858809531,3.78579101666667e-09,3.7869744999999996e-09,0.02469071362853812,3.791969541666664e-09,3.783855858333332e-09,3.7848543083333355e-09,3.785901758333334e-09,-0.009470516474480417,3.784816225e-09,3.783362541666669e-09,0.013372085852774582,3.787953708333336e-09,-0.01741659560619667,3.79101253333333e-09,3.783787983333336e-09,3.773184166666667e-09,0.011615655148740515,3.786110600000002e-09,3.785449558333334e-09,3.7843174166666666e-09,3.785138683333333e-09,-0.018616302677304592,-0.0017758803829481667,-0.001199690146750082,3.784866099999999e-09,4.158621258333332e-09,0.02346252037227006,3.7855346833333336e-09
Natchitoches County,-3.3290677583333373e-09,-3.315583999999998e-09,0.006118913419505742,-3.3176371249999992e-09,-3.3193380000000033e-09,-3.3105398666666657e-09,-3.3120760416666636e-09,-3.3143136249999986e-09,-3.3156383333333358e-09,-3.3099036250000007e-09,-3.3144590833333362e-09,-0.019618320450224627,-3.3115184583333365e-09,-3.3173384166666665e-09,-3.3138739583333362e-09,-3.3112974999999995e-09,0.002987664661104541,-3.3116130416666682e-09,-3.318448583333334e-09,-3.3108373333333323e-09,0.005880709296888334,-3.3147303750000016e-09,-3.3198832583333344e-09,-3.313565166666669e-09,-3.3130117083333335e-09,0.0042489569412316585,-3.309976458333333e-09,-3.3118457499999998e-09,0.026278030000000063,-0.010479913286971253,-3.3103795833333345e-09,-3.3219182083333338e-09,-3.312525791666669e-09,0.019309189183541246,-3.3109247500000007e-09,-3.3138437500000014e-09,-3.3155281999999982e-09,-0.023617876286719457,0.01545106138494796,-3.3204043749999987e-09,-3.3131439916666674e-09,-0.029571034037284043,-3.314653916666666e-09,0.017450393336418915,-3.3111106249999983e-09,-3.3178769166666628e-09,-0.000965359913192335,-3.3301811249999993e-09,-3.3107731666666673e-09,-3.320883041666667e-09,-0.033878267874943455,0.004954846083333332,-3.3094129499999985e-09,-3.3103155833333323e-09,-3.3163946333333337e-09,0.030568496679777214,-3.311151083333334e-09,-3.310142416666667e-09,0.006987863187329997,0.010345338581772666,-0.03245049470418908,-3.324424333333334e-09,-3.310713083333335e-09,-3.309524750000001e-09
Vernon County,-5.807489250000002e-10,-5.899012250000002e-10,-5.818832083333341e-10,-5.953748749999997e-10,-5.807909583333326e-10,0.0037531292292502165,0.0020174916853413997,-5.855170833333324e-10,-5.883941916666665e-10,-5.924848166666672e-10,0.007670515544856692,-0.02641651146703828,-5.909953916666685e-10,-5.869662333333336e-10,-5.936225250000011e-10,-5.856014416666679e-10,0.0019573721415510497,0.0014391669243342335,-5.842259583333332e-10,0.005098508623939275,0.005702989261986801,-5.834558083333325e-10,-5.969761749999989e-10,-5.871534666666668e-10,-5.814229333333342e-10,-5.75114550000002e-10,0.010027947076563317,-5.849923916666674e-10,-0.01045685937315697,0.020744512499999868,-0.017322237999999997,-5.779357499999997e-10,0.0021516167110856668,-5.865118166666674e-10,0.006042775205241883,-5.819584999999999e-10,-5.890577083333324e-10,-5.811942166666672e-10,-5.860829749999998e-10,-5.988122916666672e-10,-0.005111596101265117,-0.06585493961809506,-5.799376499999992e-10,-5.877985249999983e-10,0.004827823963485809,-5.86852891666664e-10,-5.841010333333326e-10,-5.803366666666676e-10,-5.829832916666672e-10,-5.860969499999997e-10,-5.914889499999997e-10,-5.888054333333342e-10,0.01664203410123956,0.008311414096642477,0.0022363195882406746,-5.839060666666664e-10,-5.870210166666668e-10,-5.902032749999997e-10,-5.864049499999995e-10,0.004269601468800292,-5.859539000000004e-10,-5.43334424999999e-10,-5.875888166666674e-10,0.02226893167342412
Beauregard County,2.592310833333348e-10,2.5271565833333367e-10,2.616331250000019e-10,2.5953765833333284e-10,2.550719083333345e-10,0.004544448196675417,-0.07492415798031554,2.51409583333333e-10,0.0031290478374553757,2.5227837500000184e-10,0.005304444682507667,2.382544999999986e-10,2.51343458333333e-10,2.5212441666666644e-10,2.5312520833333436e-10,2.521601666666671e-10,2.5215904166666797e-10,2.5177208333333274e-10,2.5930516666666665e-10,0.00813342955098954,0.01628430023173404,2.5238116666666474e-10,2.5845062499999986e-10,2.5136724166666703e-10,2.531891999999981e-10,2.5932445833333436e-10,0.046701435681059375,0.02087934524634675,2.515351666666647e-10,-0.031704594085239846,0.010070228333333264,2.54514458333333e-10,0.006105346779414416,2.515004500000016e-10,0.015073502989424165,2.6552158333333163e-10,2.5279191666666746e-10,2.539045083333313e-10,2.5347966666666584e-10,2.565024083333306e-10,-0.08481832125748993,2.518264166666674e-10,2.5523312499999826e-10,2.527815833333336e-10,2.518879999999986e-10,2.540858333333316e-10,0.0035602892545023336,2.572527916666696e-10,0.007950614877474125,2.465168333333342e-10,2.507449666666676e-10,2.182306999999998e-10,2.816201583333328e-10,0.0026944366764750007,2.533526249999977e-10,2.488435416666682e-10,2.5214454166666665e-10,2.5180079166666544e-10,2.5341687499999915e-10,2.520464999999995e-10,2.5270912500000267e-10,0.006516610522983858,0.0205525981263505,0.013946946635211626
Iberville County,0.0033432370403159916,-0.009931466299730456,-3.812886700000003e-09,-3.825488583333332e-09,-3.824015866666667e-09,-3.826288150000001e-09,-3.826287808333333e-09,0.010021638951515916,-3.824664591666665e-09,-3.826625991666666e-09,-0.025987002218920578,-3.819574250000003e-09,0.012710006188700374,-3.826135499999999e-09,-3.826690333333334e-09,-3.825982583333331e-09,0.019593245847966078,-3.826465941666665e-09,-3.824946841666667e-09,-0.08227494480253097,-3.825786175000001e-09,0.005535647167473117,-3.821804566666667e-09,0.011491283167592983,0.014802176609661325,-3.821067941666666e-09,-3.826507449999999e-09,-3.826250358333333e-09,-3.826411324999998e-09,-3.826141216666662e-09,-3.825211724999997e-09,0.07264732583333344,-3.826015008333332e-09,-3.8250231083333346e-09,-3.826120574999999e-09,-3.827343900000001e-09,-0.034480431219168994,0.0013368240287933418,0.0011233334209575332,-3.823537233333333e-09,-3.826113724999999e-09,0.014202738741921631,-3.825984958333333e-09,-0.02735725055194764,-3.8263489833333325e-09,-0.00039719485033858255,-3.826522566666664e-09,-3.8210521166666645e-09,-3.825828108333333e-09,-3.819480391666664e-09,-3.824813599999999e-09,0.01362102884337654,-3.831446116666667e-09,-3.827309658333331e-09,-3.827247841666665e-09,-3.820812349999999e-09,-3.826555941666665e-09,-3.826835683333333e-09,-3.826541308333332e-09,-3.825600008333332e-09,-3.826001174999997e-09,-3.7941457583333335e-09,-3.826299441666665e-09,-3.826038191666665e-09
Evangeline County,0.002194702542346433,1.9861776999999966e-09,1.9934299499999998e-09,1.9907221750000006e-09,0.003966605087850599,0.00534581175824635,0.0019383440574401748,1.982915433333333e-09,0.0067034831748920935,1.990162883333333e-09,0.005807003474540968,-0.02161470066611396,1.986656491666666e-09,1.9886239499999997e-09,1.989944225e-09,-0.0845336731307402,1.989566616666666e-09,-0.007209739474152866,0.006136897176424517,0.005948529090073243,0.007968417852069743,1.9858272083333325e-09,1.9922279083333322e-09,1.9860464083333346e-09,1.9906424166666657e-09,0.008468302007726556,1.9903303416666676e-09,-0.01452298771459336,1.9890311749999992e-09,0.0237913875213624,0.005829467474151091,1.9859207499999983e-09,0.041045210833333234,1.9888043666666646e-09,-0.0010857976913261082,1.9733241166666657e-09,0.006646973975035458,0.025977791769551922,1.9841898e-09,1.9932033083333346e-09,-0.044795964117909426,1.9905934000000013e-09,0.0057281485536862424,1.9893591749999987e-09,1.9902518416666674e-09,1.988524050000001e-09,1.9909475750000013e-09,1.9924691666666673e-09,1.9907983833333344e-09,1.9847367166666666e-09,1.985697375000001e-09,1.9832576666666683e-09,1.9891747083333317e-09,1.990514316666667e-09,1.9914720083333353e-09,1.988745533333332e-09,0.004466910675291249,1.9879588833333334e-09,1.9894644249999976e-09,1.9905338249999993e-09,1.9906418499999986e-09,1.944664125000002e-09,0.005798882589707383,1.9906793416666663e-09
Morehouse County,-2.0015933500000006e-09,-2.007101825000001e-09,-1.995017925000002e-09,0.005979932932944,-2.003300883333333e-09,-2.005607108333334e-09,-2.0049903749999986e-09,-0.0648864856507201,-2.0054129500000005e-09,-2.0052705499999965e-09,-2.0047319250000014e-09,0.021299779475176618,-2.0065745749999974e-09,0.0016068802890980085,0.015120184050869456,-2.005218108333334e-09,-2.005301449999998e-09,-2.005168308333333e-09,-2.0010721166666676e-09,-2.005405449999998e-09,-2.006034916666668e-09,0.007442574439273192,-1.999581224999999e-09,-2.0052438333333326e-09,-2.0046262999999988e-09,-2.0050644416666685e-09,-2.004751491666667e-09,0.003924528091561575,0.03540823664455459,-2.0058481666666672e-09,-2.0060608500000003e-09,0.016999902895072416,-2.0042933750000014e-09,0.008758482499999998,-2.0056851666666666e-09,-2.004752374999999e-09,-2.0048603500000014e-09,-2.004780241666664e-09,-0.04538169554372126,-2.00224889166667e-09,-2.0049209416666657e-09,-2.0057110166666657e-09,-2.0051375666666657e-09,0.0182590123823023,-0.03209623423378953,0.0035265890916380167,-2.0019298333333333e-09,-2.0016408083333334e-09,-2.0056623083333316e-09,-2.006869099999999e-09,-2.00793520833333e-09,-2.010915116666667e-09,-2.004814133333333e-09,-0.05161083298337436,-2.004334624999999e-09,-2.0055505833333336e-09,-2.0051840416666652e-09,0.03802350664419908,-2.0041814916666674e-09,0.005074437267150375,-2.0052105916666662e-09,0.012551171528581958,-2.0044697499999977e-09,-2.0053865249999983e-09
Jefferson Davis County,1.0084572083333335e-09,1.0022984583333331e-09,1.0090924583333333e-09,1.0125797499999997e-09,1.0098686583333326e-09,0.0033195316659562083,-0.027258646163010256,1.0108227916666662e-09,1.0030535916666645e-09,0.006327564081644419,1.004237375000001e-09,9.939730000000002e-10,1.0020294999999991e-09,1.0007345e-09,1.0049558750000001e-09,1.001183416666666e-09,1.0024534916666685e-09,-0.05514905786883875,1.0149659583333312e-09,0.0200074366059795,-0.008273186760568998,1.004354416666666e-09,1.0100061666666669e-09,1.0028714999999962e-09,1.0020347916666657e-09,1.0065883749999978e-09,0.01553519186049147,0.009960028856393634,1.0025522083333321e-09,0.0046069152277155,0.020285256350000003,1.0039739583333345e-09,0.004970442979311,1.002196374999999e-09,0.024395553333333098,1.0078586249999998e-09,1.002696458333331e-09,0.023562977516282085,1.0060675833333323e-09,1.0076682916666632e-09,-0.0613141861622798,0.00989319151724904,1.0026756250000004e-09,1.0028188749999989e-09,1.0026333333333336e-09,1.0028470416666707e-09,1.0047006666666664e-09,1.0046742833333348e-09,1.0027094583333334e-09,1.0029604999999981e-09,9.997914999999987e-10,9.9245475e-10,1.0317897500000006e-09,0.005138728164232958,1.002959083333334e-09,1.0035258333333335e-09,1.0025755416666685e-09,1.002613583333333e-09,1.0024507083333345e-09,1.002647216666666e-09,1.0022413749999984e-09,1.1906572083333306e-09,0.003992009575000002,1.002886083333334e-09
Franklin County,-1.6679921666666657e-09,-1.6567059750000014e-09,-1.6615051916666662e-09,-1.651664141666665e-09,-1.655195874999998e-09,0.021438037581259423,-1.6511530583333345e-09,-1.6580637000000028e-09,-1.6543192916666702e-09,-1.651230616666667e-09,-1.6539313833333338e-09,0.003876961061697258,-1.6533199166666663e-09,-1.6559704999999973e-09,-1.6528727416666648e-09,-1.651322975000001e-09,-1.651097125000001e-09,-1.650976133333334e-09,-1.6558508749999984e-09,-1.6509627916666656e-09,-1.6510962250000007e-09,0.025999049538525623,0.011424786593010293,-1.6523341249999999e-09,-1.6524604083333352e-09,-1.6689668916666691e-09,-1.6553083499999988e-09,-1.651524741666667e-09,0.005055570307200167,-1.650953458333332e-09,-1.651567408333335e-09,-1.661273250000001e-09,-1.6508517583333327e-09,0.004020450559378591,-1.650956616666664e-09,-0.013142619999999994,-1.6535049583333315e-09,-1.6559972166666661e-09,0.036379206372657,-1.6562927083333359e-09,-1.6520181666666674e-09,-1.6500443583333334e-09,-1.6540224916666665e-09,-1.6511767083333346e-09,-0.0487438554470795,-1.6560571666666662e-09,-1.6491241833333333e-09,-1.658594466666666e-09,-1.6516908083333363e-09,-1.6559021250000007e-09,-1.6530347916666677e-09,0.023094734156517964,-0.01348010087943425,0.004397877645266966,-1.6552381000000004e-09,-0.029870495948160415,-1.6510229999999968e-09,-0.03880975977940598,0.013158494506196331,0.010113201915543183,-1.6507858083333324e-09,-1.671543675000003e-09,-1.6500101250000035e-09,-0.014911584418009122
West Baton Rouge County,0.005675936754791166,-0.08704994215193641,-6.095269166666669e-10,-6.121372166666668e-10,-6.127480916666659e-10,-6.119605583333341e-10,0.00682054574915166,-6.102682499999988e-10,-6.114025083333357e-10,0.005868258832193909,0.015390276488658408,-6.099636750000014e-10,-6.112868833333348e-10,0.014243994853160325,0.014135600691668493,0.029312163708988363,-6.11693966666667e-10,-6.119073416666651e-10,-6.138993749999987e-10,-6.118526333333324e-10,0.005208604378077909,-6.111644250000012e-10,0.013649956554119252,-6.114292999999992e-10,0.011147858033924075,0.0050831239894818326,-6.131872583333347e-10,-6.12030799999999e-10,-6.119891749999986e-10,-6.117930500000002e-10,-6.111467583333328e-10,-0.06897072473483058,-6.117315500000021e-10,-6.107389249999996e-10,-6.116350499999978e-10,-6.151200500000003e-10,0.026923138333333374,-6.116434666666674e-10,-6.099662166666663e-10,0.005075032507747042,-6.114634249999989e-10,-6.118710083333312e-10,-0.0013604851776005415,-0.04238793857107591,-6.117202583333336e-10,-6.11653508333333e-10,-6.111002583333328e-10,-6.113445833333317e-10,0.009641232025636576,-6.102566333333348e-10,-6.11608591666665e-10,-6.009174833333348e-10,-6.129660500000002e-10,0.02442676730308211,0.004104468157207783,-6.092985416666689e-10,0.004677132460974783,-6.120668416666663e-10,-0.0016150818208310004,-6.116675083333325e-10,-6.120212166666662e-10,-6.181702499999982e-10,-6.119386750000007e-10,-6.117402583333317e-10
De Soto County,-1.8435381250000003e-09,-1.8426511249999987e-09,-1.8400298250000003e-09,-1.8478948416666663e-09,-0.08029536542970706,-1.8433770499999973e-09,-1.8429446416666683e-09,0.0030356033426995744,-1.844238966666666e-09,-1.8432905916666685e-09,-1.8439465916666675e-09,0.005185042383629699,-1.8414952583333314e-09,-1.843625383333336e-09,-1.8440869250000015e-09,-1.8432125500000011e-09,-1.843584008333333e-09,-1.843474733333335e-09,-1.8445898666666654e-09,-1.8434623416666629e-09,-1.8431367083333344e-09,-1.8422688833333336e-09,0.0028326738928360416,-1.8432449750000003e-09,0.0018393779904066249,0.026873890329558715,0.004827053865267742,-1.843429841666669e-09,-0.01556811672274196,0.005080232740463625,-1.8426696333333348e-09,-1.846132475000001e-09,-1.8431903000000015e-09,-1.8429029916666674e-09,-1.8436743000000002e-09,-1.8441417666666681e-09,0.005600343213757001,0.019863105833333394,-1.8412673583333332e-09,0.024352028086784,0.03500204600550975,-0.043292001099122374,-1.843512049999999e-09,-1.8437079999999994e-09,-1.8434910916666663e-09,-1.845042541666667e-09,-1.8437900916666673e-09,-1.8466600249999995e-09,0.017146838254742575,-1.8425975250000032e-09,-1.84184738333333e-09,-1.8433779666666678e-09,-1.8463723416666674e-09,-1.8434654583333341e-09,0.004465594865334142,0.0061946510721209505,-1.8435764249999992e-09,-1.8437555500000005e-09,-1.844048058333333e-09,0.0010478279370309917,-0.04288605951782375,0.0007706756373947919,0.017924442092106335,-1.8428762666666667e-09
Union County,1.3673194249999996e-09,1.363514441666668e-09,1.3651362333333303e-09,1.3639141666666684e-09,1.366979583333333e-09,1.3639523749999991e-09,1.364708499999999e-09,-0.02427193858333334,1.3630330000000026e-09,1.3636622166666666e-09,1.3631765249999975e-09,1.3641636333333346e-09,1.3648361333333356e-09,1.361819008333333e-09,1.3636191583333335e-09,0.013080171152994417,1.3634527583333334e-09,1.3637881749999997e-09,1.3687580749999975e-09,1.3632367249999985e-09,1.3636779666666708e-09,0.010885836147908176,1.3652792916666672e-09,-0.059482148152292406,1.3642619083333324e-09,1.3666315749999979e-09,1.3641132999999996e-09,1.363920383333334e-09,1.3635824666666685e-09,1.363928541666666e-09,1.3639289666666681e-09,0.008085289157036516,1.3642227749999976e-09,-0.05326356096432571,1.3637218833333369e-09,0.041071766911301294,1.3629402416666669e-09,1.3643584250000004e-09,0.03834259083333347,1.3630119083333343e-09,1.3650060916666678e-09,1.3635597250000005e-09,1.3643587083333352e-09,1.3637014000000023e-09,1.363565008333332e-09,1.3640233333333312e-09,1.3655555500000002e-09,1.363178124999998e-09,0.00928131998074179,1.3633787166666656e-09,1.3642015666666673e-09,0.009224554888285417,0.006203986591657001,1.3636148416666668e-09,-0.02084202280189629,1.3631313416666666e-09,1.3638395416666657e-09,1.3636900250000007e-09,0.004630177466891759,0.017053910714330135,1.3634532083333344e-09,1.3643584916666648e-09,1.363695258333333e-09,1.3638422500000017e-09
Plaquemines County,-0.08285954700544082,1.319071375000001e-09,-0.008837029653309668,0.013428749022926668,1.3186883333333322e-09,1.3185372416666672e-09,0.00845217387080804,0.03306780588568967,1.3185098750000006e-09,0.010663830204371368,1.3185483749999996e-09,1.3144237499999996e-09,0.004705920330355459,1.3188865000000003e-09,1.318923000000002e-09,1.3184864999999985e-09,1.318199575000001e-09,1.318081783333335e-09,1.3193961666666651e-09,1.3181792500000023e-09,1.3183025750000007e-09,1.3186409583333324e-09,-0.09981084467166111,1.3195742416666669e-09,1.3184546249999987e-09,1.3202205000000004e-09,1.319095708333331e-09,1.318284324999999e-09,1.318490083333331e-09,1.3181863666666666e-09,0.010831514954634284,1.3177661666666666e-09,1.3183270333333345e-09,1.3172043333333356e-09,0.008809208506566375,1.3252880416666668e-09,0.005849153760490333,0.006921645287596367,1.3178194250000014e-09,0.05413154583333335,1.318353416666666e-09,0.004002812390391566,1.3182866999999994e-09,1.3185098750000056e-09,1.3182713249999998e-09,1.3180123750000008e-09,1.3187511999999985e-09,0.012248011370377792,0.0041434282570103256,1.3141605416666666e-09,1.3191607833333331e-09,1.3084374999999997e-09,1.3247840000000026e-09,1.3177405750000002e-09,1.3189464583333355e-09,1.3175240416666668e-09,1.3181538583333343e-09,1.3187897416666683e-09,1.3181387499999994e-09,1.3184561500000013e-09,1.3182320833333332e-09,1.377145333333332e-09,0.01425147087082669,1.3180868583333328e-09
Allen County,7.282018249999985e-10,7.293521833333323e-10,0.004109508002748515,7.342008333333335e-10,0.002598385217530208,7.343130583333333e-10,0.0065702729996443,7.313874333333334e-10,0.0046677030406523665,7.329402000000015e-10,7.336838916666668e-10,-0.01432388927608675,7.295028833333323e-10,7.314916166666649e-10,0.002458300375379708,0.004367174496879025,0.003623830708389,7.324908166666641e-10,7.363498833333362e-10,0.012535118981707309,7.335354250000014e-10,7.290647333333341e-10,7.341213499999983e-10,7.309659999999991e-10,7.337614333333341e-10,0.011807215956829053,7.33297308333333e-10,7.335703166666691e-10,7.326896583333337e-10,0.0020800517916666726,-0.0454147703563995,7.261369749999979e-10,-0.0408527109790487,7.315459249999991e-10,-0.05442560687395566,7.251611583333293e-10,7.329902583333335e-10,0.048023832496284,7.271633666666674e-10,0.03277821916589668,0.01672847166666669,7.340045166666685e-10,7.310049833333347e-10,7.319018000000013e-10,0.0026688669880895917,7.301500333333343e-10,7.343502416666667e-10,7.333669416666642e-10,7.34323575000002e-10,7.353559333333312e-10,7.289563250000025e-10,7.156843500000024e-10,7.36304783333335e-10,7.339830500000022e-10,7.338035416666661e-10,7.330711916666651e-10,7.329185249999999e-10,7.308035249999991e-10,7.311825416666677e-10,7.338626416666651e-10,7.334526416666684e-10,7.660824583333342e-10,7.338337250000005e-10,7.338516000000008e-10
Sabine County,0.0028576063699264497,-1.0727650999999995e-09,-1.0904095333333322e-09,0.0031014580007255334,-1.0623435916666642e-09,-1.0673980249999996e-09,0.012405828262786207,-1.0678003416666658e-09,-1.0667445499999985e-09,-1.0685109083333318e-09,0.002044226478442742,-1.0678415083333334e-09,-1.0703582833333338e-09,-1.0724635166666695e-09,-1.0720996500000016e-09,-1.0680500749999982e-09,0.008096873917693443,-1.0698655750000012e-09,-1.0668777583333331e-09,0.005980008096378432,-1.068465366666668e-09,-1.0660038166666668e-09,-1.0839488333333333e-09,-1.0689085333333332e-09,0.011262032335923516,-1.0782870416666652e-09,-1.0643535333333329e-09,-1.0686436750000005e-09,-0.09760124514568139,-0.061478226978787846,0.0011883251630074169,-1.0717485166666666e-09,0.005356566243885624,-1.0681813e-09,0.024377423639954047,-1.074849041666666e-09,-1.0724525500000016e-09,-0.01683057545833334,-1.0659680166666636e-09,0.0067322410700917075,0.00723915557769151,0.04589708916666668,-1.0677971416666664e-09,-1.0690177583333353e-09,0.018542692915904553,-1.0729756083333314e-09,-1.068645958333331e-09,-1.0791424416666657e-09,-1.0667202499999999e-09,-1.065878766666669e-09,-1.0720399583333334e-09,-1.066704941666664e-09,-1.075352275e-09,-1.0681074666666665e-09,-1.0681936999999997e-09,-1.0651449749999994e-09,0.0036812919446490085,-1.0695497500000002e-09,-1.070530983333335e-09,-1.0675464833333325e-09,-1.0682307083333326e-09,-1.079162799999999e-09,0.017147256507892592,-1.0670213583333334e-09
East Feliciana County,-1.6966917833333327e-09,-0.05301064208656906,0.004783510214570292,-1.7057022416666656e-09,-1.7004299833333331e-09,-1.7045059666666668e-09,-1.703840558333333e-09,-1.6970904916666675e-09,-1.695969958333332e-09,-1.7046602833333317e-09,-1.704267766666662e-09,-1.6939708250000012e-09,-1.7021411666666674e-09,-1.702914858333334e-09,-1.7040052749999995e-09,-1.7046308499999983e-09,-1.7044429416666645e-09,-1.7042902083333316e-09,-1.7011768916666665e-09,-1.7047607666666653e-09,-1.7047845583333328e-09,0.01856328674906022,0.021710426695936293,0.005387022077971742,0.005500325987387558,-1.6991218750000029e-09,-1.7044160250000006e-09,-1.7048394249999982e-09,-1.7044362416666657e-09,-1.7050199249999979e-09,-1.7043011916666665e-09,0.007657789737607525,-1.7048111166666657e-09,0.005659585741769934,-1.702670125e-09,-1.7048281750000004e-09,-0.0015563477562121001,-1.7042564916666655e-09,-1.698984641666665e-09,-1.7012826750000002e-09,-1.7044397666666656e-09,-1.7049510499999978e-09,0.05378917333333344,0.02469826977628771,-1.7045062916666674e-09,0.004551101834239875,-1.704377908333333e-09,-1.7016424500000003e-09,-1.7049667416666644e-09,0.013080625125363626,-1.7016233749999996e-09,0.005509331284887093,-1.7071500333333337e-09,-1.7049229583333323e-09,0.009622155305985657,-1.6946337416666677e-09,-0.06707338150638295,0.006225860987410382,-0.06509810777563566,-1.7041767916666649e-09,-1.7048854916666642e-09,-1.7172416916666656e-09,-1.7050805999999986e-09,-1.7049461916666653e-09
Pointe Coupee County,-3.1972897333333307e-09,-3.1984836499999994e-09,-3.1903604749999995e-09,-3.2131816249999975e-09,-3.2005925499999983e-09,-3.1966727916666652e-09,-3.1953489166666655e-09,-3.196326208333331e-09,-3.199897166666667e-09,-3.1975292916666636e-09,-3.1960308166666695e-09,-3.1877578916666623e-09,-3.1994459583333303e-09,0.003632730427324042,0.003080612059693734,-0.026926156261778786,0.006475479808179751,-3.195053624999999e-09,-3.1895592750000005e-09,-0.004760217322374375,-3.196504741666667e-09,-3.2015847083333313e-09,0.008872396604813416,-3.1977451083333365e-09,0.017509219683564586,-3.1955004166666675e-09,-3.1996053333333343e-09,-0.014329365097857708,-3.196279625000003e-09,-3.196239250000002e-09,-3.1978882416666664e-09,-0.010784370416666668,-3.1957550000000006e-09,-3.196402083333335e-09,-3.196665291666668e-09,-3.206460925000004e-09,-0.016906554840065664,-3.1966337166666664e-09,-3.1927709166666643e-09,0.004710752931627417,-3.196462166666664e-09,-3.196631541666666e-09,0.00668811939112846,0.05019487749999996,0.01424714455708475,0.006565521391195908,-3.1943857500000017e-09,-3.1925487916666675e-09,-0.0032527033222729167,0.0017007052442677497,0.0063778808483296685,0.005426981298093741,-3.2139892916666663e-09,-3.1971717083333307e-09,-3.197755425e-09,0.0019464676143805333,-3.1968052916666678e-09,-3.1968156833333326e-09,-0.0654934390407565,-3.1965942083333336e-09,0.005024124848003042,-3.190407033333332e-09,-3.1945084583333313e-09,-3.1977930416666675e-09
Richland County,0.011045602140795082,4.024770966666668e-09,4.02787695e-09,4.022159458333334e-09,0.005043806689812191,4.027943733333333e-09,0.009041709308714108,-0.01094273974430979,4.026884708333334e-09,0.0037825677308908584,0.0036911806105937002,4.027242583333332e-09,4.0256153749999985e-09,4.025516675e-09,4.027387366666667e-09,0.006902925193410683,0.02678110230231996,4.028099933333333e-09,4.027599991666666e-09,0.010423677521038175,4.028587050000002e-09,4.025233574999999e-09,4.030266924999999e-09,4.028219258333334e-09,0.014893426687095245,4.026714925000002e-09,4.028616408333334e-09,4.027832266666668e-09,4.028246158333333e-09,4.028388866666668e-09,4.027878483333335e-09,4.0271831916666665e-09,4.027702866666666e-09,-0.03941689927596875,4.027613091666666e-09,-0.04311067445810692,4.02778105e-09,0.004861649521031158,4.0184876916666665e-09,4.030269016666665e-09,0.010415276970404626,0.004499267727257316,4.026579166666667e-09,4.027599241666666e-09,0.018398610833333384,4.028060041666666e-09,4.0276286500000005e-09,4.027740441666666e-09,4.028415358333333e-09,0.029775133469761343,4.024485449999999e-09,4.024823666666667e-09,-0.018757653334815706,-0.029096396607738703,0.004492597355513375,-0.02167029657642633,4.028072983333334e-09,4.0275793000000005e-09,4.027180758333331e-09,4.0281062833333344e-09,4.027559550000002e-09,-0.0010539750334665,4.028518124999999e-09,4.0287442583333355e-09
Assumption County,1.3345123249999989e-09,1.3354015916666672e-09,1.3339691583333333e-09,0.006565450336339716,0.004450041006170975,1.3336240916666664e-09,1.3343325833333354e-09,1.3324827499999992e-09,1.3338415916666679e-09,0.00578526721172026,0.00795041091666666,1.335323541666668e-09,1.335453308333334e-09,-0.013853576067292666,-0.03582387656867062,1.3337272999999997e-09,-0.014017528068693965,1.333827966666668e-09,1.3326456250000027e-09,-0.06000138173595404,0.02369948530991571,1.3319043416666666e-09,1.3320224666666666e-09,1.3334532583333343e-09,-0.008711406393103825,0.004206478338317459,1.3333908833333347e-09,1.3335545083333343e-09,1.3336606333333338e-09,1.3336177999999995e-09,1.3339355916666664e-09,-0.018344078317945794,1.3336462166666689e-09,1.334048966666669e-09,1.3336365833333352e-09,1.3315186250000024e-09,0.005615950342873091,1.3333767666666682e-09,1.3327018083333338e-09,1.3314230249999984e-09,1.3339632583333347e-09,0.004930612295311042,0.01807691564307197,0.0063393173386965505,0.004915102505648767,0.0551012683333334,1.3336010916666673e-09,-0.013319459228734998,1.333758008333333e-09,1.332980591666668e-09,1.3353614250000015e-09,1.335588025000001e-09,1.331259508333334e-09,1.3332698750000023e-09,0.006706364925537759,1.3336602666666676e-09,1.333493641666667e-09,1.3334831333333351e-09,1.3334183416666694e-09,1.3338142583333336e-09,0.004207784093014134,1.3023419666666666e-09,1.333516758333333e-09,0.005520906425838467
Grant County,6.888682500000006e-10,6.843036499999997e-10,0.007207794055005524,6.812977333333325e-10,6.836227916666668e-10,6.857911416666673e-10,0.004640828050259074,0.018481271359921683,6.869880750000005e-10,6.852973833333344e-10,6.857502250000022e-10,-0.03340205119916418,6.856535499999999e-10,0.022769771150775938,6.847531999999999e-10,0.003686599527334066,6.857911916666681e-10,6.855898083333321e-10,6.856835833333318e-10,6.854166000000013e-10,6.864830000000004e-10,6.860356416666675e-10,6.873745166666687e-10,6.859925333333335e-10,6.872040000000003e-10,6.877696166666656e-10,6.850860250000022e-10,6.860664833333331e-10,-0.009791119954419296,6.861296916666668e-10,6.856614333333355e-10,0.0016678854425419332,6.8606385e-10,6.849403083333335e-10,6.859846916666669e-10,0.021450871584329012,0.0037101747441873755,6.87825725000002e-10,6.896652833333321e-10,6.888660083333342e-10,6.874148083333348e-10,6.859734166666671e-10,6.87097608333333e-10,6.855547666666668e-10,6.859579333333324e-10,6.851604499999999e-10,0.04042448750000005,6.868486500000004e-10,6.866154333333335e-10,6.84859199999999e-10,-0.04727027045801649,0.0061722485518345745,7.019548750000004e-10,6.862762666666668e-10,6.878350666666658e-10,0.007494215826495706,6.861680166666662e-10,6.87085191666667e-10,0.006414228751781117,-0.0536569859815872,6.863974750000009e-10,7.327336333333324e-10,6.863178916666673e-10,6.860660166666685e-10
St. James County,0.014757762967787746,-1.1376797499999997e-09,0.007042808314598875,-1.1411286999999981e-09,0.005576996125796914,-1.1378894583333338e-09,0.016459251562047417,-1.1373992083333339e-09,0.009135375354273334,0.004727199090655583,-0.05307520126315967,-1.1309524333333356e-09,-1.137516258333334e-09,-1.1371109999999995e-09,-0.04565196560857259,-1.1378208749999987e-09,-1.1378267500000002e-09,-1.1375782083333363e-09,0.04047686271348984,0.003079685586519209,-1.1373267499999996e-09,-1.1372717500000003e-09,-1.137962291666666e-09,-1.137074291666666e-09,-1.1376264583333343e-09,-0.03833449053240612,-1.1372853749999984e-09,-1.1380230833333338e-09,-1.1384932500000009e-09,-1.1373430499999982e-09,-1.1374927916666686e-09,-1.1369436999999991e-09,0.012333836561311375,-1.1369065416666662e-09,0.009165503731137876,-1.1492579583333347e-09,-1.1374765833333333e-09,0.009915201147228834,-1.1373241999999996e-09,0.004239535045100498,0.004501525964198375,0.006969865915740159,-1.136129166666667e-09,-1.1382382083333316e-09,-1.137659499999999e-09,-0.03967718244163608,-1.137835541666663e-09,0.004890375833333627,-1.137562083333334e-09,-1.1331943749999996e-09,-1.1388506666666676e-09,-1.1152202999999978e-09,-1.1593158083333322e-09,-1.1389815416666643e-09,-1.1382401666666666e-09,-1.1327754583333332e-09,-1.1378388333333338e-09,-1.1400698749999993e-09,-1.138035125e-09,-1.137728999999998e-09,-1.1376617166666666e-09,-1.1820800083333344e-09,0.023467094868968495,-1.1381020833333325e-09
Concordia County,-9.552659166666683e-10,-9.477473833333349e-10,-9.584001583333355e-10,0.0012920169113990417,-9.490925333333344e-10,-9.441698916666678e-10,-9.43168025e-10,-9.427725499999967e-10,-9.461754999999987e-10,-9.428704000000006e-10,-9.439580166666652e-10,-9.407817416666672e-10,-9.456274583333337e-10,-9.462627416666657e-10,-9.437408666666696e-10,-9.436503166666647e-10,-9.433353250000003e-10,0.021866722136866683,0.002944311085286917,-9.427485250000002e-10,-9.437044166666654e-10,0.003357984088253183,-9.461645749999998e-10,-9.422178500000002e-10,-9.43724549999999e-10,0.015385974098806467,-9.422452750000011e-10,-0.02971500379397761,0.007718559429681026,-9.434943083333344e-10,0.019542324890737216,-9.489176416666667e-10,-9.421898333333343e-10,-9.4265285e-10,-9.432447333333347e-10,-9.44569208333333e-10,-9.436126083333325e-10,0.008023324059291194,-9.41778225000002e-10,0.003105454436598442,0.010914484187654692,-9.427772416666664e-10,0.0029282189215191086,0.009252598738456144,-9.42776275e-10,-9.454158166666683e-10,-9.40592099999999e-10,0.005649425230327183,0.016299701666666833,-9.412890083333362e-10,-9.469541583333347e-10,-9.406355916666661e-10,-9.487198749999987e-10,-9.426828833333335e-10,0.01786296723424126,-9.418851833333323e-10,0.007316192232009532,-0.12814217912618583,-0.001030632278268332,-9.431597749999981e-10,-9.428589416666676e-10,-9.512205583333348e-10,0.004513536180105701,0.0009139004135081362
Jackson County,1.0505909166666678e-09,0.005093177275654667,1.0427546666666655e-09,0.012842187514773501,1.0562165916666658e-09,1.0583387000000007e-09,1.057123708333334e-09,-0.033885715888101284,1.0572672500000008e-09,1.0604862083333355e-09,1.059299666666667e-09,0.005156762361553209,1.0553911666666686e-09,1.0566802499999956e-09,1.0587322166666657e-09,1.0590442916666672e-09,1.0587502499999987e-09,1.0594837916666666e-09,1.0574096083333341e-09,1.0600986666666654e-09,1.059139333333335e-09,1.0616545749999985e-09,1.0561845833333337e-09,-0.0296615995188547,1.0588695416666685e-09,1.0530905833333334e-09,1.0596480000000012e-09,1.058628500000002e-09,1.0594903750000018e-09,1.0590113749999997e-09,1.0580339833333342e-09,0.003133723923459458,1.0584275000000009e-09,0.00581554435865225,1.0593920083333341e-09,0.003872707901593999,1.0588420416666647e-09,1.0575550416666648e-09,1.0630633749999993e-09,1.060275374999999e-09,1.0574466666666654e-09,0.003025110446703251,0.03753812373281274,1.0592019583333323e-09,0.032580066446956914,1.0579045000000013e-09,1.0577999166666663e-09,1.0542209583333343e-09,0.007530367560615333,0.003479043333333154,-0.044782951644180204,-0.05061823008423246,1.0607285416666672e-09,1.059632374999999e-09,0.025189322149228213,-0.01222268533874871,1.0597344166666659e-09,1.059582624999999e-09,0.01080809244044442,1.0597042916666691e-09,0.011361618345685125,1.0845271666666654e-09,1.0585864999999986e-09,0.003745088780464001
Winn County,-1.5269983333333344e-09,-1.5669077916666653e-09,-1.505782341666667e-09,0.0014084965192671921,-1.5533278416666667e-09,-1.5700828666666662e-09,-1.5682585e-09,0.002292225383360258,-1.5655636000000013e-09,-1.5734742749999997e-09,-1.568372208333335e-09,-1.572912641666667e-09,0.0016508106057017333,-1.5642653833333324e-09,-1.5671915999999991e-09,-1.5691150583333328e-09,-1.5703461833333327e-09,-1.5716929416666662e-09,0.008026580650364499,-1.573256083333333e-09,-1.5727701083333324e-09,0.0015847671456200336,-1.5486126499999993e-09,-1.5721778916666661e-09,-1.5644420333333333e-09,0.001397824415092892,-1.567831983333332e-09,-1.5682022583333338e-09,-0.04362658895844564,-1.5738983416666661e-09,-1.5719503583333333e-09,-1.5495623666666679e-09,-1.5673459666666665e-09,-1.5718793916666677e-09,-1.5729065416666651e-09,-1.5702183166666656e-09,-1.5644401916666662e-09,-1.556006258333333e-09,0.007914779798872968,-1.5557345333333345e-09,-1.564092625000001e-09,-1.5737959499999976e-09,-1.5636348583333329e-09,-1.5694066166666665e-09,-1.5700879833333331e-09,-1.5607695416666682e-09,-0.009932100831524196,0.0044703795344377085,-1.569983866666667e-09,-0.03476214604009447,0.06782678749999982,-0.0003780376956944078,-1.5718427416666668e-09,-1.573512349999999e-09,-1.5587749416666668e-09,-0.0033309488288628068,-1.5699764166666654e-09,-1.574504708333332e-09,-1.5650635916666689e-09,-0.004542783996333543,-1.56883185e-09,-1.5798759999999993e-09,-1.5714934499999998e-09,-1.5741767583333316e-09
Bienville County,5.718565833333304e-10,5.710517083333324e-10,5.694552083333313e-10,5.640449666666632e-10,5.680373749999971e-10,5.706228333333334e-10,5.706669499999978e-10,0.034390638736985626,-0.025143858000297253,5.706712499999992e-10,5.698323499999981e-10,5.704187500000014e-10,0.004260681537844583,5.697836250000004e-10,5.702455416666674e-10,0.01653061853980796,5.705969166666681e-10,5.704918749999987e-10,5.703924583333332e-10,5.705240499999986e-10,5.705721250000019e-10,5.697033333333331e-10,5.709992083333355e-10,-0.016573887485357867,0.004246558334677083,5.688994916666659e-10,-0.03615797608313537,5.7042779166667e-10,-0.018226631666637915,5.70358208333333e-10,5.703141250000008e-10,0.03308385995217835,5.70097041666668e-10,5.708092499999985e-10,5.707838749999975e-10,5.704742500000026e-10,5.69321425000002e-10,5.70474408333332e-10,5.712627499999959e-10,5.696149583333335e-10,5.704519999999996e-10,0.004617884444843584,5.705818333333335e-10,5.701331666666667e-10,5.702859999999997e-10,5.699628333333314e-10,5.708287916666672e-10,5.695513333333326e-10,5.70459500000002e-10,-0.03880234933319221,-0.004191701235105291,0.08918061666666666,5.745473750000011e-10,5.706294999999983e-10,-0.021267687583689493,5.704034999999974e-10,5.704701250000025e-10,5.704706666666667e-10,5.69903624999999e-10,5.707007499999987e-10,-0.02594667466694812,5.857872916666627e-10,5.703302916666671e-10,5.703655416666659e-10
Madison County,-1.8532647416666691e-09,-1.8244356499999994e-09,-1.894599625e-09,-1.8076001083333338e-09,-1.8116130083333341e-09,0.009341568388517641,-1.8198860833333339e-09,-1.808474000000001e-09,-1.8129116500000002e-09,-1.8159520833333322e-09,-1.8284461750000027e-09,-1.8116735833333315e-09,-1.8224345416666683e-09,-1.8252606333333324e-09,-1.8250880333333336e-09,-1.8135809166666663e-09,-1.8177823999999986e-09,0.013523675628754003,-1.8306189583333336e-09,-1.8190212416666671e-09,-1.816040874999999e-09,-1.8085436666666677e-09,0.0019742399021131247,-1.8080256666666647e-09,-1.8145099416666667e-09,-1.8528562916666655e-09,0.003381684554250141,-1.817067025000001e-09,-1.815145608333332e-09,-1.8133242333333324e-09,-1.8150783583333312e-09,-1.8143847250000012e-09,-1.819883633333334e-09,-1.8113255083333335e-09,-1.8146030833333323e-09,-0.002214472941666667,-1.8257586416666658e-09,-1.8283812999999974e-09,-1.8076352166666652e-09,-1.844309375000002e-09,-1.818222066666666e-09,-1.8140759333333355e-09,0.005345747217828958,-1.8155500583333327e-09,-0.025914590184209944,-1.8230040666666666e-09,0.0037957918653104415,-1.8490872333333325e-09,-1.8071530416666674e-09,-1.8021624333333346e-09,-1.8183080749999987e-09,-1.7834918750000027e-09,0.07815622749999984,-1.813725674999997e-09,-1.8165868166666682e-09,0.013551115895534567,0.009111587424785917,-1.8132448416666654e-09,0.0029694178823831997,0.016283759276265602,0.007072355164627226,-0.09134528107253745,-1.8167007250000016e-09,-0.04503275302587148
West Carroll County,3.1349893333333334e-09,3.205091791666669e-09,3.0864376333333314e-09,3.2207521666666677e-09,3.2091348750000037e-09,0.0023476612143974664,3.228539208333339e-09,3.220562083333337e-09,3.225722458333337e-09,3.2369132083333317e-09,3.210345291666671e-09,0.001954122455094008,3.2129020833333353e-09,3.2089960500000037e-09,3.210113758333336e-09,3.2316530833333337e-09,3.2302783750000004e-09,0.024418564827014835,3.181151166666665e-09,3.23156633333333e-09,3.2375039166666682e-09,3.21319854166667e-09,0.01362077573937275,3.234158083333338e-09,3.228309041666664e-09,0.0027670666253575833,3.2301034166666683e-09,3.23164375e-09,0.008181309031989508,3.241253416666669e-09,3.2358705000000017e-09,3.1708582083333353e-09,0.00460223400348554,-0.04493375185249771,3.2359184166666674e-09,0.005888122194000583,3.2100365833333334e-09,3.1998273333333323e-09,3.227419991666666e-09,3.175128791666665e-09,3.2291508333333327e-09,3.241439833333329e-09,3.2200392499999985e-09,3.2282269166666673e-09,-0.024815773506816626,3.196502541666668e-09,0.0028984685443894996,3.155793666666665e-09,0.004193289807551125,3.2369971250000023e-09,3.2284881666666638e-09,3.2171978333333307e-09,0.020677804949171333,0.023946059166666922,0.005100761696423626,0.0026946695575402165,0.006086528361488709,3.240407583333337e-09,3.2185211666666646e-09,3.2369493333333337e-09,3.232743908333331e-09,-0.07129029683333334,3.2370563749999955e-09,0.011662395951928455
Claiborne County,-1.331227800000002e-09,-1.334312166666667e-09,0.003135535446736083,-1.3346653666666654e-09,-1.3346107500000025e-09,-1.3347873666666662e-09,-1.3349118333333323e-09,-1.3299741333333332e-09,-1.3339667083333333e-09,-1.334956258333332e-09,-1.3345175833333315e-09,-1.3351209666666667e-09,-1.3345877083333311e-09,-1.3339353749999977e-09,-1.3344920416666676e-09,-1.3351448749999995e-09,-1.335040833333332e-09,0.012422700868721043,-1.3333896999999963e-09,-1.334914958333332e-09,-1.334914133333333e-09,-1.3338162083333317e-09,0.009839127113333875,-0.043783084523325744,-1.334825791666664e-09,-1.3325387083333347e-09,-0.06340423784379673,-1.3351776666666665e-09,-1.3351026666666675e-09,-1.3349878833333359e-09,0.007409214856433625,-1.3339192916666645e-09,0.0070428563425745825,-1.3349434916666668e-09,-1.3348050333333346e-09,0.006334302363570292,-1.3344730000000024e-09,-1.3346670416666638e-09,-0.05327073943490395,0.006719092610008335,-1.334997624999998e-09,-1.3351328916666676e-09,-1.3345319166666683e-09,-1.334942249999999e-09,-1.3350152499999991e-09,0.006918715107672626,-1.3341869583333316e-09,-1.332862500000002e-09,0.005643885888594042,-1.331579916666667e-09,-1.3350599583333336e-09,-0.042399039433802084,-1.326502791666666e-09,-1.3346752083333342e-09,0.10205903666666671,0.004899262359519201,0.0077523171909305,-1.3349277083333336e-09,-1.3346558750000008e-09,0.015780554856271785,-1.335094541666666e-09,-1.2602508249999987e-09,-1.3350509916666663e-09,0.0069006229410912496
Caldwell County,-3.067338749999998e-10,-3.1049470833332983e-10,-3.055973750000015e-10,-3.1436270833333365e-10,-3.11490925e-10,-3.1157170833333235e-10,-3.1054985000000153e-10,-0.013084801732368123,-3.1218054166666675e-10,-3.1064020833333155e-10,-3.099679583333315e-10,0.006273623980844333,-3.101584166666653e-10,-3.1127442499999883e-10,-3.1055844999999766e-10,0.0071938917453438335,-3.108897083333333e-10,-3.1055165833333227e-10,-3.102164666666681e-10,-3.1097824999999913e-10,-3.112286666666665e-10,-3.1024579166666957e-10,-3.065877166666669e-10,0.02374711127110704,-3.10749666666666e-10,-3.0940045833333257e-10,-3.1049399999999944e-10,-3.1095137499999925e-10,-3.111482916666694e-10,-3.1117291666666774e-10,-3.1131230833333403e-10,0.013934653027609585,-3.110137500000005e-10,0.005881500479027207,-3.1104395833333204e-10,-0.0414026499148665,-3.1079391666666604e-10,-3.100262500000017e-10,0.015392071979400668,0.003963086833162259,0.013424327188293665,-3.108324166666651e-10,-3.105038416666683e-10,0.004548578647581375,-0.04862410699857675,0.008447732980375043,-3.102560416666654e-10,-3.0977187500000045e-10,-3.110858749999991e-10,-0.009744523721029874,-0.026156831914566293,0.01618874038472696,-3.138235833333318e-10,-3.1106683333333395e-10,-3.1013816666666463e-10,-0.0029069466666669097,-3.1078682499999725e-10,-0.017000433122943998,0.009316278481400785,0.004940625250000007,0.025668061897820792,-3.165901666666666e-10,-3.1097512500000103e-10,-3.103115000000025e-10
St. Helena County,-5.639299166666654e-10,-0.024598767998247544,-5.609452750000012e-10,-5.680432083333345e-10,-5.696479416666671e-10,-5.726896666666677e-10,-5.725093333333326e-10,-5.72143958333334e-10,0.006633867881957292,-0.044790338248402256,-5.72078166666668e-10,-5.71698625000002e-10,-0.05949581833192955,-5.723379583333362e-10,-5.721394166666668e-10,-5.730893749999995e-10,-5.729859500000009e-10,0.004392113464244165,-5.673029833333347e-10,-5.729751250000003e-10,0.005124905528648666,0.014046562018973002,0.019436779099870707,-5.734619583333355e-10,0.026080905675232333,-5.673795000000029e-10,-5.723303750000008e-10,-5.730142500000016e-10,-5.732395833333346e-10,-5.729878750000003e-10,-5.719132499999997e-10,-5.699946333333317e-10,0.003410970708306,-5.728659583333342e-10,-5.731757916666675e-10,-5.768453666666689e-10,-5.72752358333336e-10,-5.722965083333321e-10,-5.727749166666659e-10,-5.672915250000017e-10,-5.726381250000004e-10,0.013041245703182418,-0.07020986433070993,0.02434003488805612,-5.73078708333335e-10,-5.713169916666673e-10,-5.702913749999993e-10,-5.687562916666666e-10,0.005800789130676792,-5.727213750000013e-10,-5.725773750000017e-10,-5.706633333333331e-10,-5.780099166666671e-10,-5.734606250000012e-10,0.026354043888843832,0.006483174713908333,0.019688731666666626,-5.732256250000024e-10,-5.729290833333365e-10,-5.729302916666654e-10,0.00877988098192621,-5.934483749999993e-10,-5.731809583333337e-10,0.015480783638583375
Catahoula County,-1.9481975750000017e-09,0.005418210978716791,-1.9337030000000023e-09,-1.9629767416666665e-09,0.008980794061118744,-1.984007125e-09,-1.98361205e-09,0.003244564205013991,-1.9783286833333324e-09,0.0023370555335340336,-1.983572333333334e-09,-1.9873001750000017e-09,-1.986212258333333e-09,-1.980513316666667e-09,0.0012013790369087836,-1.9830333416666675e-09,-1.9845852499999994e-09,-1.986269108333332e-09,-1.955807433333335e-09,0.001837139496988667,-1.987989441666665e-09,-1.9791430166666653e-09,-1.9672658e-09,-1.985622266666666e-09,0.00359020528408565,-1.9403473999999994e-09,-1.9800408083333334e-09,-0.004885956862478559,0.015686638888783275,-1.9876488916666673e-09,-1.988175699999999e-09,0.0012996893061369668,-1.981645925e-09,0.030974682770551796,-1.987561558333332e-09,-0.023250740021440473,-1.978978741666667e-09,-1.9704247916666667e-09,0.020443337600370655,-1.9707240083333323e-09,-1.9778153916666676e-09,-1.9876179083333326e-09,-1.978646625000002e-09,-1.984005133333332e-09,-1.984212691666667e-09,-1.976266800000002e-09,-1.980120108333333e-09,-1.952624583333335e-09,-0.042146798922698854,-1.990007558333334e-09,-1.9918031583333325e-09,-1.9890404416666683e-09,-1.9863546999999985e-09,-1.98719185e-09,-1.970463975e-09,-0.011780472354034548,-1.9846132083333335e-09,0.027547287500000017,-1.9800342333333326e-09,-0.02547633309094954,-1.9831485749999984e-09,-1.9998395833333337e-09,0.004257325447253793,-0.019277905296735585
West Feliciana County,-1.0183123333333123e-10,-1.1046591666666722e-10,-9.69629500000014e-11,-1.100155750000019e-10,-1.1378206666666635e-10,-1.1575057499999867e-10,-1.1516325000000129e-10,-1.1886975833333507e-10,-1.1124734166666693e-10,-1.1716969999999982e-10,-1.1599345000000123e-10,0.007091720366486884,0.0028064171163895,-1.1362928333333257e-10,-1.1607578333333324e-10,-1.1625378333333373e-10,-1.1663678333333505e-10,-1.1666945833333182e-10,-1.145533750000025e-10,-1.170601583333323e-10,-1.1555182499999901e-10,0.01015668618442571,-1.0991162500000267e-10,-1.1846983333333456e-10,-1.1634610833333214e-10,-1.0595010833333354e-10,-1.170750333333333e-10,-0.003517537427132042,-1.1745982500000007e-10,-1.1602745000000049e-10,-1.1323650833333516e-10,0.004695087753062166,0.008284994122107758,0.009650568017645543,-1.16774916666665e-10,-1.259760833333343e-10,-0.0015313437687275834,-1.1614103333333336e-10,-1.187418749999993e-10,-1.1394033333333329e-10,-1.159232833333326e-10,-1.1694924166666638e-10,-0.05326291535988612,-0.11859781844323862,-1.1703804166666657e-10,0.011271213027054926,0.009478559322375383,-1.1426758333333586e-10,-0.0005327864765337521,-1.1519183333333353e-10,-1.1251891666666819e-10,-1.0428521666666734e-10,-1.2779549166666872e-10,-1.181341916666661e-10,-1.165798666666665e-10,0.013074138184069035,0.012089110267372716,0.004588339276773426,0.07807604583333339,0.006179536205525883,-1.169733249999972e-10,-2.040351666666638e-10,-1.1738865833333278e-10,-1.1687520000000024e-10
La Salle County,-1.863005958333336e-09,-1.858663783333332e-09,-1.8682768500000003e-09,-1.8590116333333296e-09,-1.859521591666666e-09,0.009042404964118166,-1.857470333333328e-09,0.02991409463281075,-1.8567880416666657e-09,-1.8567500416666668e-09,-1.8561106916666656e-09,-0.020917183034844494,-1.8579354000000034e-09,-1.858515008333333e-09,-1.8564690416666698e-09,-1.8563865916666659e-09,-1.8570569999999964e-09,-1.8576254583333299e-09,-1.8576568499999981e-09,-1.857129583333331e-09,-1.8577267083333332e-09,0.006797089317179365,-1.8607615500000002e-09,0.009224018369266835,-1.8561284250000002e-09,-1.8604565500000022e-09,-1.8559045749999975e-09,-0.008324744259081416,-1.8568704999999981e-09,-1.8577787500000006e-09,-1.8581838333333304e-09,0.001319344474428817,-1.8574922583333304e-09,-1.8577330833333265e-09,-1.8565938749999989e-09,-1.8544968416666665e-09,-1.8566016499999993e-09,-1.85679625e-09,0.02534495114000321,-1.8574767750000024e-09,-1.857048208333332e-09,-1.8571613749999994e-09,-1.8566934500000004e-09,-1.857133333333338e-09,-1.8571138749999975e-09,-1.8569074249999987e-09,-0.075334613481274,-1.8620588749999972e-09,-1.8554821249999977e-09,-1.858711891666666e-09,-0.014904002245509126,-1.8616002000000003e-09,-1.8551474166666617e-09,-1.856382008333328e-09,-1.8561082916666682e-09,-0.010613295678289492,-1.856426666666665e-09,-0.04067288424189517,0.00997136880219099,0.07915360916666692,-1.8570264583333308e-09,-1.8957978666666654e-09,-1.8573665416666648e-09,-1.8566176083333304e-09
Red River County,0.004224258926103517,1.4407712083333336e-09,1.4397228833333332e-09,0.006376549923536033,-0.01065253841994889,1.4432935749999981e-09,1.4429020833333309e-09,1.4367374416666654e-09,0.0005793580498697336,1.443993283333333e-09,1.4446692333333325e-09,1.4462754333333334e-09,0.006635778209188616,1.4418247833333332e-09,1.4443269416666677e-09,1.4438411583333329e-09,1.4438702833333318e-09,1.443623908333333e-09,1.4456602250000015e-09,1.444099616666666e-09,1.4434857416666651e-09,1.4432753250000022e-09,0.0036693002540104337,0.007353380479052968,1.4442497666666667e-09,1.4446090333333299e-09,1.4434314583333321e-09,1.4435461999999997e-09,-0.08507919834797222,1.4437604500000001e-09,1.442662241666664e-09,0.032732001225087085,1.4436743666666653e-09,1.4430790916666687e-09,1.4424800750000019e-09,1.4322749250000004e-09,0.014958657435655732,-0.062029292245667736,1.434858441666667e-09,1.446328916666666e-09,1.4434352333333346e-09,0.0082100044386237,1.4430940916666643e-09,0.0046811810049066154,1.443981616666664e-09,0.023480524310105402,1.4439194499999987e-09,1.4453133666666666e-09,0.004788587739359483,0.007266897817069485,1.439408483333334e-09,-0.013641724250164999,1.4189300916666692e-09,1.4431946916666633e-09,1.4446666833333326e-09,1.4425234250000016e-09,1.4443252833333337e-09,1.4420478250000022e-09,1.4431717749999974e-09,0.011601351685154826,0.030267520000000214,1.2931003166666662e-09,1.4437245333333341e-09,0.004577292961779825
East Carroll County,-3.494970833333333e-09,-3.582770308333331e-09,-3.461146408333334e-09,-3.554380575e-09,0.0011121340096370833,-3.5971431833333323e-09,-3.5954041333333313e-09,-3.5843227166666664e-09,-3.5847417416666673e-09,-3.604584125000001e-09,-3.5842348583333314e-09,0.002162110778965958,-3.5895388000000004e-09,-3.580465516666667e-09,-3.5837748499999986e-09,-3.5935148750000002e-09,-3.5963955249999995e-09,0.004969711455032391,-3.5321546166666664e-09,-3.6033138e-09,0.0050379534079211,-3.5643353250000003e-09,-3.542089399999999e-09,0.002048233719383583,-3.581453308333333e-09,-3.4704901500000014e-09,-3.5882340000000014e-09,-3.594034158333335e-09,0.022552678827312083,-3.605900733333334e-09,-3.6050699749999994e-09,-3.5247398999999975e-09,-3.594605441666665e-09,0.0033331807318602333,-3.6038254e-09,-3.593687641666665e-09,-3.578999391666664e-09,-3.5591542666666646e-09,0.003586088201243776,-3.5525176833333328e-09,-3.5869216416666657e-09,-3.606921224999998e-09,0.0075447144771649995,-3.5928639000000016e-09,-0.001073538242022159,-3.564417241666667e-09,0.011410548674253583,-3.5231324500000004e-09,-3.594378933333332e-09,0.008411511302924958,-3.610066975000001e-09,-3.5740136166666658e-09,-0.056049861354963246,-0.11167922598142535,-3.5612037833333323e-09,0.0056213735636413175,-3.5944030249999996e-09,-3.607850758333333e-09,0.001347304557252925,-3.603387100000001e-09,-3.5946047583333317e-09,0.0896652174999999,-3.6030649666666662e-09,-3.6060614583333325e-09
Cameron County,6.061607499999997e-10,6.006266666666645e-10,6.073345749999971e-10,6.065431666666678e-10,0.005757448068704793,6.033816666666642e-10,-0.06276954770393493,5.991834166666684e-10,0.011565746875946711,0.005568015255034584,6.062529583333345e-10,0.0062637888232550416,6.01570749999999e-10,6.027876583333316e-10,6.042719583333349e-10,6.033540000000009e-10,6.029872499999973e-10,6.026634583333351e-10,6.062815416666651e-10,0.007866297504191749,-0.08175363126838872,6.080313750000009e-10,6.071651250000018e-10,6.011426666666685e-10,6.053909916666699e-10,6.084190833333322e-10,6.049054166666677e-10,0.007918807087950874,0.0046981663903203,0.006227816420574457,6.02581666666664e-10,6.073236333333329e-10,0.027464047121100624,6.007725833333332e-10,-0.025835429771495964,5.994100500000034e-10,0.0024879850592610833,0.015438681723606207,5.998842333333338e-10,6.096157166666637e-10,0.005636237306768166,0.004640152142845917,0.01238953660295071,6.038925833333286e-10,6.03157041666665e-10,6.056500000000015e-10,6.044210416666692e-10,6.053099166666676e-10,6.059536583333317e-10,5.955573749999999e-10,5.97306908333334e-10,5.625644166666685e-10,0.02821632002440483,6.040984999999983e-10,6.07600425e-10,6.005801666666645e-10,6.043810833333321e-10,6.028581666666644e-10,6.056251666666647e-10,6.032908333333328e-10,6.038712583333313e-10,0.015554706000657751,0.0026648083333333794,6.040789999999987e-10
Tensas County,-1.8564990249999992e-09,-1.878547125e-09,-1.851923991666667e-09,-1.869405066666668e-09,-1.868187733333334e-09,0.00621470708875284,-1.8775799166666674e-09,-1.8752422416666662e-09,-1.874169333333334e-09,-1.8806122083333335e-09,-1.877564208333332e-09,0.003132619862586317,-1.878956266666666e-09,-1.8760380333333325e-09,-1.8755533416666653e-09,-1.876882216666666e-09,-1.8785537249999994e-09,0.0012445989640098003,-1.860845125e-09,-1.8802838000000004e-09,-1.8792727916666665e-09,-1.872597408333333e-09,-1.8710048833333336e-09,-1.8770875166666692e-09,-1.8736982083333365e-09,-1.8510257416666676e-09,-1.8742353999999997e-09,-1.877296591666665e-09,-1.880640191666669e-09,-1.8787249249999994e-09,-1.880459074999999e-09,-1.8625670250000004e-09,-1.8773326e-09,0.0031385982373274748,-1.8801196750000015e-09,-0.031752279178536694,-1.874732716666667e-09,0.0016677511263978085,-1.8762415749999994e-09,0.003952513423019458,0.0093569969016762,-1.8787205666666654e-09,-1.8730078583333323e-09,-1.8766979499999997e-09,-1.878581883333332e-09,-1.872135858333333e-09,-1.8761084749999983e-09,0.0016603903205779753,0.00024034675882347346,-1.8766661416666685e-09,0.005770011542658825,-1.8634388500000016e-09,-0.08211129304445502,-1.8792614666666666e-09,0.006063983123876876,0.01143058502864094,0.014982240216577451,-0.040119402913781965,0.008222270080881867,0.011135558427966501,0.005344456696103883,-1.8740108750000013e-09,-1.8798627e-09,0.06042540750000014
