"date","state","new_cases"
"2020-03-04T00:00:00.000","AR","0"
"2020-03-04T00:00:00.000","MS","0"
"2020-03-04T00:00:00.000","TX","0"
"2020-03-11T00:00:00.000","AR","8"
"2020-03-11T00:00:00.000","MS","0"
"2020-03-11T00:00:00.000","TX","21"
"2020-03-18T00:00:00.000","AR","70"
"2020-03-18T00:00:00.000","MS","34"
"2020-03-18T00:00:00.000","TX","156"
"2020-03-25T00:00:00.000","AR","279"
"2020-03-25T00:00:00.000","MS","343"
"2020-03-25T00:00:00.000","TX","925"
"2020-04-01T00:00:00.000","AR","374"
"2020-04-01T00:00:00.000","MS","695"
"2020-04-01T00:00:00.000","TX","2421"
"2020-04-08T00:00:00.000","AR","490"
"2020-04-08T00:00:00.000","MS","934"
"2020-04-08T00:00:00.000","TX","4003"
"2020-04-15T00:00:00.000","AR","668"
"2020-04-15T00:00:00.000","MS","1354"
"2020-04-15T00:00:00.000","TX","4321"
"2020-04-22T00:00:00.000","AR","901"
"2020-04-22T00:00:00.000","MS","1538"
"2020-04-22T00:00:00.000","TX","4237"
"2020-04-29T00:00:00.000","AR","699"
"2020-04-29T00:00:00.000","MS","1667"
"2020-04-29T00:00:00.000","TX","6041"
"2020-05-06T00:00:00.000","AR","649"
"2020-05-06T00:00:00.000","MS","1861"
"2020-05-06T00:00:00.000","TX","6611"
"2020-05-13T00:00:00.000","AR","723"
"2020-05-13T00:00:00.000","MS","1665"
"2020-05-13T00:00:00.000","TX","7609"
"2020-05-20T00:00:00.000","AR","925"
"2020-05-20T00:00:00.000","MS","1881"
"2020-05-20T00:00:00.000","TX","7590"
"2020-05-27T00:00:00.000","AR","1042"
"2020-05-27T00:00:00.000","MS","2078"
"2020-05-27T00:00:00.000","TX","5366"
"2020-06-03T00:00:00.000","AR","1876"
"2020-06-03T00:00:00.000","MS","2272"
"2020-06-03T00:00:00.000","TX","7845"
"2020-06-10T00:00:00.000","AR","2724"
"2020-06-10T00:00:00.000","MS","2164"
"2020-06-10T00:00:00.000","TX","21117"
"2020-06-17T00:00:00.000","AR","2682"
"2020-06-17T00:00:00.000","MS","2149"
"2020-06-17T00:00:00.000","TX","18944"
"2020-06-24T00:00:00.000","AR","4294"
"2020-06-24T00:00:00.000","MS","2799"
"2020-06-24T00:00:00.000","TX","29179"
"2020-07-01T00:00:00.000","AR","3365"
"2020-07-01T00:00:00.000","MS","4467"
"2020-07-01T00:00:00.000","TX","46674"
"2020-07-08T00:00:00.000","AR","3449"
"2020-07-08T00:00:00.000","MS","4988"
"2020-07-08T00:00:00.000","TX","50227"
"2020-07-15T00:00:00.000","AR","4108"
"2020-07-15T00:00:00.000","MS","5632"
"2020-07-15T00:00:00.000","TX","63779"
"2020-07-22T00:00:00.000","AR","4649"
"2020-07-22T00:00:00.000","MS","8551"
"2020-07-22T00:00:00.000","TX","59348"
"2020-07-29T00:00:00.000","AR","5594"
"2020-07-29T00:00:00.000","MS","8732"
"2020-07-29T00:00:00.000","TX","55386"
"2020-08-05T00:00:00.000","AR","5415"
"2020-08-05T00:00:00.000","MS","7655"
"2020-08-05T00:00:00.000","TX","58536"
"2020-08-12T00:00:00.000","AR","4779"
"2020-08-12T00:00:00.000","MS","5915"
"2020-08-12T00:00:00.000","TX","78709"
"2020-08-19T00:00:00.000","AR","4230"
"2020-08-19T00:00:00.000","MS","5182"
"2020-08-19T00:00:00.000","TX","59198"
"2020-08-26T00:00:00.000","AR","3913"
"2020-08-26T00:00:00.000","MS","5542"
"2020-08-26T00:00:00.000","TX","32903"
"2020-09-02T00:00:00.000","AR","4444"
"2020-09-02T00:00:00.000","MS","4273"
"2020-09-02T00:00:00.000","TX","31176"
"2020-09-09T00:00:00.000","AR","4874"
"2020-09-09T00:00:00.000","MS","3432"
"2020-09-09T00:00:00.000","TX","23266"
"2020-09-16T00:00:00.000","AR","4935"
"2020-09-16T00:00:00.000","MS","3431"
"2020-09-16T00:00:00.000","TX","36350"
"2020-09-23T00:00:00.000","AR","5589"
"2020-09-23T00:00:00.000","MS","3337"
"2020-09-23T00:00:00.000","TX","35316"
"2020-09-30T00:00:00.000","AR","5539"
"2020-09-30T00:00:00.000","MS","3620"
"2020-09-30T00:00:00.000","TX","27697"
"2020-10-07T00:00:00.000","AR","5183"
"2020-10-07T00:00:00.000","MS","4050"
"2020-10-07T00:00:00.000","TX","24971"
"2020-10-14T00:00:00.000","AR","6206"
"2020-10-14T00:00:00.000","MS","4576"
"2020-10-14T00:00:00.000","TX","24682"
"2020-10-21T00:00:00.000","AR","6427"
"2020-10-21T00:00:00.000","MS","5306"
"2020-10-21T00:00:00.000","TX","34157"
"2020-10-28T00:00:00.000","AR","7040"
"2020-10-28T00:00:00.000","MS","5494"
"2020-10-28T00:00:00.000","TX","44225"
"2020-11-04T00:00:00.000","AR","7168"
"2020-11-04T00:00:00.000","MS","4660"
"2020-11-04T00:00:00.000","TX","41803"
"2020-11-11T00:00:00.000","AR","10652"
"2020-11-11T00:00:00.000","MS","7118"
"2020-11-11T00:00:00.000","TX","57949"
"2020-11-18T00:00:00.000","AR","11340"
"2020-11-18T00:00:00.000","MS","8001"
"2020-11-18T00:00:00.000","TX","62126"
"2020-11-25T00:00:00.000","AR","12594"
"2020-11-25T00:00:00.000","MS","8240"
"2020-11-25T00:00:00.000","TX","97579"
"2020-12-02T00:00:00.000","AR","11911"
"2020-12-02T00:00:00.000","MS","11232"
"2020-12-02T00:00:00.000","TX","92464"
"2020-12-09T00:00:00.000","AR","15149"
"2020-12-09T00:00:00.000","MS","13804"
"2020-12-09T00:00:00.000","TX","96907"
"2020-12-16T00:00:00.000","AR","15451"
"2020-12-16T00:00:00.000","MS","14971"
"2020-12-16T00:00:00.000","TX","121612"
"2020-12-23T00:00:00.000","AR","14873"
"2020-12-23T00:00:00.000","MS","14682"
"2020-12-23T00:00:00.000","TX","133398"
"2020-12-30T00:00:00.000","AR","15229"
"2020-12-30T00:00:00.000","MS","12730"
"2020-12-30T00:00:00.000","TX","114742"
"2021-01-06T00:00:00.000","AR","19429"
"2021-01-06T00:00:00.000","MS","15180"
"2021-01-06T00:00:00.000","TX","150087"
